cell_line	rbp	element	subfamily	orientation	n_peaks_rbp	loci_in_cat	bg_loci_in_cat	n_peaks_bg	pooled_loci_in_cat	fold_enrichment	p_fisher_greater	q_BH
HepG2	HNRNPC	Alu	AluSc	antisense	12825	287	214	924727	501	96.6995	0.000e+00	0.000e+00
HepG2	HNRNPC	Alu	AluSx1	antisense	12825	897	714	924727	1611	90.5838	0.000e+00	0.000e+00
HepG2	HNRNPC	Alu	AluSz6	antisense	12825	479	393	924727	872	87.8818	0.000e+00	0.000e+00
HepG2	HNRNPC	Alu	AluSx3	antisense	12825	259	219	924727	478	85.2731	0.000e+00	0.000e+00
HepG2	HNRNPC	Alu	AluSx	antisense	12825	938	811	924727	1749	83.3946	0.000e+00	0.000e+00
HepG2	ILF3	Alu	AluJb	sense	7515	601	904	930037	1505	82.2768	0.000e+00	0.000e+00
HepG2	HNRNPC	Alu	AluY	antisense	12825	309	271	924727	580	82.2139	0.000e+00	0.000e+00
HepG2	HNRNPC	Alu	AluSz	antisense	12825	873	775	924727	1648	81.2211	0.000e+00	0.000e+00
HepG2	HNRNPC	Alu	AluSg	antisense	12825	258	234	924727	492	79.4987	0.000e+00	0.000e+00
HepG2	ILF3	Alu	AluJr	sense	7515	332	558	930037	890	73.6334	0.000e+00	0.000e+00
HepG2	ILF3	Alu	AluJo	sense	7515	259	475	930037	734	67.4804	0.000e+00	0.000e+00
HepG2	HNRNPC	Alu	AluJb	antisense	12825	1309	1866	924727	3175	50.5806	0.000e+00	0.000e+00
HepG2	HNRNPC	Alu	AluJo	antisense	12825	706	1201	924727	1907	42.3856	0.000e+00	0.000e+00
HepG2	HNRNPC	Alu	AluJr	antisense	12825	659	1297	924727	1956	36.6355	0.000e+00	0.000e+00
HepG2	ILF3	Alu	AluJr	antisense	7515	409	1547	930037	1956	32.7193	0.000e+00	0.000e+00
HepG2	ILF3	Alu	AluJo	antisense	7515	379	1528	930037	1907	30.6964	0.000e+00	0.000e+00
HepG2	ILF3	Alu	AluJb	antisense	7515	571	2604	930037	3175	27.1373	0.000e+00	0.000e+00
HepG2	HNRNPC	Alu	AluSq2	antisense	12825	221	252	924727	473	63.2336	1.945e-274	3.836e-271
HepG2	ILF3	Alu	AluSz	antisense	7515	227	1421	930037	1648	19.7698	1.797e-197	3.358e-194
HepG2	ILF3	Alu	AluSx	sense	7515	160	395	930037	555	50.1296	7.796e-195	1.384e-191
HepG2	HNRNPC	Alu	AluJr4	antisense	12825	169	312	924727	481	39.0560	4.903e-184	8.289e-181
HepG2	HNRNPC	Alu	AluSp	antisense	12825	149	180	924727	329	59.6856	7.851e-183	1.267e-179
HepG2	ILF3	Alu	AluSz	sense	7515	148	354	930037	502	51.7404	5.600e-182	8.644e-179
HepG2	ILF3	Alu	AluSx1	antisense	7515	211	1400	930037	1611	18.6520	6.430e-179	9.511e-176
HepG2	HNRNPC	Alu	AluSc8	antisense	12825	132	113	924727	245	84.2271	1.402e-175	1.991e-172
HepG2	HNRNPL	L1	L1MC4	antisense	14585	205	668	922967	873	19.4204	2.570e-171	3.509e-168
HepG2	SUGP2	L1	L1MEc	antisense	33352	238	459	904200	697	14.0575	3.252e-160	4.276e-157
HepG2	ILF3	Alu	AluSx	antisense	7515	199	1550	930037	1749	15.8889	1.326e-156	1.682e-153
HepG2	HNRNPC	Alu	AluSq	antisense	12825	113	117	924727	230	69.6384	2.617e-144	3.204e-141
HepG2	ILF3	Alu	AluSx1	sense	7515	127	442	930037	569	35.5593	4.304e-139	5.093e-136
HepG2	ILF3	Alu	AluSz6	antisense	7515	131	741	930037	872	21.8788	1.615e-119	1.849e-116
HepG2	HNRNPC	Alu	AluSx4	antisense	12825	82	46	924727	128	128.5323	8.798e-119	9.761e-116
HepG2	ILF3	Alu	AluSz6	sense	7515	92	210	930037	302	54.2175	3.379e-115	3.635e-112
HepG2	SUGP2	L1	L1MEf	antisense	33352	149	268	904200	417	15.0728	2.968e-104	3.100e-101
HepG2	ILF3	Alu	AluJr4	sense	7515	72	105	930037	177	84.8622	2.001e-101	2.029e-98
HepG2	MATR3	L1	L1PA7	antisense	14172	102	254	923380	356	26.1647	5.964e-97	5.882e-94
HepG2	ILF3	Alu	AluJr4	antisense	7515	93	388	930037	481	29.6635	5.414e-96	5.195e-93
HepG2	SUGP2	L1	L1M4	antisense	33352	144	335	904200	479	11.6536	6.432e-89	6.009e-86
HepG2	MATR3	L1	L1MEc	antisense	14172	122	575	923380	697	13.8242	8.224e-88	7.487e-85
HepG2	SUGP2	L1	L1MEd	antisense	33352	142	369	904200	511	10.4329	1.369e-82	1.215e-79
HepG2	SUGP2	L1	L1PA7	antisense	33352	117	239	904200	356	13.2718	1.727e-77	1.495e-74
HepG2	ILF3	Alu	AluSq2	sense	7515	69	230	930037	299	37.1272	2.173e-77	1.837e-74
HepG2	HNRNPM	L1	L1M4	antisense	22936	115	364	914616	479	12.5985	9.701e-77	8.009e-74
HepG2	HNRNPC	Alu	AluSc5	antisense	12825	54	36	924727	90	108.1552	2.124e-76	1.713e-73
HepG2	HNRNPC	Alu	AluSg7	antisense	12825	52	45	924727	97	83.3196	5.842e-70	4.609e-67
HepG2	SUGP2	L1	L1MEg	antisense	33352	108	235	904200	343	12.4594	1.822e-69	1.406e-66
HepG2	PTBP1	Alu	AluJr	antisense	14033	164	1792	923519	1956	6.0228	9.900e-69	7.478e-66
HepG2	PTBP1	L1	L1MEd	antisense	14033	91	420	923519	511	14.2589	5.501e-67	4.069e-64
HepG2	HNRNPM	L1	L1PA16	antisense	22936	80	161	914616	241	19.8146	3.766e-66	2.728e-63
HepG2	PTBP1	Alu	AluJb	antisense	14033	204	2971	923519	3175	4.5188	2.156e-65	1.531e-62
HepG2	HNRNPL	L1	L1MB3	antisense	14585	94	485	922967	579	12.2650	7.077e-64	4.926e-61
HepG2	MATR3	L1	L1MEd	antisense	14172	88	423	923380	511	13.5548	3.481e-63	2.376e-60
HepG2	HNRNPM	L1	L1M2	antisense	22936	82	198	914616	280	16.5147	8.956e-63	5.999e-60
HepG2	SUGP2	L1	L1M1	antisense	33352	86	148	904200	234	15.7536	4.169e-62	2.741e-59
HepG2	QKI	L1	L1MA4	antisense	15371	79	291	922181	370	16.2873	7.199e-62	4.647e-59
HepG2	HNRNPC	Alu	AluSg4	antisense	12825	44	34	924727	78	93.3104	8.245e-61	5.227e-58
HepG2	MATR3	L1	L1PA6	antisense	14172	63	156	923380	219	26.3127	1.202e-60	7.489e-58
HepG2	SUGP2	L1	L1PA6	antisense	33352	82	137	904200	219	16.2269	4.644e-60	2.842e-57
HepG2	SUGP2	L1	L1PA5	antisense	33352	81	133	904200	214	16.5111	8.675e-60	5.220e-57
HepG2	HNRNPM	L1	L1ME1	antisense	22936	120	620	914616	740	7.7181	9.107e-60	5.389e-57
HepG2	ILF3	Alu	AluSp	sense	7515	53	181	930037	234	36.2384	2.381e-59	1.386e-56
HepG2	MATR3	L1	L1MEf	antisense	14172	77	340	923380	417	14.7557	7.182e-58	4.112e-55
HepG2	ILF3	Alu	AluY	antisense	7515	70	510	930037	580	16.9863	7.448e-58	4.197e-55
HepG2	MATR3	L1	L1PB1	antisense	14172	65	214	923380	279	19.7901	5.499e-56	3.051e-53
HepG2	SUGP2	L1	L1MA3	antisense	33352	90	221	904200	311	11.0406	1.195e-54	6.527e-52
HepG2	SUGP2	L1	L1ME1	antisense	33352	135	605	904200	740	6.0495	1.371e-54	7.372e-52
HepG2	HNRNPK	L1	L1MB7	antisense	9867	79	649	927685	728	11.4445	8.848e-53	4.688e-50
HepG2	HNRNPL	L1	L1MB8	antisense	14585	75	369	922967	444	12.8622	1.333e-52	6.959e-50
HepG2	ILF3	Alu	AluSx3	antisense	7515	61	417	930037	478	18.1036	4.119e-52	2.119e-49
HepG2	MATR3	L1	L1PA5	antisense	14172	56	158	923380	214	23.0930	1.562e-51	7.922e-49
HepG2	HNRNPL	L1	L1MC1	antisense	14585	68	304	922967	372	14.1552	3.305e-50	1.653e-47
HepG2	MATR3	L1	L1M1	antisense	14172	56	178	923380	234	20.4983	3.621e-49	1.786e-46
HepG2	ILF3	Alu	AluSq2	antisense	7515	58	415	930037	473	17.2962	1.277e-48	6.210e-46
HepG2	SUGP2	L1	L1M2	antisense	33352	80	200	904200	280	10.8443	2.664e-48	1.278e-45
HepG2	HNRNPM	L1	L1MEc	antisense	22936	103	594	914616	697	6.9147	1.084e-47	5.130e-45
HepG2	QKI	L1	L1MC5a	antisense	15371	66	293	922181	359	13.5142	1.514e-47	7.074e-45
HepG2	MATR3	L1	L1M4	antisense	14172	71	408	923380	479	11.3383	1.046e-46	4.824e-44
HepG2	MATR3	L1	L1PA15	antisense	14172	54	180	923380	234	19.5466	1.484e-46	6.754e-44
HepG2	HNRNPM	L1	L1MDa	antisense	22936	60	147	914616	207	16.2763	4.315e-46	1.939e-43
HepG2	QKI	L1	L1MA3	antisense	15371	61	250	922181	311	14.6387	7.974e-46	3.539e-43
HepG2	ILF3	Alu	AluSg	sense	7515	39	120	930037	159	40.2212	1.376e-45	6.030e-43
HepG2	PTBP1	Alu	AluJo	antisense	14033	130	1777	923519	1907	4.8145	5.636e-45	2.440e-42
HepG2	SUGP2	L1	L1MC4	antisense	33352	133	740	904200	873	4.8726	1.159e-44	4.958e-42
HepG2	HLTF	L1	L1MEc	sense	14672	35	34	922880	69	64.7508	2.056e-44	8.690e-42
HepG2	HNRNPM	L1	L1PB1	antisense	22936	66	213	914616	279	12.3562	2.465e-44	1.030e-41
HepG2	HNRNPL	L1	L1MC5a	antisense	14585	61	298	922967	359	12.9537	2.960e-43	1.222e-40
HepG2	U2AF2	L1	L1M5	antisense	26817	99	521	910735	620	6.4533	3.306e-43	1.349e-40
HepG2	XPO5	Alu	AluSx1	sense	7790	58	511	929762	569	13.5469	3.587e-43	1.447e-40
HepG2	SUGP2	L1	L1MDa	antisense	33352	65	142	904200	207	12.4099	2.091e-42	8.342e-40
HepG2	SUGP2	L1	L1PB1	antisense	33352	74	205	904200	279	9.7863	2.516e-42	9.927e-40
HepG2	SUGP2	L1	L1MCa	antisense	33352	65	143	904200	208	12.3231	2.935e-42	1.145e-39
HepG2	MATR3	L1	L1M2	antisense	14172	54	226	923380	280	15.5681	3.908e-42	1.492e-39
HepG2	SUGP2	L1	L1MA4	antisense	33352	84	286	904200	370	7.9626	3.875e-42	1.492e-39
HepG2	KHSRP	L1	L1ME4a	antisense	12425	59	345	925127	404	12.7332	7.958e-42	3.006e-39
HepG2	ILF3	Alu	AluSg	antisense	7515	53	439	930037	492	14.9411	1.305e-41	4.878e-39
HepG2	HNRNPM	L1	L1PA15	antisense	22936	59	175	914616	234	13.4442	1.617e-41	5.980e-39
HepG2	ILF3	Alu	AluY	sense	7515	42	215	930037	257	24.1759	5.193e-41	1.901e-38
HepG2	HNRNPK	L1	L1MB3	antisense	9867	61	518	927685	579	11.0717	2.200e-40	7.970e-38
HepG2	QKI	L1	L1MB7	antisense	15371	80	648	922181	728	7.4068	4.771e-40	1.711e-37
HepG2	QKI	L1	L1M5	antisense	15371	74	546	922181	620	8.1312	1.296e-39	4.601e-37
HepG2	HNRNPM	L1	L1PREC2	antisense	22936	45	81	914616	126	22.1538	1.410e-39	4.956e-37
HepG2	HLTF	L1	L1MDa	sense	14672	29	21	922880	50	86.8630	2.079e-39	7.238e-37
HepG2	HNRNPL	L1	L1ME4b	antisense	14585	53	241	922967	294	13.9168	3.546e-39	1.222e-36
HepG2	ILF3	Alu	AluSp	antisense	7515	44	285	930037	329	19.1064	5.959e-39	2.034e-36
HepG2	MATR3	L1	L1MA3	antisense	14172	53	258	923380	311	13.3846	1.752e-38	5.922e-36
HepG2	SUGP2	L1	L1MC1	antisense	33352	80	292	904200	372	7.4276	2.154e-38	7.214e-36
HepG2	SUGP2	L1	L1M4c	antisense	33352	52	95	904200	147	14.8396	3.133e-37	1.039e-34
HepG2	QKI	L1	L1MC4a	antisense	15371	53	255	922181	308	12.4695	5.626e-37	1.849e-34
HepG2	SUGP2	L1	L1MB7	antisense	33352	110	618	904200	728	4.8256	6.567e-37	2.139e-34
HepG2	QKI	L1	L1MC4	antisense	15371	83	790	922181	873	6.3033	8.222e-37	2.654e-34
HepG2	SUGP2	L1	L1PA15	antisense	33352	63	171	904200	234	9.9882	1.048e-36	3.353e-34
HepG2	MATR3	L1	L1MA4	antisense	14172	55	315	923380	370	11.3763	1.256e-36	3.981e-34
HepG2	XPO5	Alu	AluSx	sense	7790	51	504	929762	555	12.0774	6.116e-36	1.922e-33
HepG2	HLTF	L1	L1ME1	sense	14672	41	132	922880	173	19.5374	1.162e-35	3.586e-33
HepG2	HNRNPM	L1	L1MB7	antisense	22936	90	638	914616	728	5.6253	1.159e-35	3.586e-33
HepG2	PTBP1	L1	L1MEg	antisense	14033	52	291	923519	343	11.7600	2.316e-35	7.089e-33
HepG2	HNRNPL	L1	L1ME4a	antisense	14585	56	348	922967	404	10.1833	5.664e-35	1.719e-32
HepG2	PTBP1	Alu	AluSz	antisense	14033	106	1542	923519	1648	4.5239	8.128e-35	2.445e-32
HepG2	MATR3	L1	L1PA16	antisense	14172	45	196	923380	241	14.9591	9.751e-35	2.909e-32
HepG2	HNRNPM	L1	L1MA4A	antisense	22936	56	214	914616	270	10.4351	1.296e-34	3.835e-32
HepG2	HLTF	L1	L1MA3	sense	14672	25	17	922880	42	92.5011	1.406e-34	4.124e-32
HepG2	POLR2G	Alu	AluJb	antisense	509	35	3140	937043	3175	20.5201	9.772e-34	2.844e-31
HepG2	HNRNPM	L1	L1PA7	antisense	22936	62	294	914616	356	8.4094	1.557e-33	4.493e-31
HepG2	HNRNPL	L1	L1MC5	antisense	14585	54	344	922967	398	9.9338	2.665e-33	7.631e-31
HepG2	HLTF	L1	L1MEf	sense	14672	29	44	922880	73	41.4573	4.141e-33	1.176e-30
HepG2	HNRNPM	L1	L1MEf	antisense	22936	66	351	914616	417	7.4982	5.372e-33	1.514e-30
HepG2	QKI	L1	L1ME4a	antisense	15371	55	349	922181	404	9.4548	7.792e-33	2.178e-30
HepG2	HNRNPK	L1	L1MB8	antisense	9867	48	396	927685	444	11.3962	1.200e-32	3.327e-30
HepG2	SUGP2	L1	L1MCc	antisense	33352	47	93	904200	140	13.7012	1.299e-32	3.575e-30
HepG2	ILF3	Alu	AluSx3	sense	7515	32	158	930037	190	25.0648	4.595e-32	1.255e-29
HepG2	HLTF	L1	L1MB2	sense	14672	26	30	922880	56	54.5140	4.705e-32	1.275e-29
HepG2	MATR3	L1	L1MCa	antisense	14172	40	168	923380	208	15.5132	1.386e-31	3.728e-29
HepG2	QKI	L1	L1MA2	antisense	15371	41	166	922181	207	14.8180	1.608e-31	4.292e-29
HepG2	XPO5	Alu	AluJb	sense	7790	72	1433	929762	1505	5.9968	1.737e-31	4.602e-29
HepG2	ILF3	Alu	AluSc	sense	7515	28	104	930037	132	33.3193	3.094e-31	8.138e-29
HepG2	SUGP2	L1	L1PA16	antisense	33352	58	183	904200	241	8.5925	4.571e-31	1.193e-28
HepG2	MATR3	L1	L1MEg	antisense	14172	48	295	923380	343	10.6015	5.979e-31	1.549e-28
HepG2	MATR3	L1	L1PA10	antisense	14172	31	75	923380	106	26.9308	6.590e-31	1.695e-28
HepG2	SUGP2	L1	L1MD1	antisense	33352	58	186	904200	244	8.4539	9.314e-31	2.379e-28
HepG2	MATR3	L1	L1MC1	antisense	14172	49	323	923380	372	9.8842	2.558e-30	6.487e-28
HepG2	QKI	L1	L1MA8	antisense	15371	36	122	922181	158	17.7034	3.676e-30	9.255e-28
HepG2	HLTF	L1	L1M4	sense	14672	28	54	922880	82	32.6152	8.094e-30	2.024e-27
HepG2	HLTF	L1	L1MB7	sense	14672	35	124	922880	159	17.7542	1.754e-29	4.355e-27
HepG2	PTBP1	L1	L1MEc	antisense	14033	63	634	923519	697	6.5395	3.031e-29	7.473e-27
HepG2	SUGP2	L1	L1MA2	antisense	33352	52	155	904200	207	9.0952	5.417e-29	1.326e-26
HepG2	HNRNPM	L1	L1MA4	antisense	22936	58	312	914616	370	7.4130	5.651e-29	1.374e-26
HepG2	HNRNPK	L1	L1MB5	antisense	9867	37	242	927685	279	14.3748	9.502e-29	2.295e-26
HepG2	MATR3	L1	L1ME1	antisense	14172	64	676	923380	740	6.1685	2.257e-28	5.414e-26
HepG2	MATR3	L1	L1MDa	antisense	14172	37	170	923380	207	14.1808	3.914e-28	9.327e-26
HepG2	XPO5	Alu	AluJr	sense	7790	53	837	929762	890	7.5576	5.084e-28	1.203e-25
HepG2	HNRNPM	L1	L1MB5	antisense	22936	50	229	914616	279	8.7067	5.796e-28	1.363e-25
HepG2	MATR3	L1	L1MA4A	antisense	14172	40	230	923380	270	11.3313	4.984e-27	1.164e-24
HepG2	HNRNPL	L1	L1ME1	sense	14585	34	139	922967	173	15.4790	5.086e-27	1.180e-24
HepG2	HLTF	L1	L1MB3	sense	14672	29	83	922880	112	21.9774	6.812e-27	1.570e-24
HepG2	PTBP1	L1	L1MC4	antisense	14033	67	806	923519	873	5.4706	7.150e-27	1.638e-24
HepG2	SUGP2	L1	L1MA4A	antisense	33352	56	214	904200	270	7.0944	1.530e-26	3.481e-24
HepG2	HNRNPL	L1	L1ME2z	antisense	14585	34	146	922967	180	14.7369	2.036e-26	4.605e-24
HepG2	HLTF	L1	L1MEg	sense	14672	23	36	922880	59	40.1866	2.450e-26	5.506e-24
HepG2	UPF1	Alu	AluSz	sense	10488	45	457	927064	502	8.7039	3.543e-26	7.910e-24
HepG2	SUGP2	L1	L1MB2	antisense	33352	59	247	904200	306	6.4759	4.004e-26	8.884e-24
HepG2	QKI	L1	L1MA7	antisense	15371	34	141	922181	175	14.4668	4.044e-26	8.917e-24
HepG2	POLR2G	Alu	AluJr	antisense	509	25	1931	937043	1956	23.8341	5.226e-26	1.145e-23
HepG2	HNRNPM	L1	L1MCa	antisense	22936	42	166	914616	208	10.0893	6.976e-26	1.519e-23
HepG2	HLTF	L1	L1PA15	sense	14672	25	54	922880	79	29.1207	7.880e-26	1.706e-23
HepG2	HNRNPL	L1	L1MB7	antisense	14585	61	667	922967	728	5.7874	9.330e-26	2.008e-23
HepG2	QKI	L1	L1MC5	antisense	15371	47	351	922181	398	8.0335	1.439e-25	3.077e-23
HepG2	KHSRP	L1	L1M5	antisense	12425	52	568	925127	620	6.8165	2.783e-25	5.917e-23
HepG2	SUGP2	L1	L1MB4	antisense	33352	57	240	904200	297	6.4388	3.450e-25	7.267e-23
HepG2	SUGP2	Alu	AluJr	antisense	33352	169	1787	904200	1956	2.5639	3.460e-25	7.267e-23
HepG2	QKI	L1	L1MA9	antisense	15371	38	209	922181	247	10.9082	3.827e-25	7.993e-23
HepG2	SUGP2	L1	L1M4b	antisense	33352	44	132	904200	176	9.0369	1.088e-24	2.258e-22
HepG2	HNRNPL	L1	L1ME1	antisense	14585	60	680	922967	740	5.5837	1.256e-24	2.593e-22
HepG2	QKI	L1	L1ME3A	antisense	15371	41	265	922181	306	9.2822	1.264e-24	2.594e-22
HepG2	SUGP2	L1	L1ME3B	antisense	33352	46	149	904200	195	8.3698	1.393e-24	2.842e-22
HepG2	SUGP2	L1	L1M6	antisense	33352	35	70	904200	105	13.5554	1.430e-24	2.902e-22
HepG2	SUGP2	L1	L1ME3A	antisense	33352	57	249	904200	306	6.2061	1.648e-24	3.324e-22
HepG2	SUGP2	L1	L1PA10	antisense	33352	35	71	904200	106	13.3645	2.062e-24	4.135e-22
HepG2	HNRNPL	L1	L1M5	sense	14585	30	119	922967	149	15.9534	2.365e-24	4.717e-22
HepG2	MATR3	L1	L1MCc	antisense	14172	29	111	923380	140	17.0225	2.631e-24	5.219e-22
HepG2	HNRNPC	Alu	AluYm1	antisense	12825	16	9	924727	25	128.1839	2.708e-24	5.341e-22
HepG2	SUGP2	L1	L1M4a1	antisense	33352	35	72	904200	107	13.1789	2.958e-24	5.802e-22
HepG2	ILF3	Alu	AluSq	antisense	7515	28	202	930037	230	17.1545	3.237e-24	6.315e-22
HepG2	QKI	L1	L1MB3	antisense	15371	54	525	922181	579	6.1709	3.849e-24	7.467e-22
HepG2	MATR3	L1	L1PA11	antisense	14172	25	69	923380	94	23.6070	4.483e-24	8.650e-22
HepG2	SUGP2	L1	L1MEi	antisense	33352	35	74	904200	109	12.8227	6.010e-24	1.153e-21
HepG2	HLTF	L1	L1MEd	sense	14672	23	50	922880	73	28.9344	7.822e-24	1.493e-21
HepG2	HNRNPM	L1	L1MC1	antisense	22936	52	320	914616	372	6.4800	8.938e-24	1.697e-21
HepG2	PTBP1	Alu	AluSx	antisense	14033	91	1658	923519	1749	3.6120	1.204e-23	2.274e-21
HepG2	QKI	L1	L1MC3	antisense	15371	35	188	922181	223	11.1693	1.392e-23	2.614e-21
HepG2	HNRNPL	L1	L1ME3A	antisense	14585	39	267	922967	306	9.2434	1.707e-23	3.189e-21
HepG2	SUGP2	L1	L1M5	antisense	33352	81	539	904200	620	4.0742	2.018e-23	3.751e-21
HepG2	MATR3	L1	L1MD1	antisense	14172	35	209	923380	244	10.9112	2.264e-23	4.187e-21
HepG2	HNRNPM	L1	L1MC4	antisense	22936	80	793	914616	873	4.0229	2.785e-23	5.124e-21
HepG2	XPO5	Alu	AluSz	sense	7790	37	465	929762	502	9.4969	3.565e-23	6.523e-21
HepG2	HNRNPL	L1	L1ME3G	antisense	14585	37	240	922967	277	9.7560	4.325e-23	7.861e-21
HepG2	PCBP2	Alu	AluJb	antisense	15806	139	3036	921746	3175	2.6699	4.340e-23	7.861e-21
HepG2	ILF3	Alu	AluSc8	sense	7515	20	72	930037	92	34.3771	5.631e-23	1.015e-20
HepG2	MATR3	L1	L1MB2	antisense	14172	38	268	923380	306	9.2384	5.954e-23	1.068e-20
HepG2	POLR2G	Alu	AluSx	antisense	509	22	1727	937043	1749	23.4516	6.673e-23	1.190e-20
HepG2	HNRNPC	Alu	AluYc	antisense	12825	17	18	924727	35	68.0977	7.309e-23	1.297e-20
HepG2	SUGP2	L1	L1MB3	antisense	33352	77	502	904200	579	4.1584	7.975e-23	1.409e-20
HepG2	SUGP2	L1	L1P2	antisense	33352	29	46	904200	75	17.0916	9.710e-23	1.707e-20
HepG2	ILF3	Alu	AluSc	antisense	7515	36	465	930037	501	9.5812	9.950e-23	1.740e-20
HepG2	HNRNPM	L1	L1MEd	antisense	22936	59	452	914616	511	5.2052	1.873e-22	3.259e-20
HepG2	PCBP2	L1	L1MA6	antisense	15806	27	94	921746	121	16.7504	1.916e-22	3.318e-20
HepG2	UPF1	Alu	AluSp	sense	10488	30	204	927064	234	12.9989	1.958e-22	3.374e-20
HepG2	MATR3	L1	L1P2	antisense	14172	22	53	923380	75	27.0456	2.085e-22	3.575e-20
HepG2	UPF1	Alu	AluSx1	sense	10488	43	526	927064	569	7.2260	3.476e-22	5.933e-20
HepG2	HNRNPM	L1	L1PA6	antisense	22936	39	180	914616	219	8.6400	4.581e-22	7.782e-20
HepG2	SUGP2	L1	L1ME2	antisense	33352	44	159	904200	203	7.5024	5.234e-22	8.848e-20
HepG2	SUGP2	Alu	AluJb	antisense	33352	226	2949	904200	3175	2.0777	5.444e-22	9.160e-20
HepG2	HNRNPM	L1	L1M1	antisense	22936	40	194	914616	234	8.2220	6.574e-22	1.101e-19
HepG2	HLTF	L1	L1M1	sense	14672	16	13	922880	29	77.4163	7.184e-22	1.197e-19
HepG2	HNRNPL	L1	L1MA9	antisense	14585	34	213	922967	247	10.1013	8.959e-22	1.486e-19
HepG2	SUGP2	L1	L1MB8	antisense	33352	65	379	904200	444	4.6496	9.345e-22	1.543e-19
HepG2	QKI	L1	L1MA4A	antisense	15371	36	234	922181	270	9.2300	9.581e-22	1.575e-19
HepG2	MATR3	L1	L1M4c	antisense	14172	27	120	923380	147	14.6599	2.794e-21	4.571e-19
HepG2	HLTF	L1	L1MB8	sense	14672	24	80	922880	104	18.8702	3.167e-21	5.157e-19
HepG2	SUGP2	L1	L1MC3	antisense	33352	45	178	904200	223	6.8539	3.830e-21	6.208e-19
HepG2	ILF3	Alu	AluSc8	antisense	7515	26	219	930037	245	14.6927	4.629e-21	7.470e-19
HepG2	KHSRP	L1	L1ME4c	antisense	12425	23	86	925127	109	19.9129	4.907e-21	7.883e-19
HepG2	MATR3	L1	L1PREC2	antisense	14172	25	101	923380	126	16.1275	1.113e-20	1.780e-18
HepG2	MATR3	L1	L1MB4	antisense	14172	35	262	923380	297	8.7039	1.624e-20	2.586e-18
HepG2	SUGP2	L1	L1MC4a	antisense	33352	52	256	904200	308	5.5069	1.657e-20	2.627e-18
HepG2	SUGP2	L1	L1PA4	antisense	33352	27	47	904200	74	15.5743	1.717e-20	2.709e-18
HepG2	MATR3	L1	L1MA2	antisense	14172	30	177	923380	207	11.0433	2.173e-20	3.414e-18
HepG2	HLTF	L1	L1MC1	sense	14672	20	47	922880	67	26.7663	2.196e-20	3.435e-18
HepG2	PTBP1	Alu	AluSx1	antisense	14033	81	1530	923519	1611	3.4841	2.418e-20	3.765e-18
HepG2	HNRNPM	L1	L1MB8	antisense	22936	52	392	914616	444	5.2898	2.925e-20	4.534e-18
HepG2	HNRNPM	L1	L1PA17	antisense	22936	23	46	914616	69	19.9384	3.456e-20	5.311e-18
HepG2	PCBP2	L1	L1MA3	antisense	15806	37	274	921746	311	7.8748	3.446e-20	5.311e-18
HepG2	UPF1	Alu	AluJb	sense	10488	66	1439	927064	1505	4.0542	4.047e-20	6.193e-18
HepG2	ILF3	Alu	AluSq	sense	7515	16	45	930037	61	44.0026	4.126e-20	6.287e-18
HepG2	PCBP2	L1	L1ME1	antisense	15806	56	684	921746	740	4.7744	4.196e-20	6.366e-18
HepG2	UPF1	Alu	AluSx	sense	10488	40	515	927064	555	6.8655	5.121e-20	7.737e-18
HepG2	MATR3	L1	L1PA4	antisense	14172	20	54	923380	74	24.1316	1.032e-19	1.553e-17
HepG2	HNRNPM	L1	L1P4	antisense	22936	18	19	914616	37	37.7781	1.108e-19	1.660e-17
HepG2	HNRNPM	L1	L1PA5	antisense	22936	36	178	914616	214	8.0650	1.223e-19	1.824e-17
HepG2	MATR3	L1	L1PA8A	antisense	14172	21	65	923380	86	21.0502	1.295e-19	1.923e-17
HepG2	QKI	L1	L1MD2	antisense	15371	31	193	922181	224	9.6365	2.009e-19	2.971e-17
HepG2	MATR3	L1	L1PA3	antisense	14172	19	47	923380	66	26.3394	2.227e-19	3.280e-17
HepG2	HLTF	L1	L1PA16	sense	14672	17	29	922880	46	36.8729	2.281e-19	3.347e-17
HepG2	XPO5	Alu	AluJo	sense	7790	39	695	929762	734	6.6975	2.445e-19	3.572e-17
HepG2	PCBP2	L1	L1MC2	antisense	15806	28	144	921746	172	11.3393	2.622e-19	3.816e-17
HepG2	KHSRP	L1	L1ME3G	antisense	12425	31	246	925127	277	9.3828	2.785e-19	4.035e-17
HepG2	HNRNPM	L1	L1ME3A	antisense	22936	42	264	914616	306	6.3440	3.239e-19	4.675e-17
HepG2	HNRNPL	L1	L1MB4	antisense	14585	34	263	922967	297	8.1809	3.362e-19	4.833e-17
HepG2	QKI	L1	L1MEc	antisense	15371	52	645	922181	697	4.8368	5.046e-19	7.223e-17
HepG2	RBFOX2	L1	L1MC1	sense	12115	18	49	925437	67	28.0608	5.111e-19	7.287e-17
HepG2	HNRNPK	L1	L1PA8	antisense	9867	19	76	927685	95	23.5047	5.458e-19	7.751e-17
HepG2	HNRNPL	L1	L1MB7	sense	14585	26	133	922967	159	12.3709	6.345e-19	8.974e-17
HepG2	HNRNPL	L1	L1PA15	sense	14585	20	59	922967	79	21.4515	7.492e-19	1.055e-16
HepG2	SUGP2	L1	L1PREC2	antisense	33352	32	94	904200	126	9.2292	1.315e-18	1.845e-16
HepG2	HNRNPM	L1	L1MD1	antisense	22936	37	207	914616	244	7.1278	1.407e-18	1.967e-16
HepG2	SUGP2	L1	L1PA11	antisense	33352	28	66	904200	94	11.5016	1.752e-18	2.440e-16
HepG2	POLR2G	Alu	AluJo	antisense	509	19	1888	937043	1907	18.5265	4.050e-18	5.617e-16
HepG2	PCBP2	L1	L1MA2	antisense	15806	29	178	921746	207	9.5010	4.207e-18	5.812e-16
HepG2	U2AF2	L1	L1MC5	antisense	26817	50	348	910735	398	4.8795	4.311e-18	5.933e-16
HepG2	SUGP2	L1	L1MB5	antisense	33352	46	233	904200	279	5.3524	6.542e-18	8.967e-16
HepG2	HLTF	L1	L1MCa	sense	14672	13	11	922880	24	74.3373	7.138e-18	9.747e-16
HepG2	HNRNPM	L1	L1PA13	antisense	22936	29	121	914616	150	9.5573	8.088e-18	1.100e-15
HepG2	HNRNPL	L1	L1MC4a	antisense	14585	33	275	922967	308	7.5938	8.304e-18	1.125e-15
HepG2	HNRNPM	L1	L1ME2	antisense	22936	33	170	914616	203	7.7408	1.139e-17	1.538e-15
HepG2	MATR3	L1	L1PB3	antisense	14172	23	111	923380	134	13.5006	1.145e-17	1.540e-15
HepG2	MATR3	L1	L1MC4	antisense	14172	54	819	923380	873	4.2959	1.211e-17	1.622e-15
HepG2	MATR3	L1	L1M4a1	antisense	14172	21	86	923380	107	15.9100	1.646e-17	2.197e-15
HepG2	QKI	L1	L1MC2	antisense	15371	26	146	922181	172	10.6840	1.664e-17	2.213e-15
HepG2	EXOSC5	L1	L1M2	antisense	1361	14	266	936191	280	36.2037	1.813e-17	2.402e-15
HepG2	HNRNPK	L1	L1ME1	antisense	9867	41	699	927685	740	5.5147	2.409e-17	3.180e-15
HepG2	HNRNPC	Alu	AluYh3	antisense	12825	11	6	924727	17	132.1897	3.586e-17	4.715e-15
HepG2	HNRNPM	L1	L1M5	antisense	22936	57	563	914616	620	4.0373	3.967e-17	5.197e-15
HepG2	SUGP2	L1	L1MD2	antisense	33352	40	184	904200	224	5.8937	5.132e-17	6.698e-15
HepG2	HNRNPC	Alu	AluYj4	antisense	12825	14	24	924727	38	42.0604	5.669e-17	7.373e-15
HepG2	HNRNPL	L1	L1ME4a	sense	14585	20	78	922967	98	16.2261	7.288e-17	9.443e-15
HepG2	HNRNPC	Alu	Alu	antisense	12825	15	33	924727	48	32.7743	7.790e-17	1.006e-14
HepG2	HNRNPM	L1	L1PBa	antisense	22936	21	55	914616	76	15.2257	1.136e-16	1.461e-14
HepG2	HNRNPL	L1	L1ME2	sense	14585	16	38	922967	54	26.6450	1.407e-16	1.800e-14
HepG2	HNRNPM	L1	L1MB3	antisense	22936	54	525	914616	579	4.1016	1.410e-16	1.800e-14
HepG2	SUGP2	L1	L1M7	antisense	33352	23	47	904200	70	13.2670	1.658e-16	2.109e-14
HepG2	SUGP2	L1	L1PA8	antisense	33352	26	69	904200	95	10.2157	2.874e-16	3.644e-14
HepG2	MATR3	L1	L1MB7	antisense	14172	47	681	923380	728	4.4968	2.906e-16	3.672e-14
HepG2	QKI	L1	L1MB8	antisense	15371	38	406	922181	444	5.6153	3.071e-16	3.866e-14
HepG2	PTBP1	L1	L1M7	antisense	14033	17	53	923519	70	21.1090	3.491e-16	4.380e-14
HepG2	HNRNPL	L1	L1M2	sense	14585	15	32	922967	47	29.6634	3.530e-16	4.413e-14
HepG2	MATR3	L1	L1MEi	antisense	14172	20	89	923380	109	14.6416	3.800e-16	4.734e-14
HepG2	HLTF	L1	L1M2	sense	14672	15	32	922880	47	29.4847	3.849e-16	4.778e-14
HepG2	HNRNPL	L1	L1ME3A	sense	14585	18	62	922967	80	18.3722	3.996e-16	4.943e-14
HepG2	EXOSC5	L1	L1MA4A	antisense	1361	13	257	936191	270	34.7950	4.133e-16	5.095e-14
HepG2	KHSRP	L1	L1ME1	antisense	12425	44	696	925127	740	4.7070	4.830e-16	5.934e-14
HepG2	HNRNPM	L1	L1M3	antisense	22936	25	99	914616	124	10.0699	5.061e-16	6.184e-14
HepG2	PCBP2	L1	L1MA7	antisense	15806	25	150	921746	175	9.7194	5.069e-16	6.184e-14
HepG2	MATR3	L1	L1M4b	antisense	14172	24	152	923380	176	10.2877	5.279e-16	6.419e-14
HepG2	SUGP2	L1	L1MB1	antisense	33352	27	79	904200	106	9.2657	5.653e-16	6.850e-14
HepG2	EXOSC5	L1	L1PB1	antisense	1361	13	266	936191	279	33.6177	6.315e-16	7.626e-14
HepG2	PCBP2	Alu	AluJr	antisense	15806	88	1868	921746	1956	2.7472	6.708e-16	8.073e-14
HepG2	SUGP2	L1	L1M4a2	antisense	33352	19	28	904200	47	18.3966	7.859e-16	9.426e-14
HepG2	U2AF2	L1	L1ME4a	antisense	26817	47	357	910735	404	4.4711	8.439e-16	1.009e-13
HepG2	HNRNPM	L1	L1PA11	antisense	22936	22	72	914616	94	12.1846	1.008e-15	1.201e-13
HepG2	SUGP2	L1	L1PBa	antisense	33352	23	53	904200	76	11.7651	1.283e-15	1.523e-13
HepG2	HNRNPM	L1	L1MA5	antisense	22936	25	106	914616	131	9.4049	1.964e-15	2.324e-13
HepG2	SUGP2	L1	L1M3f	antisense	33352	18	25	904200	43	19.5198	2.143e-15	2.527e-13
HepG2	MATR3	L1	L1M6	antisense	14172	19	86	923380	105	14.3948	2.692e-15	3.164e-13
HepG2	HNRNPL	L1	L1MA9	sense	14585	16	48	922967	64	21.0940	2.813e-15	3.296e-13
HepG2	KHSRP	L1	L1ME3D	antisense	12425	19	100	925127	119	14.1468	2.887e-15	3.371e-13
HepG2	PCBP2	L1	L1MA4	antisense	15806	34	336	921746	370	5.9010	2.935e-15	3.416e-13
HepG2	U2AF2	L1	L1ME4b	antisense	26817	39	255	910735	294	5.1941	3.010e-15	3.492e-13
HepG2	HNRNPM	L1	L1ME3	antisense	22936	28	145	914616	173	7.7004	3.540e-15	4.094e-13
HepG2	SUGP2	L1	L1ME3	antisense	33352	33	140	904200	173	6.3904	3.554e-15	4.097e-13
HepG2	SUGP2	L1	L1PB3	antisense	33352	29	105	904200	134	7.4877	5.078e-15	5.835e-13
HepG2	QKI	L1	L1ME2z	antisense	15371	24	156	922181	180	9.2300	5.143e-15	5.890e-13
HepG2	SUGP2	L1	L1PA3	antisense	33352	21	45	904200	66	12.6517	7.033e-15	8.028e-13
HepG2	PTBP1	Alu	AluSc8	antisense	14033	26	219	923519	245	7.8131	1.215e-14	1.378e-12
HepG2	U2AF2	L1	L1ME3G	antisense	26817	37	240	910735	277	5.2357	1.214e-14	1.378e-12
HepG2	HLTF	L1	L1PB1	sense	14672	10	7	922880	17	89.8582	1.545e-14	1.747e-12
HepG2	HNRNPM	L1	L1PA14	antisense	22936	17	39	914616	56	17.3822	1.579e-14	1.780e-12
HepG2	MATR3	L1	L1PA13	antisense	14172	21	129	923380	150	10.6067	2.005e-14	2.253e-12
HepG2	U2AF2	L1	L1MC5a	antisense	26817	42	317	910735	359	4.4996	2.257e-14	2.527e-12
HepG2	HNRNPM	L1	L1PA8A	antisense	22936	20	66	914616	86	12.0839	2.266e-14	2.530e-12
HepG2	SUGP2	L1	L1M8	antisense	33352	19	36	904200	55	14.3085	2.404e-14	2.676e-12
HepG2	PTBP1	Alu	AluSq2	antisense	14033	35	438	923519	473	5.2588	2.420e-14	2.685e-12
HepG2	HNRNPL	L1	L1PB4	sense	14585	13	27	922967	40	30.4691	2.527e-14	2.795e-12
HepG2	HNRNPL	L1	L1MC3	antisense	14585	25	198	922967	223	7.9901	2.560e-14	2.823e-12
HepG2	HNRNPM	L1	L1MD	antisense	22936	24	109	914616	133	8.7802	2.619e-14	2.879e-12
HepG2	XPO5	Alu	AluSz6	sense	7790	22	280	929762	302	9.3778	2.634e-14	2.886e-12
HepG2	SUGP2	Alu	AluJo	antisense	33352	137	1770	904200	1907	2.0984	2.741e-14	2.994e-12
HepG2	HNRNPC	Alu	AluSq10	antisense	12825	9	5	924727	14	129.7862	3.147e-14	3.428e-12
HepG2	HNRNPM	L1	L1M4c	antisense	22936	25	122	914616	147	8.1715	3.182e-14	3.455e-12
HepG2	PCBP2	L1	L1MB3	antisense	15806	41	538	921746	579	4.4442	3.438e-14	3.721e-12
HepG2	QKI	L1	L1ME3G	antisense	15371	28	249	922181	277	6.7464	3.760e-14	4.057e-12
HepG2	PTBP1	Alu	AluJr4	antisense	14033	35	446	923519	481	5.1645	3.960e-14	4.261e-12
HepG2	MATR3	L1	L1MB1	antisense	14172	18	88	923380	106	13.3272	4.574e-14	4.906e-12
HepG2	HNRNPK	L1	L1PB1	antisense	9867	23	256	927685	279	8.4470	6.442e-14	6.889e-12
HepG2	ILF3	Alu	AluSg7	antisense	7515	14	83	930037	97	20.8747	6.709e-14	7.153e-12
HepG2	SUGP2	L1	L1MA8	antisense	33352	30	128	904200	158	6.3541	7.010e-14	7.451e-12
HepG2	UPF1	Alu	AluSx3	sense	10488	20	170	927064	190	10.3992	8.270e-14	8.764e-12
HepG2	HNRNPM	L1	L1MCc	antisense	22936	24	116	914616	140	8.2504	8.551e-14	9.035e-12
HepG2	QKI	L1	L1MD3	antisense	15371	17	71	922181	88	14.3650	8.995e-14	9.476e-12
HepG2	U2AF2	L1	L1MC4	antisense	26817	69	804	910735	873	2.9146	1.045e-13	1.097e-11
HepG2	PCBP2	L1	L1MA5	antisense	15806	20	111	921746	131	10.5074	1.120e-13	1.173e-11
HepG2	HNRNPM	L1	L1MA3	antisense	22936	35	276	914616	311	5.0569	1.212e-13	1.265e-11
HepG2	SUGP2	L1	L1MEj	antisense	33352	14	14	904200	28	27.1108	1.297e-13	1.350e-11
HepG2	HLTF	L1	L1M4c	sense	14672	15	52	922880	67	18.1445	1.319e-13	1.369e-11
HepG2	MATR3	L1	L1PB4	antisense	14172	17	80	923380	97	13.8455	1.335e-13	1.382e-11
HepG2	QKI	L1	L1ME4b	antisense	15371	28	266	922181	294	6.3152	1.656e-13	1.709e-11
HepG2	PCBP2	Alu	AluJo	antisense	15806	81	1826	921746	1907	2.5869	1.820e-13	1.873e-11
HepG2	XPO5	Alu	AluSq2	sense	7790	21	278	929762	299	9.0159	2.045e-13	2.098e-11
HepG2	HLTF	L1	L1M4a1	sense	14672	9	6	922880	15	94.3511	2.582e-13	2.641e-11
HepG2	CSTF2	L1	L1ME1	antisense	4758	25	715	932794	740	6.8548	2.906e-13	2.964e-11
HepG2	SUGP2	L1	L1MEb	antisense	33352	15	20	904200	35	20.3331	3.042e-13	3.094e-11
HepG2	UPF1	Alu	AluY	sense	10488	22	235	927064	257	8.2751	3.427e-13	3.476e-11
HepG2	HLTF	L1	L1M5	sense	14672	20	129	922880	149	9.7521	3.500e-13	3.540e-11
HepG2	HLTF	L1	L1MD1	sense	14672	14	45	922880	59	19.5691	3.608e-13	3.638e-11
HepG2	UPF1	Alu	AluJr	sense	10488	40	850	927064	890	4.1597	3.709e-13	3.730e-11
HepG2	HLTF	L1	L1MD2	sense	14672	19	114	922880	133	10.4835	4.298e-13	4.310e-11
HepG2	HNRNPM	L1	L1MC5	antisense	22936	39	359	914616	398	4.3320	4.388e-13	4.388e-11
HepG2	MATR3	L1	L1PBa	antisense	14172	15	61	923380	76	16.0218	5.817e-13	5.801e-11
HepG2	POLR2G	Alu	AluSx1	antisense	509	14	1597	937043	1611	16.1386	6.319e-13	6.284e-11
HepG2	SUGP2	L1	L1PA13	antisense	33352	28	122	904200	150	6.2222	7.243e-13	7.182e-11
HepG2	QKI	L1	L1MA5	antisense	15371	19	112	922181	131	10.1777	7.265e-13	7.184e-11
HepG2	HLTF	L1	L1PA7	sense	14672	12	28	922880	40	26.9575	7.991e-13	7.880e-11
HepG2	TAF15	L1	L1MC4	sense	4340	13	144	933212	157	19.4121	8.057e-13	7.923e-11
HepG2	HNRNPM	L1	L1MB4	antisense	22936	33	264	914616	297	4.9846	8.490e-13	8.326e-11
HepG2	KHSRP	L1	L1ME3F	antisense	12425	19	143	925127	162	9.8929	8.969e-13	8.772e-11
HepG2	SUGP2	L1	L1MA9	antisense	33352	36	211	904200	247	4.6255	1.046e-12	1.021e-10
HepG2	HLTF	L1	L1MA9	sense	14672	14	50	922880	64	17.6122	1.206e-12	1.173e-10
HepG2	QKI	L1	L1ME3Cz	antisense	15371	22	171	922181	193	7.7186	1.735e-12	1.683e-10
HepG2	PTBP1	L1	L1PA7	antisense	14033	28	328	923519	356	5.6180	2.054e-12	1.987e-10
HepG2	ILF3	Alu	AluSx4	sense	7515	10	34	930037	44	36.3992	2.107e-12	2.033e-10
HepG2	HNRNPM	L1	L1MA5A	antisense	22936	20	88	914616	108	9.0629	2.171e-12	2.089e-10
HepG2	SUGP2	L1	L1PA8A	antisense	33352	21	65	904200	86	8.7589	2.283e-12	2.190e-10
HepG2	SUGP2	L1	L1ME2z	antisense	33352	30	150	904200	180	5.4222	2.385e-12	2.277e-10
HepG2	SUGP2	Alu	AluJr4	antisense	33352	52	429	904200	481	3.2862	2.382e-12	2.277e-10
HepG2	HLTF	L1	L1ME3Cz	sense	14672	13	42	922880	55	19.4693	2.639e-12	2.512e-10
HepG2	QKI	L1	L1MEd	antisense	15371	35	476	922181	511	4.4114	2.869e-12	2.723e-10
HepG2	KHSRP	L1	L1ME4b	antisense	12425	24	270	925127	294	6.6184	2.885e-12	2.731e-10
HepG2	SUGP2	L1	L1PB4	antisense	33352	22	75	904200	97	7.9525	3.434e-12	3.242e-10
HepG2	HNRNPM	L1	L1MC	antisense	22936	19	80	914616	99	9.4708	3.932e-12	3.703e-10
HepG2	SUGP2	L1	L1MC2	antisense	33352	29	143	904200	172	5.4980	4.072e-12	3.824e-10
HepG2	HNRNPL	L1	L1MD2	sense	14585	18	115	922967	133	9.9050	4.083e-12	3.825e-10
HepG2	HLTF	L1	L1PA3	sense	14672	9	10	922880	19	56.6107	4.502e-12	4.206e-10
HepG2	U2AF2	L1	L1ME4c	antisense	26817	21	88	910735	109	8.1044	5.128e-12	4.779e-10
HepG2	SUGP2	L1	L1MC	antisense	33352	22	77	904200	99	7.7459	5.314e-12	4.939e-10
HepG2	ILF3	Alu	Alu	antisense	7515	10	38	930037	48	32.5677	5.395e-12	5.001e-10
HepG2	PCBP2	L1	L1MA1	antisense	15806	12	32	921746	44	21.8686	6.710e-12	6.204e-10
HepG2	HLTF	Alu	AluJb	sense	14672	63	1442	922880	1505	2.7481	7.221e-12	6.659e-10
HepG2	MATR3	L1	L1MA9	antisense	14172	23	224	923380	247	6.6900	7.361e-12	6.770e-10
HepG2	PTBP1	Alu	AluSz6	antisense	14033	44	828	923519	872	3.4972	7.744e-12	7.104e-10
HepG2	XPO5	Alu	AluSg	sense	7790	15	144	929762	159	12.4326	8.106e-12	7.417e-10
HepG2	HLTF	L1	L1MC4	sense	14672	19	138	922880	157	8.6603	8.720e-12	7.958e-10
HepG2	XPO5	Alu	AluSx3	sense	7790	16	174	929762	190	10.9750	9.392e-12	8.550e-10
HepG2	HLTF	L1	L1PA4	sense	14672	8	6	922880	14	83.8677	9.913e-12	9.001e-10
HepG2	XRCC6	Alu	AluJo	antisense	435	13	1894	937117	1907	14.7866	1.188e-11	1.076e-09
HepG2	HNRNPL	L1	L1MD2	antisense	14585	22	202	922967	224	6.8921	1.253e-11	1.131e-09
HepG2	HNRNPM	L1	L1MA2	antisense	22936	26	181	914616	207	5.7282	1.342e-11	1.209e-09
HepG2	SUGP2	L1	L1M3	antisense	33352	24	100	904200	124	6.5066	1.366e-11	1.227e-09
HepG2	U2AF2	L1	L1ME3Cz	antisense	26817	27	166	910735	193	5.5238	1.427e-11	1.279e-09
HepG2	MATR3	L1	L1P3	antisense	14172	11	29	923380	40	24.7141	1.448e-11	1.295e-09
HepG2	HLTF	L1	L1MA8	sense	14672	12	38	922880	50	19.8634	1.502e-11	1.340e-09
HepG2	QKI	L1	L1ME5	antisense	15371	13	47	922181	60	16.5943	1.549e-11	1.378e-09
HepG2	MATR3	L1	L1ME3A	antisense	14172	25	281	923380	306	5.7967	1.636e-11	1.452e-09
HepG2	MATR3	L1	L1PA8	antisense	14172	15	80	923380	95	12.2166	1.726e-11	1.528e-09
HepG2	MATR3	L1	L1MC2	antisense	14172	19	153	923380	172	8.0912	2.448e-11	2.162e-09
HepG2	HNRNPM	L1	L1PB4	antisense	22936	18	79	914616	97	9.0859	2.594e-11	2.285e-09
HepG2	HNRNPM	L1	L1MA9	antisense	22936	28	219	914616	247	5.0984	2.687e-11	2.362e-09
HepG2	HNRNPM	L1	L1PA4	antisense	22936	16	58	914616	74	11.0005	2.864e-11	2.511e-09
HepG2	MATR3	L1	L1MA7	antisense	14172	19	156	923380	175	7.9356	3.318e-11	2.894e-09
HepG2	SUGP2	L1	L1MA5A	antisense	33352	22	86	904200	108	6.9353	3.317e-11	2.894e-09
HepG2	UPF1	Alu	AluSc	sense	10488	15	117	927064	132	11.3324	3.356e-11	2.920e-09
HepG2	MATR3	L1	L1M3f	antisense	14172	11	32	923380	43	22.3971	3.455e-11	2.999e-09
HepG2	QKI	L1	L1MEg	antisense	15371	27	316	922181	343	5.1261	3.727e-11	3.228e-09
HepG2	MATR3	L1	L1PA17	antisense	14172	13	56	923380	69	15.1253	3.756e-11	3.244e-09
HepG2	HNRNPM	L1	L1M3e	antisense	22936	10	12	914616	22	33.2307	3.785e-11	3.261e-09
HepG2	HNRNPL	L1	L1M4	sense	14585	14	68	922967	82	13.0286	3.942e-11	3.389e-09
HepG2	MATR3	L1	L1PA14	antisense	14172	12	44	923380	56	17.7696	4.270e-11	3.661e-09
HepG2	HNRNPL	L1	L1ME3	antisense	14585	19	154	922967	173	7.8075	4.387e-11	3.753e-09
HepG2	HNRNPM	L1	L1MB2	antisense	22936	31	275	914616	306	4.4952	4.411e-11	3.765e-09
HepG2	PCBP2	L1	L1MB7	antisense	15806	41	687	921746	728	3.4803	4.804e-11	4.090e-09
HepG2	MATR3	L1	L1MA8	antisense	14172	18	140	923380	158	8.3771	4.835e-11	4.106e-09
HepG2	UPF1	Alu	AluSq2	sense	10488	21	278	927064	299	6.6772	4.934e-11	4.180e-09
HepG2	HNRNPM	L1	L1MC4a	antisense	22936	31	277	914616	308	4.4628	5.203e-11	4.398e-09
HepG2	HNRNPM	L1	L1PA3	antisense	22936	15	51	914616	66	11.7285	5.524e-11	4.659e-09
HepG2	MATR3	L1	L1ME2	antisense	14172	20	183	923380	203	7.1208	6.018e-11	5.063e-09
HepG2	CSTF2	L1	L1ME4a	antisense	4758	17	387	932794	404	8.6119	6.121e-11	5.137e-09
HepG2	SUGP2	L1	L1PA14	antisense	33352	16	40	904200	56	10.8443	7.019e-11	5.877e-09
HepG2	PCBP2	SVA	SVA_D	sense	15806	8	8	921746	16	58.3162	7.431e-11	6.207e-09
HepG2	KHSRP	L1	L1ME4b	sense	12425	13	71	925127	84	13.6330	1.007e-10	8.394e-09
HepG2	HLTF	L1	L1PA15-16	sense	14672	6	1	922880	7	377.4046	1.013e-10	8.425e-09
HepG2	EXOSC5	L1	L1PA15	antisense	1361	9	225	936191	234	27.5148	1.033e-10	8.568e-09
HepG2	HNRNPM	L1	L1PB3	antisense	22936	20	114	914616	134	6.9959	1.296e-10	1.072e-08
HepG2	HNRNPM	L1	L1ME2z	antisense	22936	23	157	914616	180	5.8418	1.388e-10	1.146e-08
HepG2	HNRNPL	L1	L1M5	antisense	14585	35	585	922967	620	3.7861	1.400e-10	1.153e-08
HepG2	HNRNPM	L1	L1M4a1	antisense	22936	18	89	914616	107	8.0650	1.420e-10	1.167e-08
HepG2	TAF15	L1	L1MB3	sense	4340	10	102	933212	112	21.0810	1.649e-10	1.352e-08
HepG2	HNRNPM	L1	L1MEg	antisense	22936	32	311	914616	343	4.1031	1.816e-10	1.485e-08
HepG2	MATR3	L1	L1MA5	antisense	14172	16	115	923380	131	9.0651	1.976e-10	1.613e-08
HepG2	KHSRP	L1	L1ME3	antisense	12425	17	156	925127	173	8.1139	2.333e-10	1.899e-08
HepG2	MATR3	L1	L1M5	antisense	14172	34	586	923380	620	3.7803	2.593e-10	2.106e-08
HepG2	PTBP1	Alu	AluSc	antisense	14033	30	471	923519	501	4.1918	2.895e-10	2.346e-08
HepG2	HLTF	L1	L1MC5	sense	14672	12	52	922880	64	14.5156	3.318e-10	2.683e-08
HepG2	HNRNPM	L1	L1MC2	antisense	22936	22	150	914616	172	5.8486	3.385e-10	2.731e-08
HepG2	PCBP2	L1	L1MD2	antisense	15806	21	203	921746	224	6.0327	3.641e-10	2.931e-08
HepG2	HNRNPL	L1	L1ME3	sense	14585	9	20	922967	29	28.4769	4.023e-10	3.231e-08
HepG2	HNRNPM	L1	L1MD2	antisense	22936	25	199	914616	224	5.0097	4.188e-10	3.356e-08
HepG2	HLTF	L1	L1PB4	sense	14672	10	30	922880	40	20.9669	4.849e-10	3.877e-08
HepG2	HNRNPC	Alu	AluYk3	antisense	12825	6	3	924727	9	144.2069	5.306e-10	4.233e-08
HepG2	PTBP1	L1	L1MEh	antisense	14033	11	44	923519	55	16.4526	5.492e-10	4.372e-08
HepG2	MATR3	L1	L1M8	antisense	14172	11	44	923380	55	16.2888	6.084e-10	4.832e-08
HepG2	ILF3	Alu	AluSx4	antisense	7515	12	116	930037	128	12.8025	7.016e-10	5.560e-08
HepG2	HLTF	L1	L1ME2	sense	14672	11	43	922880	54	16.0909	7.076e-10	5.595e-08
HepG2	HLTF	L1	L1PBa	sense	14672	7	7	922880	14	62.9008	7.154e-10	5.644e-08
HepG2	MATR3	L1	L1P1	antisense	14172	8	14	923380	22	37.2316	7.201e-10	5.668e-08
HepG2	HLTF	L1	L1MB4	sense	14672	10	32	922880	42	19.6565	8.180e-10	6.403e-08
HepG2	QKI	L1	L1ME3B	antisense	15371	19	176	922181	195	6.4767	8.181e-10	6.403e-08
HepG2	QKI	L1	L1M4	antisense	15371	30	449	922181	479	4.0086	8.188e-10	6.403e-08
HepG2	HNRNPL	Alu	AluJo	sense	14585	37	697	922967	734	3.3593	9.618e-10	7.504e-08
HepG2	HNRNPL	L1	L1ME3B	sense	14585	10	33	922967	43	19.1763	9.929e-10	7.730e-08
HepG2	TAF15	L1	L1MB4	sense	4340	7	35	933212	42	43.0052	1.061e-09	8.245e-08
HepG2	HNRNPL	L1	L1ME2z	sense	14585	9	23	922967	32	24.7625	1.080e-09	8.374e-08
HepG2	KHSRP	L1	L1ME3Cz	antisense	12425	17	176	925127	193	7.1919	1.273e-09	9.844e-08
HepG2	SUGP2	Alu	AluSx1	antisense	33352	107	1504	904200	1611	1.9288	1.289e-09	9.945e-08
HepG2	HLTF	L1	L1MA2	sense	14672	7	8	922880	15	55.0382	1.323e-09	1.019e-07
HepG2	PCBP2	Alu	AluJr4	antisense	15806	30	451	921746	481	3.8791	1.701e-09	1.307e-07
HepG2	QKI	L1	L1MA6	antisense	15371	15	106	922181	121	8.4898	1.738e-09	1.333e-07
HepG2	HNRNPL	L1	L1ME4c	antisense	14585	14	95	922967	109	9.3258	1.942e-09	1.486e-07
HepG2	HNRNPL	L1	L1PA16	sense	14585	10	36	922967	46	17.5783	2.023e-09	1.541e-07
HepG2	HNRNPL	L1	L1MA7	sense	14585	10	36	922967	46	17.5783	2.023e-09	1.541e-07
HepG2	SUGP2	L1	L1PA17	antisense	33352	16	53	904200	69	8.1844	2.077e-09	1.579e-07
HepG2	MATR3	L1	L1MC3	antisense	14172	19	204	923380	223	6.0684	2.087e-09	1.583e-07
HepG2	DKC1	Alu	AluJr	sense	3476	19	871	934076	890	5.8619	2.179e-09	1.649e-07
HepG2	HLTF	L1	L1PA6	sense	14672	7	9	922880	16	48.9228	2.320e-09	1.752e-07
HepG2	UPF1	Alu	AluSz6	sense	10488	19	283	927064	302	5.9345	2.493e-09	1.879e-07
HepG2	HNRNPL	L1	L1ME3G	sense	14585	10	37	922967	47	17.1032	2.534e-09	1.906e-07
HepG2	MATR3	L1	L1MB3	antisense	14172	31	548	923380	579	3.6858	2.715e-09	2.038e-07
HepG2	HNRNPC	Alu	AluYf1	antisense	12825	5	1	924727	6	360.5173	2.839e-09	2.126e-07
HepG2	HNRNPC	Alu	AluSq4	antisense	12825	6	5	924727	11	86.5242	2.851e-09	2.131e-07
HepG2	MATR3	L1	L1MB5	antisense	14172	21	258	923380	279	5.3033	2.862e-09	2.135e-07
HepG2	HNRNPM	L1	L1M4b	antisense	22936	21	155	914616	176	5.4027	3.023e-09	2.250e-07
HepG2	BCCIP	L1	L1MA4A	antisense	1205	8	262	936347	270	23.7268	3.410e-09	2.530e-07
HepG2	HLTF	Alu	AluSz	sense	14672	29	473	922880	502	3.8565	3.414e-09	2.530e-07
HepG2	PRPF4	SVA	SVA_D	antisense	17668	10	31	919884	41	16.7952	3.702e-09	2.738e-07
HepG2	HLTF	Alu	AluJo	sense	14672	36	698	922880	734	3.2442	3.801e-09	2.806e-07
HepG2	KHSRP	L1	L1MC4	sense	12425	15	142	925127	157	7.8652	3.853e-09	2.838e-07
HepG2	EXOSC5	L1	L1PA8A	antisense	1361	6	80	936191	86	51.5902	3.941e-09	2.897e-07
HepG2	QKI	L1	L1ME3G	sense	15371	10	37	922181	47	16.2148	4.163e-09	3.054e-07
HepG2	SUGP2	L1	L1MA7	antisense	33352	25	150	904200	175	4.5185	4.190e-09	3.067e-07
HepG2	XPO5	Alu	AluJr4	sense	7790	13	164	929762	177	9.4609	4.307e-09	3.146e-07
HepG2	SMNDC1	L1	L1PA2	sense	1116	5	44	936436	49	95.3523	4.324e-09	3.152e-07
HepG2	HNRNPL	L1	L1MB2	antisense	14585	22	284	922967	306	4.9021	4.747e-09	3.453e-07
HepG2	KHSRP	L1	L1MC5a	antisense	12425	22	337	925127	359	4.8607	5.049e-09	3.665e-07
HepG2	SUGP2	L1	L1MEh	antisense	33352	14	41	904200	55	9.2574	5.681e-09	4.116e-07
HepG2	PTBP1	Alu	AluSx3	antisense	14033	27	451	923519	478	3.9399	7.452e-09	5.388e-07
HepG2	HNRNPM	L1	L1MB1	antisense	22936	16	90	914616	106	7.0892	7.492e-09	5.406e-07
HepG2	DDX59	Alu	AluJb	antisense	5497	48	3127	932055	3175	2.6027	7.713e-09	5.555e-07
HepG2	UPF1	Alu	AluSc8	sense	10488	11	81	927064	92	12.0040	7.992e-09	5.744e-07
HepG2	SUGP2	L1	L1MA5	antisense	33352	21	110	904200	131	5.1757	8.865e-09	6.358e-07
HepG2	MATR3	L1	L1M7	antisense	14172	11	59	923380	70	12.1476	8.936e-09	6.396e-07
HepG2	QKI	L1	L1ME4a	sense	15371	13	85	922181	98	9.1757	9.025e-09	6.447e-07
HepG2	HNRNPM	L1	L1MC3	antisense	22936	23	200	914616	223	4.5858	9.347e-09	6.664e-07
HepG2	ILF3	Alu	AluSc5	sense	7515	7	27	930037	34	32.0853	9.435e-09	6.713e-07
HepG2	HNRNPL	L1	L1MB8	sense	14585	13	91	922967	104	9.0403	1.018e-08	7.225e-07
HepG2	MATR3	L1	L1ME3B	antisense	14172	17	178	923380	195	6.2227	1.020e-08	7.226e-07
HepG2	PTBP1	L1	L1M5	antisense	14033	31	589	923519	620	3.4637	1.055e-08	7.463e-07
HepG2	CSTF2	L1	L1ME2	antisense	4758	11	192	932794	203	11.2319	1.070e-08	7.556e-07
HepG2	HLTF	L1	L1MB5	sense	14672	10	44	922880	54	14.2956	1.121e-08	7.898e-07
HepG2	SAFB	L1	L1M4	sense	1712	6	76	935840	82	43.1554	1.143e-08	8.036e-07
HepG2	HLTF	L1	L1MA4A	sense	14672	8	21	922880	29	23.9622	1.149e-08	8.062e-07
HepG2	MATR3	L1	L1MA5A	antisense	14172	13	95	923380	108	8.9160	1.157e-08	8.088e-07
HepG2	PTBP1	L1	L1MEi	antisense	14033	13	96	923519	109	8.9118	1.155e-08	8.088e-07
HepG2	QKI	L1	L1MB2	antisense	15371	22	284	922181	306	4.6475	1.199e-08	8.363e-07
HepG2	HNRNPM	L1	L1M4a2	antisense	22936	11	36	914616	47	12.1846	1.446e-08	1.007e-06
HepG2	HLTF	L1	L1PA10	sense	14672	7	13	922880	20	33.8696	1.488e-08	1.034e-06
HepG2	HLTF	L1	L1MC2	sense	14672	8	22	922880	30	22.8730	1.545e-08	1.071e-06
HepG2	TAF15	L1	L1MD2	sense	4340	9	124	933212	133	15.6067	1.573e-08	1.089e-06
HepG2	PTBP1	L1	L1ME1	antisense	14033	34	706	923519	740	3.1693	1.695e-08	1.171e-06
HepG2	PTBP1	L1	L1P2	antisense	14033	11	64	923519	75	11.3112	1.708e-08	1.178e-06
HepG2	HLTF	Alu	AluJr	sense	14672	39	851	922880	890	2.8826	1.874e-08	1.289e-06
HepG2	HNRNPL	L1	L1MEd	sense	14585	11	62	922967	73	11.2274	1.886e-08	1.292e-06
HepG2	KHSRP	L1	L1ME2	antisense	12425	16	187	925127	203	6.3706	1.883e-08	1.292e-06
HepG2	UPF1	Alu	AluY	antisense	10488	25	555	927064	580	3.9817	1.926e-08	1.317e-06
HepG2	HLTF	L1	L1PREC2	sense	14672	7	14	922880	21	31.4504	2.201e-08	1.503e-06
HepG2	HNRNPL	L1	L1MB5	antisense	14585	20	259	922967	279	4.8866	2.439e-08	1.662e-06
HepG2	HNRNPC	Alu	AluYk2	antisense	12825	5	3	924727	8	120.1724	2.590e-08	1.761e-06
HepG2	KHSRP	L1	L1MC5a	sense	12425	9	43	925127	52	15.5840	2.766e-08	1.878e-06
HepG2	DKC1	Alu	AluJo	sense	3476	16	718	934076	734	5.9882	2.946e-08	1.996e-06
HepG2	U2AF2	L1	L1MC4a	antisense	26817	29	279	910735	308	3.5300	3.046e-08	2.060e-06
HepG2	HNRNPL	L1	L1MD	sense	14585	7	15	922967	22	29.5316	3.058e-08	2.062e-06
HepG2	QKI	L1	L1M5	sense	15371	15	134	922181	149	6.7158	3.061e-08	2.062e-06
HepG2	NKRF	SVA	SVA_D	antisense	11361	8	33	926191	41	19.7633	3.103e-08	2.086e-06
HepG2	KHSRP	L1	L1MC5	antisense	12425	22	376	925127	398	4.3565	3.188e-08	2.139e-06
HepG2	QKI	L1	L1MB4	antisense	15371	21	276	922181	297	4.5648	3.384e-08	2.267e-06
HepG2	SUGP2	L1	L1MEg1	antisense	33352	10	19	904200	29	14.2689	3.483e-08	2.328e-06
HepG2	UPF1	Alu	AluSq2	antisense	10488	22	451	927064	473	4.3118	3.553e-08	2.371e-06
HepG2	CSTF2	L1	L1M5	antisense	4758	17	603	932794	620	5.5270	3.593e-08	2.393e-06
HepG2	QKI	L1	L1MA1	antisense	15371	9	35	922181	44	15.4272	3.604e-08	2.396e-06
HepG2	TAF15	L1	L1MB8	sense	4340	8	96	933212	104	17.9188	3.638e-08	2.414e-06
HepG2	POLR2G	Alu	AluSz	antisense	509	10	1638	937043	1648	11.2390	3.657e-08	2.422e-06
HepG2	UPF1	Alu	AluSz	antisense	10488	46	1602	927064	1648	2.5381	3.714e-08	2.455e-06
HepG2	UPF1	Alu	AluJo	sense	10488	28	706	927064	734	3.5057	3.741e-08	2.469e-06
HepG2	UPF1	Alu	AluSg	sense	10488	13	146	927064	159	7.8706	3.770e-08	2.483e-06
HepG2	U2AF2	L1	L1ME1	antisense	26817	50	690	910735	740	2.4609	3.781e-08	2.486e-06
HepG2	HNRNPL	L1	L1PA13	sense	14585	6	8	922967	14	47.4615	3.820e-08	2.506e-06
HepG2	PCBP2	L1	L1MA5A	antisense	15806	13	95	921746	108	7.9801	4.098e-08	2.684e-06
HepG2	PCBP2	L1	L1PA16	antisense	15806	19	222	921746	241	4.9910	4.120e-08	2.693e-06
HepG2	KHSRP	L1	L1ME3A	antisense	12425	19	287	925127	306	4.9292	4.413e-08	2.875e-06
HepG2	MATR3	Alu	AluJr	antisense	14172	63	1893	923380	1956	2.1684	4.407e-08	2.875e-06
HepG2	PCBP2	L1	L1PA13	antisense	15806	15	135	921746	150	6.4796	4.799e-08	3.121e-06
HepG2	HLTF	Alu	AluSx1	sense	14672	29	540	922880	569	3.3780	5.201e-08	3.375e-06
HepG2	HNRNPM	L1	L1PA10	antisense	22936	15	91	914616	106	6.5731	5.314e-08	3.443e-06
HepG2	SUGP2	L1	L1MC5	antisense	33352	38	360	904200	398	2.8617	5.474e-08	3.540e-06
HepG2	EXOSC5	L1	L1PB3	antisense	1361	6	128	936191	134	32.2439	5.670e-08	3.660e-06
HepG2	HLTF	L1	L1M6	sense	14672	6	9	922880	15	41.9338	6.505e-08	4.191e-06
HepG2	EXOSC5	L1	L1PA17	antisense	1361	5	64	936191	69	53.7398	6.658e-08	4.282e-06
HepG2	PTBP1	L1	L1M6	antisense	14033	12	93	923519	105	8.4917	6.777e-08	4.351e-06
HepG2	RBM22	L1	L1MDa	sense	6672	7	43	930880	50	22.7126	7.042e-08	4.513e-06
HepG2	QKI	Alu	AluY	sense	15371	19	238	922181	257	4.7895	7.413e-08	4.742e-06
HepG2	HNRNPL	L1	L1MD1	antisense	14585	18	226	922967	244	5.0402	7.753e-08	4.950e-06
HepG2	PTBP1	L1	L1M4a1	antisense	14033	12	95	923519	107	8.3129	8.374e-08	5.337e-06
HepG2	KHSRP	L1	L1ME4a	sense	12425	11	87	925127	98	9.4141	8.574e-08	5.455e-06
HepG2	HNRNPM	L1	L1PA8	antisense	22936	14	81	914616	95	6.8923	8.704e-08	5.528e-06
HepG2	PTBP1	L1	L1MA5A	antisense	14033	12	96	923519	108	8.2263	9.292e-08	5.891e-06
HepG2	QKI	L1	L1ME3F	antisense	15371	15	147	922181	162	6.1219	9.342e-08	5.912e-06
HepG2	HNRNPL	L1	L1ME3B	antisense	14585	16	179	922967	195	5.6565	9.390e-08	5.932e-06
HepG2	HNRNPM	L1	L1M2c	antisense	22936	9	25	914616	34	14.3557	9.437e-08	5.951e-06
HepG2	QKI	L1	L1ME3D	antisense	15371	13	106	922181	119	7.3579	9.531e-08	6.000e-06
HepG2	HLTF	Alu	AluSz6	sense	14672	20	282	922880	302	4.4610	9.825e-08	6.173e-06
HepG2	BCCIP	L1	L1PB1	antisense	1205	7	272	936347	279	19.9976	1.017e-07	6.380e-06
HepG2	SUGP2	L1	L1P3	antisense	33352	11	29	904200	40	10.2834	1.023e-07	6.403e-06
HepG2	HLTF	L1	L1MB1	sense	14672	6	10	922880	16	37.7405	1.027e-07	6.418e-06
HepG2	TAF15	L1	L1ME3A	sense	4340	7	73	933212	80	20.6189	1.072e-07	6.688e-06
HepG2	XPO5	Alu	AluSp	sense	7790	13	221	929762	234	7.0208	1.172e-07	7.303e-06
HepG2	SUGP2	L1	L1ME3Cz	antisense	33352	24	169	904200	193	3.8501	1.265e-07	7.862e-06
HepG2	XPO5	Alu	AluSg4	sense	7790	6	23	929762	29	31.1356	1.324e-07	8.218e-06
HepG2	MATR3	L1	L1ME2z	antisense	14172	15	165	923380	180	5.9232	1.330e-07	8.242e-06
HepG2	MATR3	L1	L1MEh	antisense	14172	9	46	923380	55	12.7478	1.395e-07	8.628e-06
HepG2	HNRNPL	L1	L1MA10	antisense	14585	10	60	922967	70	10.5470	1.402e-07	8.656e-06
HepG2	ILF3	Alu	AluYc3	antisense	7515	4	3	930037	7	165.0099	1.416e-07	8.718e-06
HepG2	QKI	L1	L1ME3E	antisense	15371	11	73	922181	84	9.0403	1.417e-07	8.718e-06
HepG2	FUBP3	L1	L1ME4a	antisense	4611	13	391	932941	404	6.7271	1.654e-07	1.016e-05
HepG2	HNRNPC	Alu	AluYh9	antisense	12825	4	1	924727	5	288.4139	1.731e-07	1.061e-05
HepG2	KHSRP	L1	L1ME3G	sense	12425	8	39	925127	47	15.2732	1.884e-07	1.153e-05
HepG2	HNRNPL	L1	L1MA5	sense	14585	6	12	922967	18	31.6410	2.238e-07	1.368e-05
HepG2	HLTF	L1	L1MA5A	sense	14672	6	12	922880	18	31.4504	2.317e-07	1.413e-05
HepG2	ILF3	Alu	AluSg4	antisense	7515	8	70	930037	78	14.1437	2.418e-07	1.473e-05
HepG2	HNRNPL	L1	L1MB4	sense	14585	8	34	922967	42	14.8899	2.521e-07	1.533e-05
HepG2	TAF15	L1	L1MB2	sense	4340	6	50	933212	56	25.8031	2.612e-07	1.585e-05
HepG2	QKI	Alu	AluSx	sense	15371	28	527	922181	555	3.1876	2.708e-07	1.641e-05
HepG2	PCBP2	L1	L1MA9	antisense	15806	18	229	921746	247	4.5838	2.986e-07	1.806e-05
HepG2	HNRNPL	L1	L1MC4a	sense	14585	8	35	922967	43	14.4644	3.055e-07	1.844e-05
HepG2	XRCC6	Alu	AluSx	sense	435	6	549	937117	555	23.5442	3.071e-07	1.851e-05
HepG2	POLR2G	Alu	AluSx3	antisense	509	6	472	937043	478	23.4019	3.213e-07	1.934e-05
HepG2	ILF3	Alu	AluYc	antisense	7515	6	29	930037	35	25.6050	3.520e-07	2.114e-05
HepG2	SUGP2	L1	L1PA15-16	antisense	33352	7	8	904200	15	23.7220	3.602e-07	2.160e-05
HepG2	HNRNPM	L1	L1MC5a	antisense	22936	27	332	914616	359	3.2430	3.815e-07	2.284e-05
HepG2	HNRNPL	Alu	AluJb	sense	14585	51	1454	922967	1505	2.2197	4.125e-07	2.465e-05
HepG2	QKI	L1	L1ME1	antisense	15371	33	707	922181	740	2.8003	4.134e-07	2.467e-05
HepG2	MATR3	L1	L1MD2	antisense	14172	16	208	923380	224	5.0119	4.235e-07	2.523e-05
HepG2	HNRNPM	L1	L1P3	antisense	22936	9	31	914616	40	11.5772	4.309e-07	2.562e-05
HepG2	QKI	L1	L1MC4a	sense	15371	8	35	922181	43	13.7131	4.529e-07	2.684e-05
HepG2	QKI	L1	L1MCa	antisense	15371	16	192	922181	208	4.9996	4.523e-07	2.684e-05
HepG2	HNRNPL	L1	L1PA8	sense	14585	6	14	922967	20	27.1208	4.550e-07	2.692e-05
HepG2	SUGP2	L1	L1P4	antisense	33352	10	27	904200	37	10.0410	4.664e-07	2.755e-05
HepG2	PCBP2	L1	L1MC5	antisense	15806	23	375	921746	398	3.5767	4.797e-07	2.829e-05
HepG2	HNRNPC	Alu	AluYe5	antisense	12825	4	2	924727	6	144.2069	5.136e-07	3.024e-05
HepG2	SLTM	L1	L1M5	sense	4279	8	141	933273	149	12.3748	5.264e-07	3.094e-05
HepG2	HNRNPC	L1	L1MB7	antisense	12825	29	699	924727	728	2.9914	5.429e-07	3.186e-05
HepG2	PTBP1	L1	L1MEf	antisense	14033	22	395	923519	417	3.6654	5.484e-07	3.213e-05
HepG2	SUGP2	Alu	AluSz	antisense	33352	99	1549	904200	1648	1.7327	5.596e-07	3.273e-05
HepG2	EXOSC5	L1	L1PA10	antisense	1361	5	101	936191	106	34.0530	5.742e-07	3.353e-05
HepG2	TAF15	L1	L1MA9	sense	4340	6	58	933212	64	22.2440	5.843e-07	3.400e-05
HepG2	UPF1	Alu	AluSx4	sense	10488	7	37	927064	44	16.7230	5.834e-07	3.400e-05
HepG2	DKC1	Alu	AluSz	sense	3476	12	490	934076	502	6.5809	5.862e-07	3.406e-05
HepG2	HNRNPM	L1	L1PB2	antisense	22936	8	23	914616	31	13.8702	6.107e-07	3.543e-05
HepG2	HNRNPL	L1	L1PA14	sense	14585	5	7	922967	12	45.2014	6.582e-07	3.812e-05
HepG2	POLR2G	Alu	AluSz6	antisense	509	7	865	937043	872	14.8979	6.611e-07	3.822e-05
HepG2	HLTF	L1	L1PA14	sense	14672	5	7	922880	12	44.9291	6.777e-07	3.912e-05
HepG2	TAF15	L1	L1MC1	sense	4340	6	61	933212	67	21.1501	7.685e-07	4.429e-05
HepG2	HNRNPL	L1	L1ME4b	sense	14585	10	74	922967	84	8.5516	8.008e-07	4.608e-05
HepG2	HNRNPM	L1	L1M8	antisense	22936	10	45	914616	55	8.8615	8.186e-07	4.695e-05
HepG2	PCBP2	L1	L1PB4	antisense	15806	11	86	921746	97	7.4590	8.182e-07	4.695e-05
HepG2	KHSRP	L1	L1MB8	antisense	12425	21	423	925127	444	3.6964	8.301e-07	4.753e-05
HepG2	HNRNPM	L1	L1M3f	antisense	22936	9	34	914616	43	10.5556	8.316e-07	4.754e-05
HepG2	PCBP2	Alu	AluSx	antisense	15806	59	1690	921746	1749	2.0359	8.414e-07	4.802e-05
HepG2	HNRNPL	L1	L1ME2	antisense	14585	15	188	922967	203	5.0491	8.916e-07	5.081e-05
HepG2	MATR3	Alu	AluJo	antisense	14172	58	1849	923380	1907	2.0438	8.932e-07	5.082e-05
HepG2	PTBP1	L1	L1MC5	antisense	14033	21	377	923519	398	3.6658	9.781e-07	5.556e-05
HepG2	POLR2G	Alu	AluY	antisense	509	6	574	937043	580	19.2434	9.842e-07	5.582e-05
HepG2	HNRNPK	L1	L1MD2	antisense	9867	13	211	927685	224	5.7926	9.914e-07	5.614e-05
HepG2	HNRNPL	L1	L1MA8	sense	14585	8	42	922967	50	12.0537	1.027e-06	5.804e-05
HepG2	HNRNPL	L1	L1PB3	sense	14585	5	8	922967	13	39.5512	1.056e-06	5.959e-05
HepG2	HLTF	L1	L1P3	sense	14672	5	8	922880	13	39.3130	1.087e-06	6.119e-05
HepG2	PCBP2	L1	L1MA4A	antisense	15806	18	252	921746	270	4.1654	1.088e-06	6.119e-05
HepG2	KHSRP	L1	L1MC4a	antisense	12425	17	291	925127	308	4.3497	1.132e-06	6.359e-05
HepG2	XPO5	Alu	AluSc8	sense	7790	8	84	929762	92	11.3670	1.134e-06	6.359e-05
HepG2	SUGP2	L1	L1ME3D	antisense	33352	17	102	904200	119	4.5185	1.191e-06	6.668e-05
HepG2	HNRNPM	L1	L1ME3D	antisense	22936	14	105	914616	119	5.3169	1.456e-06	8.139e-05
HepG2	EXOSC5	L1	L1PA14	antisense	1361	4	52	936191	56	52.9131	1.529e-06	8.535e-05
HepG2	UPF1	Alu	AluSc	antisense	10488	20	481	927064	501	3.6754	1.554e-06	8.661e-05
HepG2	SUGP2	L1	L1M3b	antisense	33352	7	11	904200	18	17.2523	1.621e-06	9.019e-05
HepG2	PCBP2	L1	L1MB5	antisense	15806	18	261	921746	279	4.0218	1.734e-06	9.635e-05
HepG2	TAF15	L1	L1ME3B	sense	4340	5	38	933212	43	28.2929	1.763e-06	9.766e-05
HepG2	PCBP2	L1	L1MC4a	antisense	15806	19	289	921746	308	3.8339	1.761e-06	9.766e-05
HepG2	PTBP1	L1	L1ME3B	antisense	14033	14	181	923519	195	5.0903	1.837e-06	1.016e-04
HepG2	HLTF	L1	L1PA5	sense	14672	6	19	922880	25	19.8634	2.012e-06	1.111e-04
HepG2	KHSRP	L1	L1MC5	sense	12425	8	56	925127	64	10.6367	2.171e-06	1.197e-04
HepG2	MATR3	Alu	AluJb	antisense	14172	83	3092	923380	3175	1.7490	2.255e-06	1.241e-04
HepG2	HNRNPL	L1	L1MA2	sense	14585	5	10	922967	15	31.6410	2.400e-06	1.319e-04
HepG2	HNRNPC	L1	L1MC4	antisense	12825	31	842	924727	873	2.6546	2.458e-06	1.349e-04
HepG2	HLTF	L1	L1M3	sense	14672	5	10	922880	15	31.4504	2.471e-06	1.352e-04
HepG2	HLTF	L1	L1MEi	sense	14672	5	10	922880	15	31.4504	2.471e-06	1.352e-04
HepG2	TAF15	L1	L1MA7	sense	4340	5	41	933212	46	26.2227	2.482e-06	1.356e-04
HepG2	HNRNPL	L1	L1MB2	sense	14585	8	48	922967	56	10.5470	2.501e-06	1.364e-04
HepG2	HNRNPL	L1	L1ME3Cz	antisense	14585	14	179	922967	193	4.9494	2.530e-06	1.378e-04
HepG2	CSTF2	L1	L1M7	sense	4758	3	3	932794	6	196.0475	2.583e-06	1.402e-04
HepG2	KHSRP	L1	L1ME3B	antisense	12425	13	182	925127	195	5.3184	2.596e-06	1.407e-04
HepG2	PTBP1	L1	L1M4c	antisense	14033	12	135	923519	147	5.8498	2.612e-06	1.413e-04
HepG2	MATR3	L1	L1PA12	antisense	14172	6	21	923380	27	18.6158	2.685e-06	1.451e-04
HepG2	KHSRP	L1	L1MB7	antisense	12425	27	701	925127	728	2.8678	2.743e-06	1.480e-04
HepG2	CSTF2	L1	L1ME3B	sense	4758	5	38	932794	43	25.7957	2.754e-06	1.484e-04
HepG2	U2AF2	L1	L1MEg	antisense	26817	27	316	910735	343	2.9017	2.948e-06	1.586e-04
HepG2	HNRNPM	L1	L1M3b	antisense	22936	6	12	914616	18	19.9384	3.086e-06	1.657e-04
HepG2	SUGP2	L1	L1PA12	antisense	33352	8	19	904200	27	11.4151	3.097e-06	1.661e-04
HepG2	SUGP2	Alu	AluSz6	antisense	33352	59	813	904200	872	1.9675	3.108e-06	1.664e-04
HepG2	EXOSC5	L1	L1PA13	antisense	1361	5	145	936191	150	23.7197	3.180e-06	1.700e-04
HepG2	XRCC6	Alu	AluJb	antisense	435	10	3165	937117	3175	6.8066	3.214e-06	1.716e-04
HepG2	SUGP2	Alu	AluSp	antisense	33352	30	299	904200	329	2.7201	3.272e-06	1.744e-04
HepG2	MATR3	L1	L1M3	antisense	14172	11	113	923380	124	6.3425	3.312e-06	1.763e-04
HepG2	U2AF2	L1	L1MB2	antisense	26817	25	281	910735	306	3.0215	3.502e-06	1.861e-04
HepG2	CSTF2	L1	L1ME1	sense	4758	8	165	932794	173	9.5053	3.520e-06	1.868e-04
HepG2	HNRNPL	L1	L1MC3	sense	14585	8	51	922967	59	9.9266	3.745e-06	1.985e-04
HepG2	PTBP1	L1	L1MCa	antisense	14033	14	194	923519	208	4.7492	3.903e-06	2.065e-04
HepG2	CSTF2	L1	L1MC1	antisense	4758	11	361	932794	372	5.9737	4.364e-06	2.305e-04
HepG2	SAFB	L1	L1MEg	sense	1712	4	55	935840	59	39.7553	4.654e-06	2.455e-04
HepG2	RBFOX2	L1	L1PA10	sense	12115	5	15	925437	20	25.4626	4.747e-06	2.499e-04
HepG2	SUGP2	L1	L1M3c	antisense	33352	6	8	904200	14	20.3331	4.751e-06	2.499e-04
HepG2	ILF3	L1	L1M4	sense	7515	7	75	930037	82	11.5507	4.767e-06	2.502e-04
HepG2	U2AF2	L1	L1ME3F	antisense	26817	17	145	910735	162	3.9816	4.772e-06	2.502e-04
HepG2	HNRNPL	L1	L1MA4A	sense	14585	6	23	922967	29	16.5083	4.945e-06	2.589e-04
HepG2	QKI	L1	L1MC1	antisense	15371	20	352	922181	372	3.4088	5.044e-06	2.637e-04
HepG2	PTBP1	L1	L1M4	antisense	14033	22	457	923519	479	3.1681	5.173e-06	2.701e-04
HepG2	HLTF	Alu	AluJr4	sense	14672	13	164	922880	177	4.9860	5.307e-06	2.766e-04
HepG2	SAFB	L1	L1MD2	sense	1712	5	128	935840	133	21.3529	5.344e-06	2.782e-04
HepG2	QKI	L1	L1MC3	sense	15371	8	51	922181	59	9.4110	5.487e-06	2.848e-04
HepG2	QKI	L1	L1ME3C	antisense	15371	8	51	922181	59	9.4110	5.487e-06	2.848e-04
HepG2	SUGP2	L1	L1MD	antisense	33352	17	116	904200	133	3.9731	5.619e-06	2.912e-04
HepG2	MATR3	L1	L1PA2	antisense	14172	5	13	923380	18	25.0597	5.733e-06	2.967e-04
HepG2	QKI	L1	L1MC	antisense	15371	10	89	922181	99	6.7410	5.777e-06	2.986e-04
HepG2	PTBP1	L1	L1MD	antisense	14033	11	122	923519	133	5.9337	5.956e-06	3.073e-04
HepG2	UPF1	Alu	AluSx	antisense	10488	42	1707	927064	1749	2.1749	6.052e-06	3.118e-04
HepG2	PCBP2	SVA	SVA_A	sense	15806	6	22	921746	28	15.9044	6.281e-06	3.232e-04
HepG2	MATR3	L1	L1PB2	antisense	14172	6	25	923380	31	15.6373	6.341e-06	3.253e-04
HepG2	UPF1	Alu	AluSp	antisense	10488	15	314	927064	329	4.2226	6.333e-06	3.253e-04
HepG2	SUGP2	L1	L1MA10	antisense	33352	12	58	904200	70	5.6091	6.370e-06	3.264e-04
HepG2	SAFB	L1	L1MA9	sense	1712	4	60	935840	64	36.4424	6.451e-06	3.300e-04
HepG2	HNRNPC	L1	L1MEc	antisense	12825	26	671	924727	697	2.7939	6.489e-06	3.315e-04
HepG2	HLTF	L1	L1MA5	sense	14672	5	13	922880	18	24.1926	6.779e-06	3.458e-04
HepG2	SUGP2	L1	L1MC5a	antisense	33352	31	328	904200	359	2.5623	6.889e-06	3.509e-04
HepG2	U2AF2	L1	L1MD	antisense	26817	15	118	910735	133	4.3171	7.039e-06	3.580e-04
HepG2	PTBP1	L1	L1PA6	antisense	14033	14	205	923519	219	4.4944	7.056e-06	3.584e-04
HepG2	CSTF2	L1	L1MC5a	sense	4758	5	47	932794	52	20.8561	7.159e-06	3.626e-04
HepG2	KHSRP	L1	L1MA9	antisense	12425	14	233	925127	247	4.4738	7.152e-06	3.626e-04
HepG2	HLTF	L1	L1MA7	sense	14672	7	39	922880	46	11.2899	7.194e-06	3.638e-04
HepG2	SUGP2	L1	L1P1	antisense	33352	7	15	904200	22	12.6517	7.661e-06	3.863e-04
HepG2	SUGP2	L1	L1M3e	antisense	33352	7	15	904200	22	12.6517	7.661e-06	3.863e-04
HepG2	HNRNPK	L1	L1PA7	antisense	9867	15	341	927685	356	4.1357	7.912e-06	3.984e-04
HepG2	U2AF2	L1	L1MD3	antisense	26817	12	76	910735	88	5.3623	8.157e-06	4.102e-04
HepG2	U2AF2	L1	L1ME3D	antisense	26817	14	105	910735	119	4.5281	8.624e-06	4.330e-04
HepG2	SAFB	L1	L1MEc	sense	1712	4	65	935840	69	33.6391	8.713e-06	4.369e-04
HepG2	HNRNPC	Alu	AluJb	sense	12825	43	1462	924727	1505	2.1207	8.877e-06	4.445e-04
HepG2	DDX59	Alu	AluSx	antisense	5497	27	1722	932055	1749	2.6586	8.972e-06	4.486e-04
HepG2	PCBP2	SVA	SVA_B	sense	15806	4	5	921746	9	46.6530	9.508e-06	4.747e-04
HepG2	POLR2G	Alu	AluSc	antisense	509	5	496	937043	501	18.5580	9.553e-06	4.757e-04
HepG2	QKI	Alu	AluSp	sense	15371	15	219	922181	234	4.1092	9.542e-06	4.757e-04
HepG2	SUGP2	L1	L1PB2	antisense	33352	8	23	904200	31	9.4298	9.690e-06	4.818e-04
HepG2	PTBP1	L1	L1MCc	antisense	14033	11	129	923519	140	5.6117	9.728e-06	4.830e-04
HepG2	UPF1	Alu	AluSx1	antisense	10488	39	1572	927064	1611	2.1930	1.059e-05	5.249e-04
HepG2	SAFB	L1	L1MEd	sense	1712	4	69	935840	73	31.6890	1.091e-05	5.393e-04
HepG2	SAFB	L1	L1MEf	sense	1712	4	69	935840	73	31.6890	1.091e-05	5.393e-04
HepG2	TAF15	L1	L1MB7	sense	4340	7	152	933212	159	9.9025	1.095e-05	5.407e-04
HepG2	HLTF	L1	L1PA2	sense	14672	7	42	922880	49	10.4835	1.108e-05	5.465e-04
HepG2	PTBP1	Alu	AluY	antisense	14033	24	556	923519	580	2.8407	1.131e-05	5.571e-04
HepG2	HLTF	L1	L1M4b	sense	14672	5	15	922880	20	20.9669	1.195e-05	5.870e-04
HepG2	SAFB	L1	L1MC4	sense	1712	5	152	935840	157	17.9814	1.195e-05	5.870e-04
HepG2	CSTF2	L1	L1ME4a	sense	4758	6	92	932794	98	12.7857	1.203e-05	5.899e-04
HepG2	HNRNPL	L1	L1MEc	sense	14585	8	61	922967	69	8.2993	1.231e-05	6.026e-04
HepG2	TAF15	Alu	AluJo	sense	4340	14	720	933212	734	4.1811	1.240e-05	6.066e-04
HepG2	HNRNPC	Alu	AluSx	sense	12825	22	533	924727	555	2.9761	1.278e-05	6.243e-04
HepG2	XPO5	Alu	AluY	sense	7790	11	246	929762	257	5.3369	1.306e-05	6.368e-04
HepG2	PTBP1	Alu	AluSp	antisense	14033	17	312	923519	329	3.5858	1.320e-05	6.429e-04
HepG2	KHSRP	L1	L1ME3C	antisense	12425	7	52	925127	59	10.0230	1.338e-05	6.506e-04
HepG2	QKI	L1	L1MEi	antisense	15371	10	99	922181	109	6.0601	1.363e-05	6.622e-04
HepG2	QKI	L1	L1MD	antisense	15371	11	122	922181	133	5.4094	1.383e-05	6.707e-04
HepG2	QKI	Alu	AluSz	sense	15371	23	479	922181	502	2.8808	1.411e-05	6.832e-04
HepG2	MATR3	L1	L1MC5	antisense	14172	19	379	923380	398	3.2664	1.475e-05	7.134e-04
HepG2	HNRNPM	L1	L1P2	antisense	22936	10	65	914616	75	6.1349	1.487e-05	7.185e-04
HepG2	PTBP1	L1	L1M1	antisense	14033	14	220	923519	234	4.1879	1.491e-05	7.190e-04
HepG2	HNRNPL	L1	L1PREC2	sense	14585	5	16	922967	21	19.7756	1.505e-05	7.248e-04
HepG2	EXOSC5	L1	L1MA2	antisense	1361	5	202	936191	207	17.0265	1.514e-05	7.285e-04
HepG2	MATR3	L1	L1ME3	antisense	14172	12	161	923380	173	4.8563	1.526e-05	7.331e-04
HepG2	PCBP2	L1	L1PA8A	antisense	15806	9	77	921746	86	6.8162	1.568e-05	7.512e-04
HepG2	HNRNPC	Alu	AluSc	sense	12825	10	122	924727	132	5.9101	1.568e-05	7.512e-04
HepG2	EXOSC5	L1	L1PA7	antisense	1361	6	350	936191	356	11.7921	1.629e-05	7.792e-04
HepG2	UPF1	Alu	AluSg4	sense	10488	5	24	927064	29	18.4152	1.661e-05	7.938e-04
HepG2	HLTF	Alu	AluY	sense	14672	15	242	922880	257	3.8988	1.685e-05	8.039e-04
HepG2	EXOSC5	L1	L1M2c	antisense	1361	3	31	936191	34	66.5681	1.766e-05	8.416e-04
HepG2	PTBP1	L1	L1MDa	antisense	14033	13	194	923519	207	4.4100	1.786e-05	8.500e-04
HepG2	HNRNPL	L1	L1MEf	sense	14585	8	65	922967	73	7.7885	1.872e-05	8.899e-04
HepG2	KHSRP	L1	L1MEg	antisense	12425	16	327	925127	343	3.6432	1.891e-05	8.977e-04
HepG2	XRCC6	Alu	AluSp	antisense	435	4	325	937117	329	26.5144	1.944e-05	9.217e-04
HepG2	HNRNPK	L1	L1MA7	antisense	9867	10	165	927685	175	5.6981	1.965e-05	9.304e-04
HepG2	EXOSC5	L1	L1PA6	antisense	1361	5	214	936191	219	16.0717	1.984e-05	9.366e-04
HepG2	U2AF2	L1	L1MB4	antisense	26817	23	274	910735	297	2.8507	1.983e-05	9.366e-04
HepG2	CSTF2	L1	L1MC5	sense	4758	5	59	932794	64	16.6142	1.997e-05	9.415e-04
HepG2	ZC3H11A	L1	L1ME4a	sense	5212	6	92	932340	98	11.6663	2.001e-05	9.424e-04
HepG2	PTBP1	L1	L1ME3A	antisense	14033	16	290	923519	306	3.6309	2.024e-05	9.519e-04
HepG2	SUGP2	L1	L1M2c	antisense	33352	8	26	904200	34	8.3418	2.027e-05	9.520e-04
HepG2	MATR3	L1	L1MC	antisense	14172	9	90	923380	99	6.5155	2.092e-05	9.812e-04
HepG2	PTBP1	L1	L1MC4a	antisense	14033	16	292	923519	308	3.6061	2.191e-05	1.026e-03
HepG2	SUGP2	L1	L1P4a	antisense	33352	4	2	904200	6	54.2216	2.267e-05	1.060e-03
HepG2	SUGP2	L1	L1ME3G	antisense	33352	25	252	904200	277	2.6896	2.433e-05	1.137e-03
HepG2	HNRNPK	L1	L1ME2z	antisense	9867	10	170	927685	180	5.5305	2.503e-05	1.168e-03
HepG2	HNRNPC	Alu	AluYk4	antisense	12825	3	2	924727	5	108.1552	2.507e-05	1.168e-03
HepG2	HNRNPM	L1	L1MCb	antisense	22936	6	19	914616	25	12.5927	2.541e-05	1.182e-03
HepG2	PCBP2	L1	L1MC1	antisense	15806	19	353	921746	372	3.1388	2.547e-05	1.183e-03
HepG2	UPF1	Alu	AluSc8	antisense	10488	12	233	927064	245	4.5524	2.580e-05	1.197e-03
HepG2	PTBP1	L1	L1MA9	antisense	14033	14	233	923519	247	3.9543	2.712e-05	1.257e-03
HepG2	HNRNPK	L1	L1ME3A	antisense	9867	13	293	927685	306	4.1715	2.852e-05	1.320e-03
HepG2	HNRNPM	L1	L1ME3B	antisense	22936	16	179	914616	195	3.5644	2.918e-05	1.349e-03
HepG2	TRA2A	L1	L1M4c	sense	2432	4	63	935120	67	24.4131	3.039e-05	1.403e-03
HepG2	HNRNPM	L1	L1M3d	antisense	22936	5	11	914616	16	18.1259	3.052e-05	1.407e-03
HepG2	CSTF2	L1	L1MA10	antisense	4758	5	65	932794	70	15.0806	3.091e-05	1.423e-03
HepG2	PTBP1	L1	L1ME5	antisense	14033	7	53	923519	60	8.6920	3.241e-05	1.491e-03
HepG2	XRCC6	L1	L1MD2	sense	435	3	130	937117	133	49.7144	3.635e-05	1.670e-03
HepG2	SUGP2	L1	L1MEa	antisense	33352	6	13	904200	19	12.5127	3.681e-05	1.688e-03
HepG2	HNRNPL	L1	L1MD1	sense	14585	7	52	922967	59	8.5187	3.699e-05	1.695e-03
HepG2	CSTF2	L1	L1MEd	sense	4758	5	68	932794	73	14.4153	3.788e-05	1.733e-03
HepG2	HLTF	L1	L1PB3	sense	14672	4	9	922880	13	27.9559	3.828e-05	1.749e-03
HepG2	EXOSC5	L1	L1PREC2	antisense	1361	4	122	936191	126	22.5531	3.843e-05	1.752e-03
HepG2	HLTF	L1	L1MC3	sense	14672	7	52	922880	59	8.4674	3.841e-05	1.752e-03
HepG2	MATR3	L1	L1MD	antisense	14172	10	123	923380	133	5.2972	3.874e-05	1.763e-03
HepG2	HNRNPM	L1	L1MA8	antisense	22936	14	144	914616	158	3.8769	3.886e-05	1.766e-03
HepG2	SUGP2	L1	L1ME3C	antisense	33352	10	49	904200	59	5.5328	4.117e-05	1.869e-03
HepG2	SLTM	L1	L1MEi	sense	4279	3	12	933273	15	54.5263	4.149e-05	1.881e-03
HepG2	HNRNPC	L1	L1MEg1	antisense	12825	5	24	924727	29	15.0216	4.322e-05	1.957e-03
HepG2	EXOSC5	L1	L1MA5	antisense	1361	4	127	936191	131	21.6652	4.473e-05	2.023e-03
HepG2	XRN2	SVA	SVA_F	antisense	8844	3	5	928708	8	63.0060	4.535e-05	2.048e-03
HepG2	HNRNPM	L1	L1MA6	antisense	22936	12	109	914616	121	4.3901	4.546e-05	2.051e-03
HepG2	TAF15	L1	L1ME4b	sense	4340	5	79	933212	84	13.6092	4.832e-05	2.177e-03
HepG2	HLTF	Alu	AluSc	sense	14672	10	122	922880	132	5.1558	4.844e-05	2.179e-03
HepG2	U2AF2	L1	L1M6	antisense	26817	12	93	910735	105	4.3821	4.955e-05	2.227e-03
HepG2	SUGP2	L1	L1M3a	antisense	33352	4	3	904200	7	36.1478	5.140e-05	2.301e-03
HepG2	SUGP2	L1	L1M2a1	antisense	33352	4	3	904200	7	36.1478	5.140e-05	2.301e-03
HepG2	MATR3	L1	L1MA1	antisense	14172	6	38	923380	44	10.2877	5.139e-05	2.301e-03
HepG2	HNRNPL	L1	L1PA17	sense	14585	4	10	922967	14	25.3128	5.172e-05	2.313e-03
HepG2	PCBP2	L1	L1MC5a	antisense	15806	18	341	921746	359	3.0783	5.198e-05	2.321e-03
HepG2	HLTF	L1	L1PA17	sense	14672	4	10	922880	14	25.1603	5.293e-05	2.361e-03
HepG2	PTBP1	Alu	AluSq	antisense	14033	13	217	923519	230	3.9426	5.328e-05	2.373e-03
HepG2	KHSRP	L1	L1ME2z	sense	12425	5	27	925127	32	13.7883	6.103e-05	2.715e-03
HepG2	UPF1	Alu	AluSq	sense	10488	6	55	927064	61	9.6429	6.417e-05	2.851e-03
HepG2	HNRNPK	L1	L1PA11	antisense	9867	7	87	927685	94	7.5647	6.570e-05	2.915e-03
HepG2	SAFB	L1	L1MB4	sense	1712	3	39	935840	42	42.0489	6.616e-05	2.932e-03
HepG2	HNRNPC	L1	L1ME4b	antisense	12825	14	280	924727	294	3.6052	6.843e-05	3.029e-03
HepG2	HNRNPL	L1	L1MB3	sense	14585	9	103	922967	112	5.5295	6.930e-05	3.064e-03
HepG2	HNRNPL	L1	L1M3	sense	14585	4	11	922967	15	23.0116	6.965e-05	3.076e-03
HepG2	DKC1	Alu	AluJb	sense	3476	17	1488	934076	1505	3.0701	7.071e-05	3.119e-03
HepG2	HNRNPL	L1	L1MD3	antisense	14585	8	80	922967	88	6.3282	7.287e-05	3.206e-03
HepG2	SUGP2	L1	L1ME3F	antisense	33352	17	145	904200	162	3.1785	7.403e-05	3.249e-03
HepG2	PTBP1	Alu	AluSg	antisense	14033	20	472	923519	492	2.7886	7.396e-05	3.249e-03
HepG2	MATR3	L1	L1M4a2	antisense	14172	6	41	923380	47	9.5349	7.521e-05	3.296e-03
HepG2	TAF15	L1	L1ME3F	sense	4340	3	15	933212	18	43.0052	7.678e-05	3.361e-03
HepG2	HLTF	L1	L1ME3	sense	14672	5	24	922880	29	13.1043	8.141e-05	3.559e-03
HepG2	MATR3	L1	L1M3d	antisense	14172	4	12	923380	16	21.7184	8.212e-05	3.586e-03
HepG2	ILF3	Alu	AluSg4	sense	7515	4	25	930037	29	19.8012	8.346e-05	3.636e-03
HepG2	HNRNPK	L1	L1ME4b	antisense	9867	12	282	927685	294	4.0008	8.341e-05	3.636e-03
HepG2	PCBP2	L1	L1MD1	antisense	15806	14	230	921746	244	3.5497	8.377e-05	3.645e-03
HepG2	HNRNPC	Alu	AluYc3	antisense	12825	3	4	924727	7	54.0776	8.595e-05	3.735e-03
HepG2	XRCC6	L1	L1MA4A	sense	435	2	27	937117	29	159.5772	8.648e-05	3.749e-03
HepG2	U2AF2	L1	L1MB3	antisense	26817	34	545	910735	579	2.1187	8.646e-05	3.749e-03
HepG2	U2AF2	L1	L1MC3	antisense	26817	18	205	910735	223	2.9820	8.896e-05	3.847e-03
HepG2	PTBP1	L1	L1MB3	antisense	14033	22	557	923519	579	2.5993	8.890e-05	3.847e-03
HepG2	MATR3	L1	L1MC4a	antisense	14172	15	293	923380	308	3.3356	8.968e-05	3.873e-03
HepG2	PCBP2	L1	L1MB8	antisense	15806	20	424	921746	444	2.7508	9.033e-05	3.897e-03
HepG2	HNRNPL	L1	L1MA6	sense	14585	4	12	922967	16	21.0940	9.172e-05	3.950e-03
HepG2	HNRNPL	L1	L1MC2	antisense	14585	11	161	922967	172	4.3236	9.178e-05	3.950e-03
HepG2	PTBP1	L1	L1ME3G	antisense	14033	14	263	923519	277	3.5032	9.303e-05	3.998e-03
HepG2	HNRNPL	L1	L1MC2	sense	14585	5	25	922967	30	12.6564	9.378e-05	4.026e-03
HepG2	HNRNPK	L1	L1MC2	antisense	9867	9	163	927685	172	5.1912	9.960e-05	4.271e-03
HepG2	MATR3	L1	L1MA6	antisense	14172	9	112	923380	121	5.2357	1.015e-04	4.347e-03
HepG2	CSTF2	L1	L1ME3G	antisense	4758	8	269	932794	277	5.8304	1.018e-04	4.355e-03
HepG2	ILF3	Alu	AluYj4	sense	7515	3	9	930037	12	41.2525	1.073e-04	4.583e-03
HepG2	SAFB	L1	L1MDa	sense	1712	3	47	935840	50	34.8916	1.117e-04	4.767e-03
HepG2	SLTM	L1	L1ME2	sense	4279	4	50	933273	54	17.4484	1.142e-04	4.868e-03
HepG2	RBFOX2	L1	L1PA8	sense	12115	4	16	925437	20	19.0969	1.144e-04	4.870e-03
HepG2	MATR3	L1	L1PBa1	antisense	14172	3	4	923380	7	48.8664	1.155e-04	4.910e-03
HepG2	HNRNPM	L1	L1MA7	antisense	22936	14	161	914616	175	3.4676	1.173e-04	4.983e-03
HepG2	KHSRP	L1	L1ME4c	sense	12425	4	16	925127	20	18.6142	1.260e-04	5.340e-03
HepG2	CSTF2	L1	L1M5	sense	4758	6	143	932794	149	8.2258	1.259e-04	5.340e-03
HepG2	PTBP1	L1	L1MC5a	antisense	14033	16	343	923519	359	3.0699	1.326e-04	5.610e-03
HepG2	HLTF	L1	L1ME2z	sense	14672	5	27	922880	32	11.6483	1.328e-04	5.611e-03
HepG2	SAFB	Alu	AluJb	sense	1712	11	1494	935840	1505	4.0248	1.343e-04	5.671e-03
HepG2	HNRNPL	L1	L1PB4	antisense	14585	8	89	922967	97	5.6883	1.448e-04	6.107e-03
HepG2	DDX59	Alu	AluJr	antisense	5497	26	1930	932055	1956	2.2842	1.453e-04	6.118e-03
HepG2	SAFB	L1	L1M3a	sense	1712	2	8	935840	10	136.6589	1.485e-04	6.247e-03
HepG2	PTBP1	L1	L1MB7	antisense	14033	25	703	923519	728	2.3403	1.499e-04	6.298e-03
HepG2	HNRNPL	L1	L1ME3F	sense	14585	4	14	922967	18	18.0806	1.504e-04	6.305e-03
HepG2	HNRNPL	L1	L1MA5A	sense	14585	4	14	922967	18	18.0806	1.504e-04	6.305e-03
HepG2	HNRNPM	L1	L1PB	antisense	22936	4	8	914616	12	19.9384	1.514e-04	6.338e-03
HepG2	MATR3	L1	L1M2c	antisense	14172	5	29	923380	34	11.2337	1.522e-04	6.359e-03
HepG2	QKI	L1	L1ME3	antisense	15371	11	162	922181	173	4.0737	1.521e-04	6.359e-03
HepG2	QKI	L1	L1ME2	antisense	15371	12	191	922181	203	3.7693	1.544e-04	6.443e-03
HepG2	HLTF	L1	L1MC5a	sense	14672	6	46	922880	52	8.2044	1.612e-04	6.717e-03
HepG2	PTBP1	L1	L1MEa	antisense	14033	4	15	923519	19	17.5495	1.624e-04	6.760e-03
HepG2	HNRNPM	L1	L1P1	antisense	22936	5	17	914616	22	11.7285	1.628e-04	6.768e-03
HepG2	CSTF2	L1	L1MC4	sense	4758	6	151	932794	157	7.7900	1.674e-04	6.951e-03
HepG2	POLR2G	Alu	AluSg	antisense	509	4	488	937043	492	15.0897	1.679e-04	6.957e-03
HepG2	FUBP3	L1	L1ME3F	antisense	4611	6	156	932941	162	7.7819	1.677e-04	6.957e-03
HepG2	MATR3	L1	L1MEa	antisense	14172	4	15	923380	19	17.3747	1.687e-04	6.979e-03
HepG2	AGGF1	Alu	AluJb	sense	5235	21	1484	932317	1505	2.5202	1.697e-04	7.014e-03
HepG2	CSTF2	L1	L1ME2	sense	4758	4	50	932794	54	15.6838	1.711e-04	7.064e-03
HepG2	TAF15	L1	L1ME1	sense	4340	6	167	933212	173	7.7255	1.732e-04	7.140e-03
HepG2	PTBP1	L1	L1M8	antisense	14033	6	49	923519	55	8.0584	1.737e-04	7.156e-03
HepG2	KHSRP	L1	L1MD3	antisense	12425	7	81	925127	88	6.4345	1.783e-04	7.336e-03
HepG2	SUGP2	L1	L1M3d	antisense	33352	5	11	904200	16	12.3231	1.789e-04	7.353e-03
HepG2	CSTF2	L1	L1MB7	sense	4758	6	153	932794	159	7.6881	1.793e-04	7.359e-03
HepG2	HNRNPL	L1	L1ME3D	sense	14585	4	15	922967	19	16.8752	1.882e-04	7.715e-03
HepG2	HNRNPL	L1	L1MB5	sense	14585	6	48	922967	54	7.9102	1.929e-04	7.899e-03
HepG2	SUGP2	L1	L1ME3E	antisense	33352	11	73	904200	84	4.0852	1.950e-04	7.974e-03
HepG2	U2AF2	L1	L1MA8	antisense	26817	14	144	910735	158	3.3018	1.984e-04	8.106e-03
HepG2	HLTF	L1	L1M8	sense	14672	3	5	922880	8	37.7405	2.023e-04	8.255e-03
HepG2	CSTF2	L1	L1MB8	sense	4758	5	99	932794	104	9.9014	2.037e-04	8.302e-03
HepG2	ILF3	L1	L1MB8	sense	7515	6	98	930037	104	7.5770	2.055e-04	8.365e-03
HepG2	KHSRP	L1	L1MB4	antisense	12425	13	284	925127	297	3.4082	2.057e-04	8.365e-03
HepG2	HNRNPL	L1	L1ME3Cz	sense	14585	6	49	922967	55	7.7488	2.137e-04	8.679e-03
HepG2	HNRNPM	L1	L1ME3E	antisense	22936	9	75	914616	84	4.7852	2.207e-04	8.955e-03
HepG2	HLTF	Alu	AluSg	sense	14672	10	149	922880	159	4.2215	2.264e-04	9.177e-03
HepG2	MATR3	L1	L1P4	antisense	14172	5	32	923380	37	10.1805	2.297e-04	9.299e-03
HepG2	QKI	L1	L1MEf	antisense	15371	18	399	922181	417	2.7065	2.367e-04	9.573e-03
HepG2	HLTF	L1	L1PA8	sense	14672	4	16	922880	20	15.7252	2.376e-04	9.598e-03
HepG2	CSTF2	L1	L1ME3C	antisense	4758	4	55	932794	59	14.2580	2.414e-04	9.737e-03
HepG2	HLTF	Alu	AluSx	sense	14672	21	534	922880	555	2.4736	2.424e-04	9.757e-03
HepG2	ILF3	Alu	AluYj4	antisense	7515	4	34	930037	38	14.5597	2.449e-04	9.836e-03
HepG2	QKI	L1	L1MB5	antisense	15371	14	265	922181	279	3.1695	2.531e-04	1.015e-02
HepG2	CSTF2	L1	L1ME4c	antisense	4758	5	104	932794	109	9.4254	2.534e-04	1.015e-02
HepG2	HNRNPC	Alu	AluSz	sense	12825	18	484	924727	502	2.6815	2.556e-04	1.023e-02
HepG2	BCCIP	L1	L1PA15	antisense	1205	4	230	936347	234	13.5139	2.614e-04	1.045e-02
HepG2	HNRNPL	L1	L1MB1	antisense	14585	8	98	922967	106	5.1659	2.673e-04	1.067e-02
HepG2	U2AF2	L1	L1ME3C	antisense	26817	8	51	910735	59	5.3272	2.701e-04	1.077e-02
HepG2	DKC1	Alu	AluSx	sense	3476	9	546	934076	555	4.4295	2.787e-04	1.110e-02
HepG2	SUGP2	L1	L1M2a	antisense	33352	4	6	904200	10	18.0739	2.829e-04	1.124e-02
HepG2	QKI	L1	L1ME3Cz	sense	15371	6	49	922181	55	7.3463	2.827e-04	1.124e-02
HepG2	CSTF2	L1	L1ME3	antisense	4758	6	167	932794	173	7.0436	2.824e-04	1.124e-02
HepG2	GTF2F1	L1	L1PB4	sense	7474	4	36	930078	40	13.8269	2.933e-04	1.163e-02
HepG2	HNRNPM	L1	L1M3c	antisense	22936	4	10	914616	14	15.9507	2.944e-04	1.165e-02
HepG2	MATR3	L1	L1ME3E	antisense	14172	7	77	923380	84	5.9232	2.953e-04	1.165e-02
HepG2	QKI	L1	L1MC4	sense	15371	10	147	922181	157	4.0813	2.949e-04	1.165e-02
HepG2	SUGP2	L1	L1MD3	antisense	33352	11	77	904200	88	3.8730	2.951e-04	1.165e-02
HepG2	SUGP2	Alu	AluY	antisense	33352	38	542	904200	580	1.9008	2.947e-04	1.165e-02
HepG2	CSTF2	L1	L1MA9	antisense	4758	7	240	932794	247	5.7181	3.064e-04	1.207e-02
HepG2	UPF1	Alu	AluSq	antisense	10488	10	220	927064	230	4.0179	3.097e-04	1.219e-02
HepG2	SAFB	L1	L1ME1	sense	1712	4	169	935840	173	12.9381	3.125e-04	1.229e-02
HepG2	HNRNPM	L1	L1MD3	antisense	22936	9	79	914616	88	4.5429	3.139e-04	1.233e-02
HepG2	GRWD1	L1	L1P2	sense	47926	5	8	889626	13	11.6016	3.176e-04	1.246e-02
HepG2	HLTF	Alu	AluSq2	sense	14672	14	285	922880	299	3.0899	3.203e-04	1.255e-02
HepG2	HNRNPM	L1	L1ME3Cz	antisense	22936	14	179	914616	193	3.1189	3.239e-04	1.268e-02
HepG2	HNRNPC	L1	L1M3	antisense	12825	8	116	924727	124	4.9727	3.306e-04	1.292e-02
HepG2	POLR2G	Alu	AluSc8	antisense	509	3	242	937043	245	22.8217	3.493e-04	1.364e-02
HepG2	XRN2	SVA	SVA_B	antisense	8844	3	12	928708	15	26.2525	3.507e-04	1.368e-02
HepG2	SLTM	Alu	AluSx1	sense	4279	10	559	933273	569	3.9017	3.543e-04	1.381e-02
HepG2	KHSRP	L1	L1MB3	antisense	12425	19	560	925127	579	2.5262	3.557e-04	1.385e-02
HepG2	HNRNPUL1	L1	L1MB5	sense	2379	3	51	935173	54	23.1232	3.674e-04	1.429e-02
HepG2	HNRNPC	L1	L1MB2	antisense	12825	13	293	924727	306	3.1991	3.691e-04	1.434e-02
HepG2	HNRNPK	L1	L1MB4	antisense	9867	11	286	927685	297	3.6161	3.714e-04	1.441e-02
HepG2	XPO5	SVA	SVA_D	antisense	7790	4	37	929762	41	12.9031	3.774e-04	1.463e-02
HepG2	MATR3	L1	L1M2a	antisense	14172	3	7	923380	10	27.9237	3.827e-04	1.482e-02
HepG2	HNRNPM	L1	L1PA15-16	antisense	22936	4	11	914616	15	14.5007	3.936e-04	1.521e-02
HepG2	HNRNPM	L1	L1MEg2	antisense	22936	4	11	914616	15	14.5007	3.936e-04	1.521e-02
HepG2	XRCC6	Alu	AluSq2	sense	435	3	296	937117	299	21.8340	3.951e-04	1.523e-02
HepG2	TAF15	Alu	AluSx1	sense	4340	10	559	933212	569	3.8466	3.952e-04	1.523e-02
HepG2	SUGP2	L1	L1MA6	antisense	33352	13	108	904200	121	3.2633	3.961e-04	1.525e-02
HepG2	RBM22	L1	L1MD2	sense	6672	6	127	930880	133	6.5915	4.115e-04	1.583e-02
HepG2	HNRNPL	L1	L1PB2	sense	14585	3	7	922967	10	27.1208	4.161e-04	1.599e-02
HepG2	HNRNPC	L1	L1M4	antisense	12825	17	462	924727	479	2.6532	4.191e-04	1.608e-02
HepG2	RBM22	L1	L1PA2	sense	6672	4	45	930880	49	12.4018	4.206e-04	1.612e-02
HepG2	HLTF	L1	L1M3a	sense	14672	3	7	922880	10	26.9575	4.234e-04	1.622e-02
HepG2	SUGP2	L1	L1P4b	antisense	33352	3	2	904200	5	40.6662	4.265e-04	1.631e-02
HepG2	KHSRP	L1	L1MD	antisense	12425	8	125	925127	133	4.7652	4.296e-04	1.640e-02
HepG2	SUGP2	Alu	AluSx	antisense	33352	90	1659	904200	1749	1.4707	4.293e-04	1.640e-02
HepG2	SLTM	SVA	SVA_C	sense	4279	2	5	933273	7	87.2422	4.307e-04	1.643e-02
HepG2	HNRNPL	Alu	AluSz	sense	14585	19	483	922967	502	2.4894	4.322e-04	1.647e-02
HepG2	SAFB	L1	L1PA15	sense	1712	3	76	935840	79	21.5777	4.333e-04	1.649e-02
HepG2	HNRNPM	L1	L1PA12	antisense	22936	5	22	914616	27	9.0629	4.508e-04	1.714e-02
HepG2	QKI	L1	L1ME4c	antisense	15371	8	101	922181	109	4.7521	4.565e-04	1.733e-02
HepG2	PCBP2	L1	L1MD	antisense	15806	9	124	921746	133	4.2326	4.582e-04	1.738e-02
HepG2	EXOSC5	L1	L1PA16	antisense	1361	4	237	936191	241	11.6096	4.613e-04	1.746e-02
HepG2	MATR3	L1	L1MC5a	antisense	14172	15	344	923380	359	2.8411	4.613e-04	1.746e-02
HepG2	HNRNPL	L1	L1MCa	antisense	14585	11	197	922967	208	3.5335	4.743e-04	1.793e-02
HepG2	HNRNPK	L1	L1MB2	antisense	9867	11	295	927685	306	3.5058	4.764e-04	1.799e-02
HepG2	QKI	L1	L1ME4b	sense	15371	7	77	922181	84	5.4541	4.786e-04	1.806e-02
HepG2	PCBP2	Alu	AluSz	antisense	15806	47	1601	921746	1648	1.7120	4.843e-04	1.825e-02
HepG2	SLTM	L1	L1PA15	sense	4279	4	75	933273	79	11.6323	4.957e-04	1.866e-02
HepG2	HNRNPK	L1	L1PA5	antisense	9867	9	205	927685	214	4.1277	5.020e-04	1.888e-02
HepG2	CSTF2	L1	L1ME3Cz	antisense	4758	6	187	932794	193	6.2903	5.043e-04	1.894e-02
HepG2	HNRNPU	Alu	AluJb	sense	2334	12	1493	935218	1505	3.2206	5.063e-04	1.900e-02
HepG2	AKAP1	Alu	AluSp	sense	7182	8	226	930370	234	4.5856	5.071e-04	1.901e-02
HepG2	BCCIP	L1	L1M2	antisense	1205	4	276	936347	280	11.2616	5.137e-04	1.924e-02
HepG2	MATR3	L1	L1M3de	antisense	14172	3	8	923380	11	24.4332	5.202e-04	1.946e-02
HepG2	TAF15	L1	L1MD3	sense	4340	3	31	933212	34	20.8089	5.328e-04	1.991e-02
HepG2	QKI	L1	L1MCc	antisense	15371	9	131	922181	140	4.1218	5.454e-04	2.036e-02
HepG2	HLTF	L1	L1MC4a	sense	14672	5	38	922880	43	8.2764	5.503e-04	2.050e-02
HepG2	UPF1	Alu	AluSg	antisense	10488	15	477	927064	492	2.7796	5.499e-04	2.050e-02
HepG2	TAF15	Alu	AluSq2	sense	4340	7	292	933212	299	5.1547	5.548e-04	2.065e-02
HepG2	HNRNPC	Alu	AluYh3a3	antisense	12825	2	1	924727	3	144.2069	5.562e-04	2.068e-02
HepG2	KHSRP	L1	L1ME3	sense	12425	4	25	925127	29	11.9131	5.619e-04	2.084e-02
HepG2	U2AF2	L1	L1MC	antisense	26817	10	89	910735	99	3.8159	5.613e-04	2.084e-02
HepG2	PCBP2	L1	L1ME3E	antisense	15806	7	77	921746	84	5.3015	5.640e-04	2.090e-02
HepG2	PTBP1	L1	L1MA4	antisense	14033	15	355	923519	370	2.7807	5.690e-04	2.106e-02
HepG2	CSTF2	L1	L1MC5a	antisense	4758	8	351	932794	359	4.4683	5.771e-04	2.134e-02
HepG2	ILF3	Alu	Alu	sense	7515	3	18	930037	21	20.6262	6.145e-04	2.268e-02
HepG2	PCBP2	L1	L1MB4	antisense	15806	14	283	921746	297	2.8849	6.193e-04	2.283e-02
HepG2	AGGF1	Alu	AluJr	sense	5235	14	876	932317	890	2.8462	6.262e-04	2.306e-02
HepG2	HNRNPL	L1	L1M4c	sense	14585	6	61	922967	67	6.2245	6.278e-04	2.310e-02
HepG2	SUGP2	L1	L1PB	antisense	33352	4	8	904200	12	13.5554	6.298e-04	2.314e-02
HepG2	ILF3	Alu	AluYe5	sense	7515	2	3	930037	5	82.5049	6.322e-04	2.319e-02
HepG2	ILF3	Alu	AluYk11	antisense	7515	2	3	930037	5	82.5049	6.322e-04	2.319e-02
HepG2	QKI	L1	L1ME1	sense	15371	10	163	922181	173	3.6807	6.328e-04	2.319e-02
HepG2	PTBP1	L1	L1MD2	antisense	14033	11	213	923519	224	3.3987	6.401e-04	2.343e-02
HepG2	HNRNPL	L1	L1MA6	antisense	14585	8	113	922967	121	4.4801	6.500e-04	2.377e-02
HepG2	SRSF9	L1	L1MEc	sense	2275	3	66	935277	69	18.6869	6.633e-04	2.423e-02
HepG2	MATR3	L1	L1MA10	antisense	14172	6	64	923380	70	6.1083	6.836e-04	2.494e-02
HepG2	QKI	L1	L1MCb	antisense	15371	4	21	922181	25	11.4276	6.935e-04	2.528e-02
HepG2	KHSRP	L1	L1ME3A	sense	12425	6	74	925127	80	6.0370	7.039e-04	2.563e-02
HepG2	EXOSC5	L1	L1PA12	antisense	1361	2	25	936191	27	55.0296	7.215e-04	2.624e-02
HepG2	SRSF7	L1	L1PB3	antisense	1200	3	131	936352	134	17.8693	7.237e-04	2.630e-02
HepG2	HLTF	L1	L1M3e	sense	14672	2	1	922880	3	125.8015	7.270e-04	2.639e-02
HepG2	BCCIP	L1	L1PB3	antisense	1205	3	131	936347	134	17.7951	7.324e-04	2.656e-02
HepG2	CSTF2	L1	L1PA15	sense	4758	4	75	932794	79	10.4559	7.352e-04	2.664e-02
HepG2	PTBP1	L1	L1ME3Cz	antisense	14033	10	183	923519	193	3.5962	7.375e-04	2.669e-02
HepG2	FAM120A	SVA	SVA_D	antisense	16661	5	36	920891	41	7.6767	7.791e-04	2.817e-02
HepG2	MATR3	L1	L1ME3Cz	antisense	14172	10	183	923380	193	3.5604	7.943e-04	2.869e-02
HepG2	QKI	L1	L1MD1	antisense	15371	12	232	922181	244	3.1032	8.076e-04	2.914e-02
HepG2	ILF3	Alu	AluSg7	sense	7515	3	20	930037	23	18.5636	8.085e-04	2.914e-02
HepG2	ILF3	Alu	AluSc5	antisense	7515	5	85	930037	90	7.2798	8.258e-04	2.973e-02
HepG2	SUGP2	L1	L1PBb	antisense	33352	3	3	904200	6	27.1108	8.302e-04	2.984e-02
HepG2	EXOSC5	L1	L1M3	antisense	1361	3	121	936191	124	17.0546	8.304e-04	2.984e-02
HepG2	PTBP1	L1	L1MB2	antisense	14033	13	293	923519	306	2.9199	8.419e-04	3.022e-02
HepG2	HNRNPK	L1	L1PA2	antisense	9867	3	15	927685	18	18.8038	8.447e-04	3.029e-02
HepG2	PTBP1	L1	L1M6B	antisense	14033	3	10	923519	13	19.7432	8.568e-04	3.067e-02
HepG2	HNRNPL	L1	L1MC4	sense	14585	9	148	922967	157	3.8482	8.569e-04	3.067e-02
HepG2	FUBP3	L1	L1M4c	antisense	4611	5	142	932941	147	7.1243	8.606e-04	3.077e-02
HepG2	MATR3	L1	L1M6B	antisense	14172	3	10	923380	13	19.5466	8.816e-04	3.147e-02
HepG2	XPO5	Alu	AluSc	sense	7790	6	126	929762	132	5.6835	8.821e-04	3.147e-02
HepG2	SUGP2	L1	L1M6B	antisense	33352	4	9	904200	13	12.0493	8.840e-04	3.151e-02
HepG2	BCCIP	L1	L1M2c	antisense	1205	2	32	936347	34	48.5657	9.010e-04	3.208e-02
HepG2	KHSRP	L1	L1ME3E	antisense	12425	6	78	925127	84	5.7275	9.105e-04	3.239e-02
HepG2	SLTM	L1	L1M3a	sense	4279	2	8	933273	10	54.5263	9.146e-04	3.247e-02
HepG2	HLTF	Alu	AluSx3	sense	14672	10	180	922880	190	3.4945	9.142e-04	3.247e-02
HepG2	FAM120A	L1	L1MB3	sense	16661	8	104	920891	112	4.2517	9.192e-04	3.260e-02
HepG2	CSTF2	L1	L1ME4b	sense	4758	4	80	932794	84	9.8024	9.255e-04	3.279e-02
HepG2	ILF3	Alu	AluYe5	antisense	7515	2	4	930037	6	61.8787	9.432e-04	3.339e-02
HepG2	HNRNPK	L1	L1PA10	antisense	9867	6	100	927685	106	5.6411	9.441e-04	3.339e-02
HepG2	TIAL1	Alu	AluSx	sense	4138	9	546	933414	555	3.7182	9.539e-04	3.370e-02
HepG2	HNRNPL	L1	L1MC	sense	14585	3	10	922967	13	18.9846	9.577e-04	3.380e-02
HepG2	HLTF	L1	L1P2	sense	14672	3	10	922880	13	18.8702	9.743e-04	3.435e-02
HepG2	PCBP2	L1	L1ME3D	antisense	15806	8	111	921746	119	4.2030	9.753e-04	3.435e-02
HepG2	SRSF9	L1	L1PA15	sense	2275	3	76	935277	79	16.2281	9.833e-04	3.460e-02
HepG2	ILF3	L1	L1MB7	antisense	7515	15	713	930037	728	2.6036	1.009e-03	3.546e-02
HepG2	HNRNPL	Alu	AluJr	sense	14585	27	863	922967	890	1.9799	1.010e-03	3.547e-02
HepG2	BCCIP	L1	L1PA13	antisense	1205	3	147	936347	150	15.8582	1.014e-03	3.558e-02
HepG2	QKI	L1	L1MA10	antisense	15371	6	64	922181	70	5.6245	1.038e-03	3.638e-02
HepG2	PCBP2	L1	L1PB1	antisense	15806	13	266	921746	279	2.8500	1.057e-03	3.700e-02
HepG2	HNRNPL	L1	L1ME3F	antisense	14585	9	153	922967	162	3.7225	1.069e-03	3.738e-02
HepG2	ILF3	L1	L1MB8	antisense	7515	11	433	930037	444	3.1440	1.094e-03	3.821e-02
HepG2	HNRNPC	Alu	AluYb8	antisense	12825	2	2	924727	4	72.1035	1.102e-03	3.848e-02
HepG2	MATR3	L1	L1M3c	antisense	14172	3	11	923380	14	17.7696	1.109e-03	3.869e-02
HepG2	HNRNPK	L1	L1ME3Cz	antisense	9867	8	185	927685	193	4.0657	1.111e-03	3.872e-02
HepG2	CSTF2	L1	L1PA7	sense	4758	3	37	932794	40	15.8957	1.122e-03	3.904e-02
HepG2	HNRNPC	L1	L1MC3	antisense	12825	10	213	924727	223	3.3851	1.126e-03	3.914e-02
HepG2	XRCC6	Alu	AluSz	antisense	435	5	1643	937117	1648	6.5560	1.135e-03	3.943e-02
HepG2	U2AF2	L1	L1MEf	antisense	26817	24	393	910735	417	2.0740	1.138e-03	3.948e-02
HepG2	HNRNPM	L1	L1M6	antisense	22936	9	96	914616	105	3.7385	1.141e-03	3.956e-02
HepG2	HNRNPC	L1	L1M5	antisense	12825	19	601	924727	620	2.2795	1.155e-03	4.000e-02
HepG2	TAF15	L1	L1ME4a	sense	4340	4	94	933212	98	9.1500	1.172e-03	4.054e-02
HepG2	PCBP2	L1	L1PA8	antisense	15806	7	88	921746	95	4.6388	1.173e-03	4.054e-02
HepG2	SRSF9	L1	L1PREC2	sense	2275	2	19	935277	21	43.2748	1.199e-03	4.139e-02
HepG2	HNRNPL	L1	L1MA10	sense	14585	3	11	922967	14	17.2587	1.205e-03	4.157e-02
HepG2	KHSRP	L1	L1ME5	antisense	12425	5	55	925127	60	6.7688	1.218e-03	4.199e-02
HepG2	FUBP3	L1	L1MEf	antisense	4611	8	409	932941	417	3.9575	1.232e-03	4.242e-02
HepG2	U2AF2	L1	L1MB8	antisense	26817	25	419	910735	444	2.0263	1.233e-03	4.242e-02
HepG2	QKI	L1	L1PA2	sense	15371	5	44	922181	49	6.8176	1.239e-03	4.259e-02
HepG2	KHSRP	L1	L1MA8	antisense	12425	8	150	925127	158	3.9710	1.321e-03	4.536e-02
HepG2	HNRNPUL1	L1	L1ME4b	sense	2379	3	81	935173	84	14.5591	1.334e-03	4.575e-02
HepG2	TAF15	L1	L1ME5	sense	4340	2	10	933212	12	43.0052	1.371e-03	4.698e-02
HepG2	PCBP2	Alu	AluSq2	antisense	15806	18	455	921746	473	2.3070	1.383e-03	4.736e-02
HepG2	PTBP1	L1	L1MA7	antisense	14033	9	166	923519	175	3.5680	1.404e-03	4.802e-02
HepG2	HLTF	L1	L1M4a2	sense	14672	2	2	922880	4	62.9008	1.439e-03	4.912e-02
HepG2	HNRNPC	L1	L1MB8	antisense	12825	15	429	924727	444	2.5211	1.438e-03	4.912e-02
HepG2	MATR3	L1	L1MB8	antisense	14172	16	428	923380	444	2.4357	1.448e-03	4.940e-02
HepG2	ILF3	SVA	SVA_A	sense	7515	3	25	930037	28	14.8509	1.452e-03	4.946e-02
K562	KHSRP	L1	L1M5	antisense	41865	470	411	843530	881	23.0412	0.000e+00	0.000e+00
K562	ILF3	Alu	AluJb	sense	7110	268	812	878285	1080	40.7704	6.191e-306	1.314e-301
K562	KHSRP	L1	L1ME1	antisense	41865	342	404	843530	746	17.0567	4.812e-241	6.810e-237
K562	ILF3	Alu	AluJb	antisense	7110	253	1373	878285	1626	22.7623	1.064e-233	1.129e-229
K562	EXOSC5	L1	L1PB1	antisense	16207	185	148	869188	333	67.0380	8.891e-226	7.550e-222
K562	KHSRP	L1	L1ME4a	antisense	41865	259	251	843530	510	20.7910	1.731e-197	1.225e-193
K562	HNRNPC	Alu	AluSx	antisense	1465	119	769	883930	888	93.3686	7.983e-184	4.842e-180
K562	ILF3	Alu	AluJr	antisense	7110	188	897	878285	1085	25.8900	5.267e-183	2.795e-179
K562	HNRNPC	Alu	AluJb	antisense	1465	133	1493	883930	1626	53.7492	8.569e-176	4.042e-172
K562	KHDRBS1	L1	L1M5	sense	3897	111	206	881498	317	121.8840	1.566e-175	6.647e-172
K562	EXOSC5	L1	L1PA7	antisense	16207	145	144	869188	289	54.0028	2.125e-168	8.201e-165
K562	ILF3	Alu	AluJr	sense	7110	155	554	878285	709	34.5611	7.595e-168	2.687e-164
K562	EXOSC5	L1	L1PA16	antisense	16207	142	132	869188	274	57.6933	1.158e-167	3.781e-164
K562	HNRNPC	Alu	AluSx1	antisense	1465	102	630	883930	732	97.6877	2.080e-159	6.307e-156
K562	ILF3	Alu	AluJo	antisense	7110	166	903	878285	1069	22.7084	1.814e-153	5.135e-150
K562	EXOSC5	L1	L1PA15	antisense	16207	130	123	869188	253	56.6825	5.748e-153	1.525e-149
K562	HNRNPC	Alu	AluSz	antisense	1465	97	713	883930	810	82.0847	7.388e-145	1.845e-141
K562	KHSRP	L1	L1MEc	antisense	41865	224	400	843530	624	11.2833	9.856e-131	2.325e-127
K562	KHSRP	L1	L1M4	antisense	41865	195	277	843530	472	14.1842	1.446e-127	3.232e-124
K562	ILF3	Alu	AluJo	sense	7110	117	463	878285	580	31.2155	1.321e-122	2.804e-119
K562	EXOSC5	L1	L1PA5	antisense	16207	101	96	869188	197	56.4237	4.547e-119	9.193e-116
K562	KHSRP	L1	L1ME3A	antisense	41865	157	179	843530	336	17.6724	3.583e-113	6.914e-110
K562	HNRNPL	L1	L1MC4	antisense	9862	119	493	875533	612	21.4293	2.843e-106	5.248e-103
K562	PTBP1	Alu	AluJb	antisense	12476	187	1439	872919	1626	9.0924	1.114e-105	1.970e-102
K562	KHSRP	L1	L1ME3G	antisense	41865	136	144	843530	280	19.0294	3.895e-101	6.614e-98
K562	KHSRP	L1	L1MB7	antisense	41865	186	399	843530	585	9.3927	2.713e-98	4.429e-95
K562	EXOSC5	L1	L1PREC2	antisense	16207	83	84	869188	167	52.9919	1.263e-96	1.986e-93
K562	EXOSC5	L1	L1PA6	antisense	16207	87	107	869188	194	43.6060	4.089e-96	6.200e-93
K562	HNRNPC	Alu	AluJo	antisense	1465	74	995	883930	1069	44.8734	1.590e-92	2.328e-89
K562	PTBP1	Alu	AluJr	antisense	12476	146	939	872919	1085	10.8789	2.296e-92	3.250e-89
K562	HNRNPC	Alu	AluSz6	antisense	1465	58	378	883930	436	92.5798	8.455e-90	1.158e-86
K562	KHSRP	L1	L1ME3Cz	antisense	41865	119	123	843530	242	19.4936	1.615e-89	2.143e-86
K562	KHSRP	L1	L1MEd	antisense	41865	160	317	843530	477	10.1697	9.408e-89	1.210e-85
K562	EXOSC5	L1	L1MA4A	antisense	16207	94	192	869188	286	26.2566	2.535e-88	3.166e-85
K562	EXOSC5	L1	L1M2	antisense	16207	94	214	869188	308	23.5573	7.264e-85	8.811e-82
K562	SAFB2	L1	L1MEc	sense	8005	62	97	877390	159	70.0570	6.291e-83	7.419e-80
K562	KHSRP	L1	L1MEf	antisense	41865	142	258	843530	400	11.0897	9.151e-83	1.050e-79
K562	KHSRP	L1	L1ME2	antisense	41865	120	176	843530	296	13.7378	5.003e-78	5.589e-75
K562	ILF3	Alu	AluSx	antisense	7110	99	789	878285	888	15.4997	1.080e-77	1.175e-74
K562	KHSRP	L1	L1ME4b	antisense	41865	122	190	843530	312	12.9377	4.293e-77	4.557e-74
K562	KHSRP	L1	L1MB2	antisense	41865	125	212	843530	337	11.8802	1.047e-75	1.085e-72
K562	SAFB2	L1	L1ME1	sense	8005	68	204	877390	272	36.5351	1.943e-75	1.964e-72
K562	SAFB2	L1	L1MC1	sense	8005	51	57	877390	108	98.0679	6.359e-74	6.278e-71
K562	KHSRP	L1	L1MC4	antisense	41865	162	450	843530	612	7.2536	9.390e-73	9.060e-70
K562	EXOSC5	L1	L1MA4	antisense	16207	82	198	869188	280	22.2106	1.356e-72	1.279e-69
K562	EXOSC5	L1	L1PA13	antisense	16207	61	58	869188	119	56.4044	1.520e-72	1.403e-69
K562	EXOSC5	L1	L1PA17	antisense	16207	57	42	869188	99	72.7841	6.439e-72	5.817e-69
K562	MATR3	L1	L1MEc	antisense	8519	88	536	876876	624	16.8993	1.095e-71	9.689e-69
K562	KHSRP	L1	L1ME4c	antisense	41865	82	56	843530	138	29.5036	2.778e-71	2.407e-68
K562	PTBP1	Alu	AluJo	antisense	12476	124	945	872919	1069	9.1810	4.738e-71	4.023e-68
K562	KHSRP	L1	L1ME3B	antisense	41865	103	136	843530	239	15.2598	1.942e-70	1.617e-67
K562	KHSRP	L1	L1MB4	antisense	41865	102	146	843530	248	14.0766	2.510e-67	2.049e-64
K562	KHSRP	L1	L1MD	antisense	41865	88	98	843530	186	18.0928	8.828e-65	7.071e-62
K562	ILF3	Alu	AluSz	antisense	7110	84	726	878285	810	14.2925	1.440e-63	1.132e-60
K562	EXOSC5	L1	L1PA4	antisense	16207	52	45	869188	97	61.9729	1.837e-63	1.418e-60
K562	HNRNPC	Alu	AluJr	antisense	1465	56	1029	883930	1085	32.8362	3.900e-63	2.957e-60
K562	KHSRP	L1	L1MB8	antisense	41865	114	232	843530	346	9.9007	8.512e-63	6.340e-60
K562	KHSRP	L1	L1MB3	antisense	41865	126	305	843530	431	8.3238	2.087e-62	1.528e-59
K562	EXOSC5	L1	L1PA10	antisense	16207	57	80	869188	137	38.2117	3.415e-61	2.458e-58
K562	KHSRP	L1	L1ME3	antisense	41865	80	83	843530	163	19.4205	1.193e-60	8.444e-58
K562	KHSRP	L1	L1ME3D	antisense	41865	76	71	843530	147	21.5677	6.481e-60	4.511e-57
K562	SAFB2	L1	L1M4	sense	8005	47	91	877390	138	56.6093	6.781e-60	4.644e-57
K562	SAFB2	L1	L1PA16	sense	8005	46	85	877390	131	59.3158	2.198e-59	1.481e-56
K562	PTBP1	L1	L1MEg	antisense	12476	69	246	872919	315	19.6251	2.302e-59	1.527e-56
K562	HNRNPC	Alu	AluY	antisense	1465	38	247	883930	285	92.8254	2.378e-59	1.553e-56
K562	PTBP1	Alu	AluSx	antisense	12476	102	786	872919	888	9.0798	2.462e-58	1.584e-55
K562	HNRNPM	L1	L1PB1	antisense	10195	65	268	875200	333	20.8209	5.131e-58	3.251e-55
K562	SAFB2	L1	L1MDa	sense	8005	40	46	877390	86	95.3089	5.794e-58	3.617e-55
K562	PTBP1	L1	L1MEd	antisense	12476	79	398	872919	477	13.8881	8.553e-58	5.263e-55
K562	HNRNPM	L1	L1PA15	antisense	10195	59	194	875200	253	26.1078	1.087e-57	6.518e-55
K562	ILF3	Alu	AluSx	sense	7110	62	346	878285	408	22.1351	1.090e-57	6.518e-55
K562	HNRNPM	L1	L1M2	antisense	10195	62	246	875200	308	21.6360	2.729e-56	1.609e-53
K562	EXOSC5	L1	L1MA3	antisense	16207	61	138	869188	199	23.7062	8.587e-56	4.994e-53
K562	SAFB2	L1	L1MEf	sense	8005	41	67	877390	108	67.0719	8.713e-55	4.999e-52
K562	PTBP1	Alu	AluSz	antisense	12476	93	717	872919	810	9.0753	2.542e-53	1.439e-50
K562	KHSRP	L1	L1MEg	antisense	41865	98	217	843530	315	9.0995	1.179e-51	6.585e-49
K562	KHSRP	L1	L1MC5a	antisense	41865	102	244	843530	346	8.4229	3.123e-51	1.722e-48
K562	SAFB2	L1	L1MB7	sense	8005	46	141	877390	187	35.7577	3.366e-51	1.832e-48
K562	HNRNPC	Alu	AluSc	antisense	1465	32	195	883930	227	99.0138	4.944e-51	2.657e-48
K562	SAFB2	L1	L1MD1	sense	8005	34	35	877390	69	106.4737	1.250e-50	6.632e-48
K562	HNRNPM	L1	L1MA4A	antisense	10195	56	230	875200	286	20.9016	2.712e-50	1.422e-47
K562	SAFB2	L1	L1M1	sense	8005	37	60	877390	97	67.5899	1.095e-49	5.669e-47
K562	KHSRP	L1	L1MC5	antisense	41865	103	263	843530	366	7.8910	1.291e-49	6.601e-47
K562	EXOSC5	L1	L1PA11	antisense	16207	41	39	869188	80	56.3807	2.882e-49	1.457e-46
K562	ILF3	Alu	AluJr4	antisense	7110	48	216	878285	264	27.4507	6.136e-49	3.065e-46
K562	EXOSC5	L1	L1PA14	antisense	16207	39	31	869188	70	67.4705	6.800e-49	3.357e-46
K562	ILF3	Alu	AluSx1	antisense	7110	68	664	878285	732	12.6505	1.293e-48	6.310e-46
K562	KHDRBS1	L1	L1MEc	sense	3897	35	124	881498	159	63.8465	3.221e-48	1.554e-45
K562	SAFB2	L1	L1PA15	sense	8005	35	52	877390	87	73.7728	4.368e-48	2.084e-45
K562	ILF3	Alu	AluSz	sense	7110	53	322	878285	375	20.3323	7.687e-48	3.626e-45
K562	HNRNPC	Alu	AluSq2	antisense	1465	32	253	883930	285	76.3150	1.065e-47	4.971e-45
K562	HNRNPL	L1	L1MC1	antisense	9862	55	258	875533	313	18.9256	1.758e-47	8.113e-45
K562	PTBP1	Alu	AluSx1	antisense	12476	83	649	872919	732	8.9481	2.395e-47	1.093e-44
K562	MATR3	L1	L1PA7	antisense	8519	51	238	876876	289	22.0568	2.421e-47	1.094e-44
K562	EXOSC5	L1	L1MA5	antisense	16207	45	71	869188	116	33.9911	5.715e-47	2.554e-44
K562	KHSRP	L1	L1MC4a	antisense	41865	82	161	843530	243	10.2621	1.446e-46	6.397e-44
K562	QKI	L1	L1MC5a	antisense	5242	46	300	880153	346	25.7453	2.452e-46	1.073e-43
K562	ILF3	Alu	AluSx1	sense	7110	54	369	878285	423	18.0773	2.715e-46	1.176e-43
K562	KHSRP	L1	L1MA8	antisense	41865	64	79	843530	143	16.3231	1.148e-45	4.925e-43
K562	KHSRP	L1	L1ME3F	antisense	41865	61	68	843530	129	18.0747	2.148e-45	9.118e-43
K562	SAFB2	L1	L1MB3	sense	8005	40	121	877390	161	36.2331	6.372e-45	2.679e-42
K562	SAFB2	L1	L1MA3	sense	8005	33	52	877390	85	69.5572	8.575e-45	3.569e-42
K562	HNRNPC	Alu	AluSg	antisense	1465	31	283	883930	314	66.0930	1.875e-44	7.727e-42
K562	SAFB2	L1	L1MEd	sense	8005	40	127	877390	167	34.5213	3.217e-44	1.313e-41
K562	EXOSC5	L1	L1MA2	antisense	16207	48	111	869188	159	23.1915	6.812e-44	2.754e-41
K562	KHDRBS1	L1	L1MEd	sense	3897	33	134	881498	167	55.7058	7.444e-44	2.981e-41
K562	EXOSC5	L1	L1MDa	antisense	16207	54	167	869188	221	17.3416	9.841e-44	3.905e-41
K562	ILF3	Alu	AluSz6	antisense	7110	52	384	878285	436	16.7278	4.236e-43	1.665e-40
K562	EXOSC5	L1	L1M1	antisense	16207	53	165	869188	218	17.2267	7.869e-43	3.065e-40
K562	EXOSC5	L1	L1P4	antisense	16207	34	28	869188	62	65.1226	1.731e-42	6.682e-40
K562	MATR3	L1	L1PA6	antisense	8519	41	153	876876	194	27.5830	8.805e-42	3.339e-39
K562	MATR3	L1	L1MEd	antisense	8519	56	421	876876	477	13.6916	8.809e-42	3.339e-39
K562	SAFB2	L1	L1MB8	sense	8005	37	112	877390	149	36.2089	1.156e-41	4.344e-39
K562	EXOSC5	L1	L1PA3	antisense	16207	35	38	869188	73	49.3964	6.253e-41	2.329e-38
K562	KHSRP	L1	L1MB5	antisense	41865	75	161	843530	236	9.3861	1.168e-40	4.312e-38
K562	HNRNPM	L1	L1MDa	antisense	10195	44	177	875200	221	21.3402	3.333e-40	1.220e-37
K562	KHSRP	L1	L1ME3E	antisense	41865	45	35	843530	80	25.9056	2.490e-38	9.035e-36
K562	MATR3	L1	L1MEg	antisense	8519	45	270	876876	315	17.1553	1.013e-37	3.645e-35
K562	ILF3	Alu	AluJr4	sense	7110	31	88	878285	119	43.5156	1.924e-37	6.866e-35
K562	HNRNPC	Alu	AluSx3	antisense	1465	25	206	883930	231	73.2239	3.571e-37	1.263e-34
K562	EXOSC5	L1	L1PA8	antisense	16207	31	36	869188	67	46.1817	8.406e-36	2.949e-33
K562	KHSRP	L1	L1MD2	antisense	41865	71	173	843530	244	8.2692	8.965e-36	3.120e-33
K562	SAFB2	L1	L1PB1	sense	8005	27	50	877390	77	59.1868	1.785e-35	6.160e-33
K562	KHSRP	L1	L1MC	antisense	41865	49	62	843530	111	15.9241	5.474e-35	1.874e-32
K562	HNRNPM	L1	L1PA7	antisense	10195	44	245	875200	289	15.4172	6.491e-35	2.187e-32
K562	KHSRP	L1	L1ME2z	antisense	41865	59	110	843530	169	10.8071	6.440e-35	2.187e-32
K562	SAFB2	L1	L1MA9	sense	8005	26	45	877390	71	63.3275	8.323e-35	2.782e-32
K562	HNRNPM	L1	L1PA5	antisense	10195	38	159	875200	197	20.5167	2.160e-34	7.166e-32
K562	KHDRBS1	L1	L1MEg	sense	3897	24	79	881498	103	68.7187	3.331e-34	1.096e-31
K562	MATR3	L1	L1M1	antisense	8519	37	181	876876	218	21.0413	3.861e-34	1.261e-31
K562	ILF3	Alu	AluSz6	sense	7110	36	204	878285	240	21.7991	5.719e-34	1.853e-31
K562	KHSRP	L1	L1ME3C	antisense	41865	37	23	843530	60	32.4133	7.187e-34	2.312e-31
K562	PTBP1	Alu	AluSz6	antisense	12476	54	382	872919	436	9.8907	2.373e-33	7.575e-31
K562	MATR3	L1	L1PA5	antisense	8519	35	162	876876	197	22.2384	4.186e-33	1.326e-30
K562	SAFB2	L1	L1MB2	sense	8005	23	34	877390	57	74.1447	3.772e-32	1.186e-29
K562	HNRNPC	Alu	AluSc8	antisense	1465	20	127	883930	147	95.0181	4.018e-32	1.254e-29
K562	HNRNPL	L1	L1MC5a	antisense	9862	44	302	875533	346	12.9346	4.410e-32	1.367e-29
K562	KHDRBS1	L1	L1ME1	sense	3897	30	242	881498	272	28.0412	5.090e-32	1.566e-29
K562	SAFB2	L1	L1PA7	sense	8005	27	74	877390	101	39.9911	8.642e-32	2.639e-29
K562	KHSRP	L1	L1MC1	antisense	41865	75	238	843530	313	6.3494	1.672e-31	5.071e-29
K562	HNRNPM	L1	L1M1	antisense	10195	37	181	875200	218	17.5486	2.148e-31	6.468e-29
K562	KHSRP	L1	L1M3	antisense	41865	47	70	843530	117	13.5285	2.345e-31	7.010e-29
K562	KHSRP	L1	L1MA9	antisense	41865	62	153	843530	215	8.1649	3.319e-31	9.854e-29
K562	KHSRP	L1	L1MA7	antisense	41865	51	92	843530	143	11.1694	6.382e-31	1.882e-28
K562	EXOSC5	L1	L1PA8A	antisense	16207	25	23	869188	48	58.2939	7.412e-31	2.170e-28
K562	HNRNPM	L1	L1M4	antisense	10195	49	423	875200	472	9.9443	9.917e-31	2.884e-28
K562	EXOSC5	L1	L1PBa	antisense	16207	27	34	869188	61	42.5889	1.037e-30	2.996e-28
K562	HNRNPM	L1	L1PA10	antisense	10195	31	106	875200	137	25.1059	1.231e-30	3.532e-28
K562	KHSRP	L1	L1ME4a	sense	41865	53	105	843530	158	10.1704	1.538e-30	4.382e-28
K562	HNRNPM	L1	L1PA16	antisense	10195	39	235	875200	274	14.2468	5.488e-30	1.553e-27
K562	SAFB2	L1	L1MD2	sense	8005	29	120	877390	149	26.4879	1.153e-29	3.243e-27
K562	EXOSC5	L1	L1MB7	antisense	16207	64	521	869188	585	6.5880	1.249e-29	3.488e-27
K562	QKI	L1	L1MA3	antisense	5242	28	171	880153	199	27.4931	1.547e-29	4.294e-27
K562	HNRNPL	L1	L1MB3	antisense	9862	45	386	875533	431	10.3498	4.755e-29	1.311e-26
K562	SAFB2	L1	L1PB4	sense	8005	23	53	877390	76	47.5645	1.028e-28	2.815e-26
K562	PTBP1	L1	L1MEc	antisense	12476	57	567	872919	624	7.0338	3.905e-28	1.063e-25
K562	KHDRBS1	L1	L1ME2	sense	3897	21	91	881498	112	52.1998	6.065e-28	1.640e-25
K562	EXOSC5	L1	L1M4	antisense	16207	56	416	869188	472	7.2195	6.487e-28	1.743e-25
K562	KHSRP	L1	L1M4c	antisense	41865	41	61	843530	102	13.5426	1.440e-27	3.846e-25
K562	HNRNPM	L1	L1PA6	antisense	10195	32	162	875200	194	16.9572	5.832e-27	1.547e-24
K562	QKI	L1	L1MA4	antisense	5242	29	251	880153	280	19.3993	1.294e-26	3.412e-24
K562	KHDRBS1	L1	L1MEf	sense	3897	20	88	881498	108	51.4089	1.441e-26	3.777e-24
K562	SAFB2	L1	L1MA4	sense	8005	20	38	877390	58	57.6870	1.732e-26	4.511e-24
K562	MATR3	L1	L1MDa	antisense	8519	31	190	876876	221	16.7941	3.091e-26	8.002e-24
K562	PTBP1	Alu	AluSq2	antisense	12476	39	246	872919	285	11.0925	3.604e-26	9.275e-24
K562	HNRNPM	L1	L1MEc	antisense	10195	50	574	875200	624	7.4779	3.959e-26	1.012e-23
K562	TARDBP	L1	L1MD2	antisense	9311	33	211	876084	244	14.7157	4.184e-26	1.064e-23
K562	TARDBP	L1	L1MC4	sense	9311	33	213	876084	246	14.5775	5.472e-26	1.383e-23
K562	EXOSC5	L1	L1ME1	antisense	16207	67	679	869188	746	5.2920	6.014e-26	1.511e-23
K562	KHDRBS1	L1	L1M4	sense	3897	21	117	881498	138	40.5998	6.490e-26	1.621e-23
K562	HNRNPM	L1	L1MA2	antisense	10195	29	130	875200	159	19.1503	6.943e-26	1.724e-23
K562	EXOSC5	L1	L1PB4	antisense	16207	26	52	869188	78	26.8152	9.102e-26	2.247e-23
K562	SAFB2	L1	L1M2	sense	8005	20	43	877390	63	50.9792	1.211e-25	2.972e-23
K562	HNRNPM	L1	L1PBa	antisense	10195	21	40	875200	61	45.0692	1.484e-25	3.621e-23
K562	TARDBP	Alu	AluJb	antisense	9311	75	1551	876084	1626	4.5499	1.708e-25	4.143e-23
K562	XRCC6	Alu	AluJb	antisense	5550	58	1568	879845	1626	5.8640	2.347e-25	5.662e-23
K562	HNRNPM	L1	L1MA4	antisense	10195	35	245	875200	280	12.2637	3.973e-25	9.529e-23
K562	ILF3	Alu	AluSq2	antisense	7110	31	254	878285	285	15.0763	4.086e-25	9.747e-23
K562	SAFB2	L1	L1PA10	sense	8005	18	29	877390	47	68.0308	5.695e-25	1.351e-22
K562	EXOSC5	L1	L1PB2	antisense	16207	19	15	869188	34	67.9318	1.376e-24	3.246e-22
K562	MATR3	L1	L1MEf	antisense	8519	37	363	876876	400	10.4917	1.828e-24	4.288e-22
K562	PTBP1	Alu	AluJr4	antisense	12476	36	228	872919	264	11.0476	3.159e-24	7.369e-22
K562	HNRNPM	L1	L1PA13	antisense	10195	25	94	875200	119	22.8314	3.844e-24	8.917e-22
K562	HNRNPL	L1	L1ME4a	antisense	9862	43	467	875533	510	8.1745	4.166e-24	9.613e-22
K562	SAFB2	L1	L1MEg	sense	8005	22	81	877390	103	29.7693	7.976e-24	1.830e-21
K562	KHSRP	L1	L1MC2	antisense	41865	42	88	843530	130	9.6165	8.336e-24	1.903e-21
K562	KHSRP	L1	L1ME4b	sense	41865	40	77	843530	117	10.4669	8.511e-24	1.932e-21
K562	HNRNPM	L1	L1MEf	antisense	10195	39	361	875200	400	9.2742	8.616e-24	1.946e-21
K562	KHSRP	L1	L1M6	antisense	41865	29	28	843530	57	20.8684	1.485e-23	3.335e-21
K562	SAFB2	L1	L1MB4	sense	8005	20	58	877390	78	37.7949	1.562e-23	3.491e-21
K562	HNRNPL	L1	L1MB8	antisense	9862	36	310	875533	346	10.3098	1.641e-23	3.649e-21
K562	KHSRP	L1	L1ME5	antisense	41865	32	40	843530	72	16.1190	1.687e-23	3.730e-21
K562	HNRNPC	Alu	AluSp	antisense	1465	17	199	883930	216	51.5438	2.500e-23	5.499e-21
K562	MATR3	L1	L1PA10	antisense	8519	24	113	876876	137	21.8616	4.888e-23	1.070e-20
K562	SAFB2	L1	L1MC5	sense	8005	22	90	877390	112	26.7924	5.740e-23	1.250e-20
K562	KHDRBS1	L1	L1MD	sense	3897	15	42	881498	57	80.7854	8.141e-23	1.764e-20
K562	SAFB	L1	L1MEc	sense	2224	17	142	883171	159	47.5412	1.305e-22	2.813e-20
K562	SAFB2	L1	L1MA4A	sense	8005	16	25	877390	41	70.1474	1.636e-22	3.508e-20
K562	EXOSC5	L1	L1MC1	antisense	16207	41	272	869188	313	8.0840	1.677e-22	3.578e-20
K562	MATR3	L1	L1MA4	antisense	8519	30	250	876876	280	12.3518	5.701e-22	1.210e-19
K562	EXOSC5	L1	L1PB	antisense	16207	16	10	869188	26	85.8087	7.043e-22	1.488e-19
K562	HNRNPM	L1	L1MA3	antisense	10195	28	171	875200	199	14.0567	7.761e-22	1.631e-19
K562	EXOSC5	L1	L1MB8	antisense	16207	42	304	869188	346	7.4095	9.991e-22	2.090e-19
K562	SAFB2	L1	L1PB3	sense	8005	14	15	877390	29	102.2982	1.647e-21	3.428e-19
K562	KHSRP	L1	L1MA4	antisense	41865	58	222	843530	280	5.2641	2.218e-21	4.593e-19
K562	KHDRBS1	L1	L1ME3Cz	sense	3897	16	74	881498	90	48.9079	3.042e-21	6.269e-19
K562	EXOSC5	L1	L1MEc	antisense	16207	55	569	869188	624	5.1840	3.218e-21	6.600e-19
K562	XRCC6	Alu	AluJo	antisense	5550	43	1026	879845	1069	6.6441	3.862e-21	7.883e-19
K562	EXOSC5	L1	L1MA5A	antisense	16207	23	60	869188	83	20.5583	6.850e-21	1.392e-18
K562	SAFB2	L1	L1MC4	sense	8005	27	219	877390	246	13.5130	7.001e-21	1.415e-18
K562	SAFB2	L1	L1MCa	sense	8005	14	18	877390	32	85.2485	9.762e-21	1.964e-18
K562	MATR3	L1	L1MCc	antisense	8519	19	66	876876	85	29.6319	1.095e-20	2.194e-18
K562	PTBP1	Alu	AluSg	antisense	12476	35	279	872919	314	8.7773	1.126e-20	2.244e-18
K562	SAFB2	L1	L1ME3A	sense	8005	19	73	877390	92	28.5274	1.761e-20	3.494e-18
K562	MATR3	L1	L1MA3	antisense	8519	25	174	876876	199	14.7891	2.910e-20	5.747e-18
K562	TARDBP	Alu	AluJr	antisense	9311	54	1031	876084	1085	4.9282	2.938e-20	5.775e-18
K562	MATR3	L1	L1MA2	antisense	8519	23	136	876876	159	17.4076	3.551e-20	6.948e-18
K562	SAFB2	L1	L1ME2	sense	8005	20	92	877390	112	23.8272	3.841e-20	7.481e-18
K562	MATR3	L1	L1M4	antisense	8519	35	437	876876	472	8.2440	4.191e-20	8.125e-18
K562	KHDRBS1	L1	L1ME4a	sense	3897	18	140	881498	158	29.0827	4.441e-20	8.570e-18
K562	EXOSC5	L1	L1P3	antisense	16207	17	21	869188	38	43.4151	5.759e-20	1.106e-17
K562	SAFB2	L1	L1MC2	sense	8005	17	52	877390	69	35.8325	6.776e-20	1.296e-17
K562	UPF1	Alu	AluSz	antisense	16758	62	748	868637	810	4.2964	6.972e-20	1.327e-17
K562	HNRNPC	Alu	AluSg7	antisense	1465	11	49	883930	60	135.4493	7.803e-20	1.479e-17
K562	MATR3	L1	L1PB1	antisense	8519	30	303	876876	333	10.1913	8.229e-20	1.553e-17
K562	HNRNPL	L1	L1MC5	antisense	9862	33	333	875533	366	8.7979	9.293e-20	1.746e-17
K562	SAFB2	L1	L1MA2	sense	8005	13	16	877390	29	89.0543	1.584e-19	2.963e-17
K562	EIF4G2	Alu	AluJb	antisense	6457	54	1572	878938	1626	4.6759	1.960e-19	3.650e-17
K562	HNRNPL	L1	L1ME2z	antisense	9862	24	145	875533	169	14.6944	2.340e-19	4.339e-17
K562	KHDRBS1	L1	L1MC	sense	3897	12	28	881498	40	96.9425	2.592e-19	4.784e-17
K562	UPF1	Alu	AluSx	sense	16758	43	365	868637	408	6.1065	2.665e-19	4.898e-17
K562	QKI	L1	L1MC4a	antisense	5242	22	221	880153	243	16.7144	2.739e-19	5.013e-17
K562	ILF3	Alu	AluSq2	sense	7110	24	209	878285	233	14.1850	3.082e-19	5.615e-17
K562	HNRNPM	L1	L1PREC2	antisense	10195	24	143	875200	167	14.4077	3.707e-19	6.726e-17
K562	AKAP1	Alu	AluSp	antisense	2620	17	199	882775	216	28.7836	3.991e-19	7.211e-17
K562	QKI	L1	L1MA4A	antisense	5242	23	263	880153	286	14.6836	6.115e-19	1.100e-16
K562	EXOSC5	L1	L1PB3	antisense	16207	20	48	869188	68	22.3460	6.236e-19	1.117e-16
K562	HNRNPL	L1	L1ME4b	antisense	9862	30	282	875533	312	9.4445	6.919e-19	1.232e-16
K562	QKI	L1	L1MEc	antisense	5242	31	593	880153	624	8.7774	6.934e-19	1.232e-16
K562	KHSRP	L1	L1MDa	antisense	41865	48	173	843530	221	5.5904	7.318e-19	1.295e-16
K562	UPF1	Alu	AluSx1	antisense	16758	57	675	868637	732	4.3771	9.438e-19	1.663e-16
K562	AKAP1	Alu	AluSz	antisense	2620	26	784	882775	810	11.1739	1.187e-18	2.082e-16
K562	AKAP1	Alu	AluSx1	antisense	2620	25	707	882775	732	11.9143	1.276e-18	2.230e-16
K562	ILF3	Alu	AluSp	sense	7110	22	174	878285	196	15.6185	1.436e-18	2.498e-16
K562	EXOSC5	L1	L1M3	antisense	16207	24	93	869188	117	13.8401	2.104e-18	3.646e-16
K562	AKAP1	Alu	AluSx	sense	2620	20	388	882775	408	17.3679	3.483e-18	6.010e-16
K562	SAFB2	Alu	AluJb	sense	8005	47	1033	877390	1080	4.9869	4.388e-18	7.543e-16
K562	KHSRP	L1	L1M2	antisense	41865	56	252	843530	308	4.4775	5.920e-18	1.013e-15
K562	HNRNPM	L1	L1PA17	antisense	10195	19	80	875200	99	20.3884	6.393e-18	1.090e-15
K562	KHDRBS1	L1	L1MEi	sense	3897	11	25	881498	36	99.5276	6.433e-18	1.092e-15
K562	AGGF1	Alu	AluJb	sense	8124	47	1033	877271	1080	4.9132	7.674e-18	1.298e-15
K562	SAFB2	L1	L1PREC2	sense	8005	12	16	877390	28	82.2039	7.874e-18	1.327e-15
K562	SAFB2	Alu	AluJr	sense	8005	38	671	877390	709	6.2072	8.027e-18	1.347e-15
K562	KHSRP	L1	L1M4a1	antisense	41865	31	67	843530	98	9.3226	1.116e-17	1.866e-15
K562	MATR3	Alu	AluJr	antisense	8519	48	1037	876876	1085	4.7644	1.132e-17	1.885e-15
K562	EXOSC5	L1	L1MA9	antisense	16207	30	185	869188	215	8.6968	1.154e-17	1.914e-15
K562	AKAP1	Alu	AluSz	sense	2620	19	356	882775	375	17.9826	1.295e-17	2.139e-15
K562	EXOSC5	L1	L1P1	antisense	16207	14	14	869188	28	53.6304	1.487e-17	2.437e-15
K562	EXOSC5	L1	L1PA2	antisense	16207	14	14	869188	28	53.6304	1.487e-17	2.437e-15
K562	PTBP1	L1	L1MEh	antisense	12476	16	36	872919	52	31.0968	1.535e-17	2.506e-15
K562	MATR3	L1	L1MA4A	antisense	8519	26	260	876876	286	10.2932	1.790e-17	2.912e-15
K562	UPF1	Alu	AluJr	sense	16758	54	655	868637	709	4.2734	1.951e-17	3.162e-15
K562	EXOSC5	Alu	AluSz	antisense	16207	57	753	869188	810	4.0597	2.089e-17	3.372e-15
K562	EXOSC5	L1	L1MB3	antisense	16207	41	390	869188	431	5.6381	2.184e-17	3.512e-15
K562	SAFB2	L1	L1PA13	sense	8005	15	49	877390	64	33.5526	2.290e-17	3.669e-15
K562	HNRNPM	L1	L1ME1	antisense	10195	43	703	875200	746	5.2509	2.357e-17	3.762e-15
K562	SAFB2	L1	L1MA1	sense	8005	11	12	877390	23	100.4715	4.011e-17	6.354e-15
K562	HNRNPL	L1	L1ME1	antisense	9862	42	704	875533	746	5.2964	3.999e-17	6.354e-15
K562	EXOSC5	L1	L1MB2	antisense	16207	36	301	869188	337	6.4143	4.772e-17	7.531e-15
K562	SAFB2	L1	L1ME3B	sense	8005	15	54	877390	69	30.4459	7.801e-17	1.227e-14
K562	EXOSC5	Alu	AluY	antisense	16207	33	252	869188	285	7.0230	8.530e-17	1.336e-14
K562	PTBP1	L1	L1MC4	antisense	12476	42	570	872919	612	5.1555	1.215e-16	1.896e-14
K562	HNRNPL	Alu	AluJb	sense	9862	50	1030	875533	1080	4.3096	1.255e-16	1.951e-14
K562	KHDRBS1	L1	L1MC4	sense	3897	18	228	881498	246	17.8578	1.288e-16	1.997e-14
K562	KHSRP	L1	L1MD1	antisense	41865	40	137	843530	177	5.8829	1.295e-16	1.999e-14
K562	HNRNPM	L1	L1PA14	antisense	10195	16	54	875200	70	25.4359	1.302e-16	2.002e-14
K562	PTBP1	Alu	AluSp	antisense	12476	26	190	872919	216	9.5745	1.405e-16	2.153e-14
K562	HNRNPM	L1	L1MCc	antisense	10195	17	68	875200	85	21.4615	1.651e-16	2.522e-14
K562	PTBP1	L1	L1M1	antisense	12476	26	192	872919	218	9.4748	1.764e-16	2.684e-14
K562	QKI	L1	L1MA2	antisense	5242	17	142	880153	159	20.1012	1.829e-16	2.774e-14
K562	QKI	L1	L1M5	antisense	5242	33	848	880153	881	6.5340	2.095e-16	3.162e-14
K562	KHSRP	L1	L1MC3	antisense	41865	44	171	843530	215	5.1845	2.100e-16	3.162e-14
K562	HNRNPC	Alu	AluSx4	antisense	1465	9	41	883930	50	132.4460	2.139e-16	3.208e-14
K562	KHSRP	L1	L1MC5a	sense	41865	38	125	843530	163	6.1252	2.444e-16	3.654e-14
K562	PTBP1	Alu	AluSc8	antisense	12476	22	125	872919	147	12.3143	2.795e-16	4.163e-14
K562	KHSRP	L1	L1M4a2	antisense	41865	21	25	843530	46	16.9250	3.220e-16	4.781e-14
K562	HNRNPL	L1	L1ME3G	antisense	9862	26	254	875533	280	9.0876	3.307e-16	4.893e-14
K562	KHDRBS1	L1	L1ME3B	sense	3897	12	57	881498	69	47.6209	3.636e-16	5.360e-14
K562	KHDRBS1	L1	L1MB8	sense	3897	15	134	881498	149	25.3208	3.695e-16	5.428e-14
K562	SAFB2	L1	L1PA15-16	sense	8005	8	1	877390	9	876.8420	3.972e-16	5.815e-14
K562	SAFB2	L1	L1PA17	sense	8005	12	25	877390	37	52.6105	4.447e-16	6.488e-14
K562	SAFB2	L1	L1M5	sense	8005	25	292	877390	317	9.3840	5.029e-16	7.312e-14
K562	ILF3	Alu	AluSx3	antisense	7110	21	210	878285	231	12.3528	6.435e-16	9.292e-14
K562	XRCC6	Alu	AluSz	antisense	5550	32	778	879845	810	6.5205	6.428e-16	9.292e-14
K562	UPF1	Alu	AluSz	sense	16758	37	338	868637	375	5.6742	6.602e-16	9.502e-14
K562	HNRNPM	L1	L1MCa	antisense	10195	25	230	875200	255	9.3311	7.179e-16	1.030e-13
K562	EXOSC5	L1	L1PA15-16	antisense	16207	13	15	869188	28	46.4797	7.467e-16	1.067e-13
K562	HNRNPL	L1	L1MA9	antisense	9862	23	192	875533	215	10.6349	7.560e-16	1.077e-13
K562	TARDBP	Alu	AluJo	antisense	9311	47	1022	876084	1069	4.3271	8.312e-16	1.180e-13
K562	MATR3	L1	L1PA15	antisense	8519	23	230	876876	253	10.2932	1.237e-15	1.751e-13
K562	XRCC6	Alu	AluSx	antisense	5550	33	855	879845	888	6.1187	1.302e-15	1.836e-13
K562	SAFB2	L1	L1M2c	sense	8005	8	2	877390	10	438.4210	1.970e-15	2.770e-13
K562	KHDRBS1	L1	L1ME3	sense	3897	12	67	881498	79	40.5133	2.028e-15	2.842e-13
K562	EXOSC5	L1	L1MD1	antisense	16207	25	152	869188	177	8.8208	4.210e-15	5.880e-13
K562	PTBP1	Alu	AluSc	antisense	12476	25	202	872919	227	8.6594	4.320e-15	6.013e-13
K562	EXOSC5	L1	L1MB4	antisense	16207	29	219	869188	248	7.1017	4.626e-15	6.418e-13
K562	KHSRP	L1	L1MC5	sense	41865	30	82	843530	112	7.3715	5.871e-15	8.119e-13
K562	SAFB2	L1	L1M4a2	sense	8005	11	23	877390	34	52.4199	7.746e-15	1.068e-12
K562	PTBP1	L1	L1MCa	antisense	12476	26	229	872919	255	7.9439	7.939e-15	1.091e-12
K562	KHSRP	L1	L1M1	antisense	41865	42	176	843530	218	4.8082	9.114e-15	1.248e-12
K562	KHDRBS1	L1	L1ME4b	sense	3897	13	104	881498	117	28.2749	9.238e-15	1.261e-12
K562	MATR3	L1	L1M2	antisense	8519	24	284	876876	308	8.6985	9.510e-15	1.294e-12
K562	AGGF1	Alu	AluJo	sense	8124	31	549	877271	580	6.0975	1.253e-14	1.700e-12
K562	MATR3	L1	L1MCa	antisense	8519	22	233	876876	255	9.7189	1.502e-14	2.031e-12
K562	ILF3	Alu	AluSc	sense	7110	15	93	878285	108	19.9239	1.595e-14	2.150e-12
K562	QKI	L1	L1MC5	antisense	5242	21	345	880153	366	10.2202	1.694e-14	2.276e-12
K562	KHDRBS1	L1	L1MC2	sense	3897	11	58	881498	69	42.8998	1.710e-14	2.283e-12
K562	ILF3	Alu	AluSx3	sense	7110	16	115	878285	131	17.1865	1.707e-14	2.283e-12
K562	PTBP1	L1	L1M7	antisense	12476	14	39	872919	53	25.1167	1.735e-14	2.309e-12
K562	MATR3	Alu	AluJb	antisense	8519	54	1572	876876	1626	3.5358	1.772e-14	2.351e-12
K562	ILF3	Alu	AluY	sense	7110	20	221	878285	241	11.1790	1.786e-14	2.362e-12
K562	AKAP1	Alu	AluSq2	sense	2620	14	219	882775	233	21.5394	2.236e-14	2.948e-12
K562	SAFB2	L1	L1MB1	sense	8005	10	17	877390	27	64.4737	2.662e-14	3.499e-12
K562	HNRNPM	L1	L1PA11	antisense	10195	15	65	875200	80	19.8106	2.696e-14	3.533e-12
K562	EXOSC5	Alu	AluSz6	antisense	16207	37	399	869188	436	4.9732	2.728e-14	3.564e-12
K562	PTBP1	L1	L1MEi	antisense	12476	13	31	872919	44	29.3414	2.964e-14	3.849e-12
K562	ILF3	Alu	AluSg	antisense	7110	22	292	878285	314	9.3069	2.965e-14	3.849e-12
K562	HNRNPM	L1	L1MB7	antisense	10195	34	551	875200	585	5.2972	3.727e-14	4.824e-12
K562	HNRNPM	L1	L1MA5	antisense	10195	17	99	875200	116	14.7412	3.771e-14	4.867e-12
K562	MATR3	L1	L1PA4	antisense	8519	15	82	876876	97	18.8290	4.087e-14	5.258e-12
K562	SAFB2	L1	L1MC3	sense	8005	13	54	877390	67	26.3864	4.304e-14	5.521e-12
K562	HNRNPC	Alu	AluSc5	antisense	1465	8	45	883930	53	107.2649	4.574e-14	5.849e-12
K562	HNRNPC	Alu	AluJr4	antisense	1465	12	252	883930	264	28.7317	5.103e-14	6.506e-12
K562	SAFB2	Alu	AluJo	sense	8005	30	550	877390	580	5.9785	5.309e-14	6.749e-12
K562	MATR3	Alu	AluSz6	antisense	8519	27	409	876876	436	6.7950	5.699e-14	7.223e-12
K562	EXOSC5	L1	L1MB5	antisense	16207	27	209	869188	236	6.9283	6.767e-14	8.550e-12
K562	HNRNPL	L1	L1MB7	antisense	9862	33	552	875533	585	5.3074	8.128e-14	1.024e-11
K562	SAFB2	L1	L1MA6	sense	8005	10	20	877390	30	54.8026	9.248e-14	1.162e-11
K562	SAFB	L1	L1M4	sense	2224	11	127	883171	138	34.3953	1.054e-13	1.320e-11
K562	MATR3	L1	L1P2	antisense	8519	12	42	876876	54	29.4091	1.475e-13	1.841e-11
K562	EXOSC5	Alu	AluSx	antisense	16207	53	835	869188	888	3.4041	1.959e-13	2.439e-11
K562	KHDRBS1	L1	L1MDa	sense	3897	11	75	881498	86	33.1759	2.142e-13	2.659e-11
K562	ILF3	Alu	Alu	antisense	7110	10	26	878285	36	47.5108	2.329e-13	2.883e-11
K562	PTBP1	L1	L1MEf	antisense	12476	30	370	872919	400	5.6731	2.583e-13	3.187e-11
K562	KHSRP	L1	L1ME4c	sense	41865	18	25	843530	43	14.5071	2.697e-13	3.319e-11
K562	TARDBP	L1	L1MA9	antisense	9311	20	195	876084	215	9.6504	2.795e-13	3.430e-11
K562	MATR3	L1	L1PA3	antisense	8519	13	60	876876	73	22.3019	3.027e-13	3.693e-11
K562	AGGF1	L1	L1MC4	antisense	8124	30	582	877271	612	5.5662	3.027e-13	3.693e-11
K562	SAFB2	L1	L1PA4	sense	8005	11	35	877390	46	34.4474	3.270e-13	3.977e-11
K562	SAFB2	L1	L1MB5	sense	8005	13	65	877390	78	21.9210	3.411e-13	4.137e-11
K562	KHSRP	L1	L1MD3	antisense	41865	24	58	843530	82	8.3374	3.442e-13	4.163e-11
K562	AKAP1	Alu	AluSq2	antisense	2620	14	271	882775	285	17.4063	3.503e-13	4.225e-11
K562	SAFB2	Alu	AluJr4	sense	8005	15	104	877390	119	15.8084	3.729e-13	4.484e-11
K562	HNRNPM	L1	L1M3b	antisense	10195	8	5	875200	13	137.3536	3.768e-13	4.519e-11
K562	HNRNPC	Alu	AluSg4	antisense	1465	7	31	883930	38	136.2438	4.040e-13	4.828e-11
K562	SAFB2	L1	L1ME3	sense	8005	13	66	877390	79	21.5889	4.048e-13	4.828e-11
K562	QKI	L1	L1MA9	antisense	5242	16	199	880153	215	13.4998	4.143e-13	4.927e-11
K562	KHSRP	L1	L1MEi	antisense	41865	18	26	843530	44	13.9492	4.361e-13	5.172e-11
K562	EXOSC5	L1	L1MCa	antisense	16207	27	228	869188	255	6.3510	4.409e-13	5.214e-11
K562	PTBP1	Alu	AluSx3	antisense	12476	23	208	872919	231	7.7368	4.496e-13	5.302e-11
K562	ILF3	Alu	AluSq	antisense	7110	15	120	878285	135	15.4410	4.573e-13	5.379e-11
K562	UPF1	Alu	AluJb	sense	16758	60	1020	868637	1080	3.0491	4.651e-13	5.455e-11
K562	AKAP1	Alu	AluSq	antisense	2620	11	124	882775	135	29.8896	4.775e-13	5.585e-11
K562	KHDRBS1	L1	L1MC3	sense	3897	10	57	881498	67	39.6841	5.327e-13	6.213e-11
K562	KHSRP	L1	L1MCa	antisense	41865	43	212	843530	255	4.0868	5.423e-13	6.308e-11
K562	HNRNPL	L1	L1ME2	antisense	9862	23	273	875533	296	7.4795	7.017e-13	8.139e-11
K562	KHSRP	L1	L1MA6	antisense	41865	25	67	843530	92	7.5182	7.200e-13	8.329e-11
K562	UPF1	Alu	AluSq2	sense	16758	26	207	868637	233	6.5106	7.344e-13	8.472e-11
K562	EXOSC5	L1	L1M3f	antisense	16207	11	16	869188	27	36.8709	7.666e-13	8.821e-11
K562	EXOSC5	L1	L1P2	antisense	16207	14	40	869188	54	18.7706	7.694e-13	8.829e-11
K562	QKI	L1	L1MC4	antisense	5242	24	588	880153	612	6.8532	9.112e-13	1.043e-10
K562	EXOSC5	L1	L1PBa1	antisense	16207	9	6	869188	15	80.4456	1.043e-12	1.190e-10
K562	HNRNPM	L1	L1PB3	antisense	10195	13	55	875200	68	20.2909	1.080e-12	1.229e-10
K562	HNRNPM	L1	L1P2	antisense	10195	12	42	875200	54	24.5274	1.183e-12	1.343e-10
K562	QKI	L1	L1ME4a	antisense	5242	22	488	880153	510	7.5694	1.240e-12	1.404e-10
K562	AKAP1	Alu	AluSp	sense	2620	12	184	882775	196	21.9742	1.269e-12	1.432e-10
K562	SAFB	L1	L1MDa	sense	2224	9	77	883171	86	46.4154	1.514e-12	1.706e-10
K562	KHDRBS1	L1	L1M6	sense	3897	7	12	881498	19	131.9495	1.531e-12	1.715e-10
K562	EXOSC5	L1	L1MB1	antisense	16207	18	90	869188	108	10.7261	1.529e-12	1.715e-10
K562	HNRNPL	Alu	AluJo	sense	9862	31	549	875533	580	5.0130	1.808e-12	2.020e-10
K562	SAFB2	L1	L1ME3Cz	sense	8005	13	77	877390	90	18.5048	2.299e-12	2.561e-10
K562	SAFB2	Alu	AluSx1	sense	8005	24	399	877390	423	6.5928	2.418e-12	2.687e-10
K562	TARDBP	L1	L1ME4b	sense	9311	15	102	876084	117	13.8370	2.427e-12	2.690e-10
K562	QKI	L1	L1MB7	antisense	5242	23	562	880153	585	6.8715	2.548e-12	2.818e-10
K562	TARDBP	L1	L1ME1	antisense	9311	34	712	876084	746	4.4931	2.721e-12	3.001e-10
K562	HNRNPM	L1	L1PA3	antisense	10195	13	60	875200	73	18.6000	2.815e-12	3.097e-10
K562	SAFB2	L1	L1MA5A	sense	8005	8	11	877390	19	79.7129	3.078e-12	3.376e-10
K562	ILF3	Alu	AluSg	sense	7110	13	90	878285	103	17.8430	3.125e-12	3.419e-10
K562	XRCC6	Alu	AluSx1	antisense	5550	26	706	879845	732	5.8382	3.427e-12	3.740e-10
K562	HNRNPM	L1	L1MD1	antisense	10195	18	159	875200	177	9.7184	4.079e-12	4.441e-10
K562	EXOSC5	L1	L1MC2	antisense	16207	19	111	869188	130	9.1800	4.179e-12	4.538e-10
K562	KHSRP	L1	L1MB1	antisense	41865	26	82	843530	108	6.3886	5.310e-12	5.751e-10
K562	QKI	L1	L1MC3	antisense	5242	15	200	880153	215	12.5928	5.607e-12	6.058e-10
K562	EXOSC5	L1	L1PA12	antisense	16207	8	4	869188	12	107.2608	5.833e-12	6.282e-10
K562	MATR3	L1	L1ME1	antisense	8519	32	714	876876	746	4.6132	5.845e-12	6.282e-10
K562	ILF3	L1	L1MB3	sense	7110	15	146	878285	161	12.6912	6.043e-12	6.479e-10
K562	HNRNPL	L1	L1MC3	antisense	9862	19	196	875533	215	8.6061	7.184e-12	7.683e-10
K562	KHSRP	L1	L1MA4A	antisense	41865	44	242	843530	286	3.6634	7.330e-12	7.819e-10
K562	SAFB2	L1	L1MEb	sense	8005	7	6	877390	13	127.8728	8.059e-12	8.575e-10
K562	HNRNPM	L1	L1PA4	antisense	10195	14	83	875200	97	14.4800	8.168e-12	8.670e-10
K562	SAFB2	Alu	AluSz	sense	8005	22	353	877390	375	6.8309	1.013e-11	1.073e-09
K562	AKAP1	Alu	AluSx3	sense	2620	10	121	882775	131	27.8460	1.055e-11	1.115e-09
K562	KHSRP	L1	L1MC4	sense	41865	40	206	843530	246	3.9124	1.103e-11	1.162e-09
K562	EXOSC5	L1	L1MA6	antisense	16207	16	76	869188	92	11.2906	1.333e-11	1.401e-09
K562	HNRNPM	L1	L1MA5A	antisense	10195	13	70	875200	83	15.9428	1.551e-11	1.626e-09
K562	KHSRP	L1	L1M7	antisense	41865	18	35	843530	53	10.3622	1.816e-11	1.899e-09
K562	HNRNPM	L1	L1M2a	antisense	10195	9	19	875200	28	40.6639	2.010e-11	2.097e-09
K562	UPF1	Alu	AluJo	sense	16758	39	541	868637	580	3.7367	2.153e-11	2.241e-09
K562	EXOSC5	Alu	AluJb	antisense	16207	72	1554	869188	1626	2.4848	2.239e-11	2.324e-09
K562	KHDRBS1	L1	L1M8	sense	3897	7	20	881498	27	79.1697	2.617e-11	2.710e-09
K562	MATR3	L1	L1MC4	antisense	8519	28	584	876876	612	4.9351	2.710e-11	2.799e-09
K562	KHSRP	L1	L1MA5	antisense	41865	26	90	843530	116	5.8208	3.005e-11	3.097e-09
K562	SAFB2	L1	L1PA8	sense	8005	9	27	877390	36	36.5351	3.036e-11	3.113e-09
K562	SAFB2	L1	L1MEi	sense	8005	9	27	877390	36	36.5351	3.036e-11	3.113e-09
K562	ILF3	Alu	AluSq	sense	7110	11	65	878285	76	20.9048	3.153e-11	3.226e-09
K562	EXOSC5	L1	L1MEf	antisense	16207	31	369	869188	400	4.5055	3.208e-11	3.274e-09
K562	HNRNPL	L1	L1MB5	antisense	9862	19	217	875533	236	7.7732	3.645e-11	3.711e-09
K562	EXOSC5	L1	L1MA1	antisense	16207	11	26	869188	37	22.6898	4.247e-11	4.314e-09
K562	SAFB2	L1	L1MEj	sense	8005	6	3	877390	9	219.2105	4.474e-11	4.533e-09
K562	AKAP1	Alu	AluSx	antisense	2620	19	869	882775	888	7.3669	5.279e-11	5.336e-09
K562	EXOSC5	Alu	AluSx1	antisense	16207	43	689	869188	732	3.3470	5.561e-11	5.608e-09
K562	HNRNPL	L1	L1MB7	sense	9862	17	170	875533	187	8.8778	5.723e-11	5.757e-09
K562	KHDRBS1	L1	L1ME3G	sense	3897	9	66	881498	75	30.8453	5.942e-11	5.964e-09
K562	PTBP1	L1	L1PA6	antisense	12476	19	175	872919	194	7.5965	6.194e-11	6.202e-09
K562	HNRNPM	L1	L1MB5	antisense	10195	19	217	875200	236	7.5165	6.340e-11	6.334e-09
K562	SAFB2	Alu	Alu	sense	8005	10	45	877390	55	24.3567	7.330e-11	7.305e-09
K562	SAFB2	Alu	AluSq2	sense	8005	17	216	877390	233	8.6263	7.628e-11	7.584e-09
K562	SAFB2	L1	L1M8	sense	8005	8	19	877390	27	46.1496	8.476e-11	8.408e-09
K562	QKI	L1	L1MA8	antisense	5242	12	131	880153	143	15.3805	8.514e-11	8.426e-09
K562	HNRNPL	L1	L1ME3	sense	9862	12	67	875533	79	15.9006	9.304e-11	9.186e-09
K562	AKAP1	Alu	AluJr	sense	2620	17	692	882775	709	8.2774	9.549e-11	9.406e-09
K562	AKAP1	Alu	AluY	antisense	2620	12	273	882775	285	14.8104	9.926e-11	9.755e-09
K562	KHSRP	L1	L1M3a	antisense	41865	12	11	843530	23	21.9805	1.033e-10	1.013e-08
K562	SAFB2	L1	L1M4c	sense	8005	12	86	877390	98	15.2938	1.172e-10	1.147e-08
K562	HNRNPM	L1	L1MB2	antisense	10195	22	315	875200	337	5.9956	1.213e-10	1.184e-08
K562	SAFB2	L1	L1MA7	sense	8005	9	33	877390	42	29.8923	1.369e-10	1.333e-08
K562	HNRNPM	L1	L1P4	antisense	10195	11	51	875200	62	18.5158	1.391e-10	1.351e-08
K562	ILF3	Alu	AluSc8	sense	7110	10	57	878285	67	21.6716	1.812e-10	1.757e-08
K562	MATR3	L1	L1PA13	antisense	8519	13	106	876876	119	12.6237	1.817e-10	1.758e-08
K562	KHDRBS1	L1	L1MA3	sense	3897	9	76	881498	85	26.7867	1.873e-10	1.807e-08
K562	KHDRBS1	L1	L1MB3	sense	3897	11	150	881498	161	16.5879	2.156e-10	2.075e-08
K562	SAFB2	L1	L1MA5	sense	8005	7	12	877390	19	63.9364	2.257e-10	2.167e-08
K562	MATR3	L1	L1M4a1	antisense	8519	12	86	876876	98	14.3626	2.363e-10	2.265e-08
K562	ILF3	Alu	AluSc8	antisense	7110	13	134	878285	147	11.9841	2.929e-10	2.801e-08
K562	TARDBP	L1	L1MEc	antisense	9311	28	596	876084	624	4.4204	3.055e-10	2.915e-08
K562	MATR3	L1	L1PA16	antisense	8519	18	256	876876	274	7.2374	3.189e-10	3.035e-08
K562	AKAP1	Alu	AluJb	antisense	2620	24	1602	882775	1626	5.0477	3.217e-10	3.055e-08
K562	MATR3	Alu	AluSx1	antisense	8519	29	703	876876	732	4.2461	3.481e-10	3.298e-08
K562	SAFB2	L1	L1PB2	sense	8005	5	1	877390	6	548.0262	3.593e-10	3.397e-08
K562	MATR3	L1	L1PA11	antisense	8519	11	69	876876	80	16.4094	3.704e-10	3.495e-08
K562	MATR3	L1	L1MC1	antisense	8519	19	294	876876	313	6.6521	3.941e-10	3.710e-08
K562	HNRNPL	L1	L1ME1	sense	9862	19	253	875533	272	6.6672	4.093e-10	3.845e-08
K562	SAFB	L1	L1MC1	sense	2224	8	100	883171	108	31.7687	4.411e-10	4.134e-08
K562	PTBP1	L1	L1M8	antisense	12476	9	23	872919	32	27.3787	4.570e-10	4.264e-08
K562	HNRNPL	L1	L1MC4a	antisense	9862	18	225	875533	243	7.1023	4.565e-10	4.264e-08
K562	QKI	L1	L1MB8	antisense	5242	16	330	880153	346	8.1408	5.055e-10	4.707e-08
K562	SLTM	L1	L1PA16	sense	6761	12	119	878634	131	13.1048	5.342e-10	4.963e-08
K562	TARDBP	L1	L1MEf	antisense	9311	22	378	876084	400	5.4762	5.753e-10	5.333e-08
K562	HNRNPL	L1	L1MA10	antisense	9862	9	32	875533	41	24.9689	6.679e-10	6.178e-08
K562	ILF3	Alu	AluSc	antisense	7110	15	212	878285	227	8.7402	7.783e-10	7.183e-08
K562	UCHL5	L1	L1PA7	sense	40222	22	79	845173	101	5.8516	8.185e-10	7.538e-08
K562	SLTM	Alu	AluJb	sense	6761	31	1049	878634	1080	3.8405	8.274e-10	7.604e-08
K562	SAFB	L1	L1M5	sense	2224	11	306	883171	317	14.2752	8.307e-10	7.617e-08
K562	SAFB2	L1	L1PBa	sense	8005	6	7	877390	13	93.9474	8.860e-10	8.107e-08
K562	TARDBP	L1	L1MC4	antisense	9311	27	585	876084	612	4.3427	9.016e-10	8.232e-08
K562	SAFB2	Alu	AluSz6	sense	8005	16	224	877390	240	7.8289	1.016e-09	9.260e-08
K562	KHSRP	L1	L1ME3Cz	sense	41865	21	69	843530	90	6.1322	1.045e-09	9.497e-08
K562	KHDRBS1	L1	L1MB7	sense	3897	11	176	881498	187	14.1374	1.059e-09	9.608e-08
K562	EXOSC5	L1	L1M2a	antisense	16207	9	19	869188	28	25.4039	1.160e-09	1.051e-07
K562	QKI	L1	L1MEg	antisense	5242	15	300	880153	315	8.3952	1.167e-09	1.054e-07
K562	PTBP1	Alu	AluY	antisense	12476	21	264	872919	285	5.5656	1.236e-09	1.114e-07
K562	EIF4G2	Alu	AluJr	antisense	6457	30	1055	878938	1085	3.8708	1.271e-09	1.143e-07
K562	QKI	L1	L1MA7	antisense	5242	11	132	880153	143	13.9920	1.310e-09	1.176e-07
K562	AKAP1	Alu	AluJr	antisense	2620	19	1066	882775	1085	6.0054	1.425e-09	1.276e-07
K562	UPF1	Alu	AluSp	antisense	16758	21	195	868637	216	5.5821	1.434e-09	1.281e-07
K562	PTBP1	L1	L1PA7	antisense	12476	21	268	872919	289	5.4826	1.587e-09	1.415e-07
K562	KHDRBS1	L1	L1MC1	sense	3897	9	99	881498	108	20.5636	1.625e-09	1.446e-07
K562	QKI	L1	L1ME1	antisense	5242	22	724	880153	746	5.1021	1.642e-09	1.458e-07
K562	KHDRBS1	L1	L1MD2	sense	3897	10	139	881498	149	16.2733	1.691e-09	1.499e-07
K562	MATR3	L1	L1MEh	antisense	8519	9	43	876876	52	21.5439	1.783e-09	1.577e-07
K562	TARDBP	L1	L1MB4	antisense	9311	17	231	876084	248	6.9245	1.908e-09	1.684e-07
K562	HNRNPM	L1	L1M2c	antisense	10195	6	6	875200	12	85.8460	2.026e-09	1.785e-07
K562	EXOSC5	L1	L1MD	antisense	16207	19	167	869188	186	6.1017	2.192e-09	1.927e-07
K562	KHDRBS1	Alu	AluSz	sense	3897	14	361	881498	375	8.7723	2.232e-09	1.958e-07
K562	KHDRBS1	L1	L1MC5	sense	3897	9	103	881498	112	19.7650	2.246e-09	1.967e-07
K562	ILF3	Alu	AluY	antisense	7110	16	269	878285	285	7.3474	2.280e-09	1.992e-07
K562	KHDRBS1	L1	L1ME3C	sense	3897	6	22	881498	28	61.6907	2.511e-09	2.189e-07
K562	QKI	L1	L1ME3A	antisense	5242	15	321	880153	336	7.8460	2.797e-09	2.433e-07
K562	KHSRP	L1	L1MA10	antisense	41865	14	27	843530	41	10.4475	2.914e-09	2.530e-07
K562	PTBP1	L1	L1MCc	antisense	12476	12	73	872919	85	11.5016	3.095e-09	2.682e-07
K562	HNRNPM	L1	L1MEd	antisense	10195	24	453	875200	477	4.5481	3.330e-09	2.879e-07
K562	UPF1	Alu	AluSc	antisense	16758	21	206	868637	227	5.2841	3.508e-09	3.027e-07
K562	HNRNPC	Alu	AluSq	antisense	1465	7	128	883930	135	32.9965	3.854e-09	3.319e-07
K562	HNRNPM	L1	L1PA8A	antisense	10195	9	39	875200	48	19.8106	3.966e-09	3.409e-07
K562	EXOSC5	Alu	AluJo	antisense	16207	50	1019	869188	1069	2.6315	3.979e-09	3.413e-07
K562	KHDRBS1	L1	L1MC5a	sense	3897	10	153	881498	163	14.7843	4.034e-09	3.453e-07
K562	PTBP1	L1	L1P2	antisense	12476	10	44	872919	54	15.9018	4.180e-09	3.571e-07
K562	XRCC6	Alu	AluSz6	antisense	5550	17	419	879845	436	6.4320	4.478e-09	3.818e-07
K562	SAFB2	L1	L1ME3C	sense	8005	7	21	877390	28	36.5351	4.938e-09	4.201e-07
K562	LIN28B	Alu	AluSz	sense	9324	20	355	876071	375	5.2934	5.849e-09	4.966e-07
K562	EXOSC5	L1	L1M4c	antisense	16207	14	88	869188	102	8.5321	6.195e-09	5.250e-07
K562	TARDBP	L1	L1MB7	antisense	9311	25	560	876084	585	4.2005	6.936e-09	5.866e-07
K562	UPF1	Alu	AluJr	antisense	16758	51	1034	868637	1085	2.5566	6.969e-09	5.882e-07
K562	HNRNPM	L1	L1MC1	antisense	10195	19	294	875200	313	5.5479	7.063e-09	5.950e-07
K562	AKAP1	Alu	AluJb	sense	2620	18	1062	882775	1080	5.7108	8.095e-09	6.806e-07
K562	MATR3	L1	L1MB2	antisense	8519	18	319	876876	337	5.8081	8.329e-09	6.989e-07
K562	UPF1	Alu	AluSq2	antisense	16758	23	262	868637	285	4.5503	8.892e-09	7.447e-07
K562	SAFB2	L1	L1P3	sense	8005	6	12	877390	18	54.8026	9.220e-09	7.706e-07
K562	PTBP1	Alu	AluSq	antisense	12476	14	121	872919	135	8.0955	9.353e-09	7.801e-07
K562	KHDRBS1	L1	L1ME3A	sense	3897	8	84	881498	92	21.5428	9.377e-09	7.806e-07
K562	MATR3	L1	L1MEi	antisense	8519	8	36	876876	44	22.8737	9.533e-09	7.920e-07
K562	KHSRP	L1	L1ME3G	sense	41865	18	57	843530	75	6.3628	9.872e-09	8.186e-07
K562	TARDBP	L1	L1MC1	antisense	9311	18	295	876084	313	5.7412	1.020e-08	8.445e-07
K562	KHDRBS1	Alu	AluSq2	sense	3897	11	222	881498	233	11.2081	1.051e-08	8.682e-07
K562	KHSRP	L1	L1MEh	antisense	41865	15	37	843530	52	8.1684	1.110e-08	9.151e-07
K562	QKI	L1	L1MB3	antisense	5242	16	415	880153	431	6.4734	1.139e-08	9.373e-07
K562	HNRNPK	L1	L1MB5	antisense	4875	12	224	880520	236	9.6760	1.155e-08	9.484e-07
K562	TARDBP	L1	L1MB3	antisense	9311	21	410	876084	431	4.8193	1.164e-08	9.538e-07
K562	KHDRBS1	L1	L1M3	sense	3897	6	30	881498	36	45.2398	1.260e-08	1.031e-06
K562	HNRNPM	L1	L1M3	antisense	10195	12	105	875200	117	9.8110	1.354e-08	1.106e-06
K562	KHDRBS1	L1	L1M2	sense	3897	7	56	881498	63	28.2749	1.420e-08	1.157e-06
K562	HNRNPL	L1	L1PB4	sense	9862	10	66	875533	76	13.4513	1.431e-08	1.164e-06
K562	SAFB2	L1	L1PA11	sense	8005	5	5	877390	10	109.6052	1.464e-08	1.186e-06
K562	SAFB2	L1	L1M3f	sense	8005	5	5	877390	10	109.6052	1.464e-08	1.186e-06
K562	HNRNPM	L1	L1MA7	antisense	10195	13	130	875200	143	8.5846	1.479e-08	1.196e-06
K562	UPF1	Alu	AluSx	antisense	16758	44	844	868637	888	2.7023	1.604e-08	1.295e-06
K562	MATR3	L1	L1PA8	antisense	8519	9	58	876876	67	15.9722	1.820e-08	1.467e-06
K562	MATR3	L1	L1MA7	antisense	8519	12	131	876876	143	9.4289	1.855e-08	1.491e-06
K562	MATR3	L1	L1PA8A	antisense	8519	8	40	876876	48	20.5864	1.961e-08	1.574e-06
K562	MATR3	L1	L1M8	antisense	8519	7	25	876876	32	28.8209	2.076e-08	1.663e-06
K562	NIPBL	L1	L1MDa	sense	4642	8	78	880753	86	19.4601	2.095e-08	1.675e-06
K562	AGGF1	Alu	AluJr	sense	8124	25	684	877271	709	3.9468	2.128e-08	1.698e-06
K562	MATR3	L1	L1MD2	antisense	8519	15	229	876876	244	6.7423	2.246e-08	1.789e-06
K562	HNRNPL	L1	L1MD2	antisense	9862	16	228	875533	244	6.2301	2.324e-08	1.847e-06
K562	HNRNPL	L1	L1MC4	sense	9862	16	230	875533	246	6.1759	2.604e-08	2.066e-06
K562	EXOSC5	Alu	AluJr4	antisense	16207	21	243	869188	264	4.6347	2.820e-08	2.233e-06
K562	ILF3	Alu	AluSg7	antisense	7110	8	52	878285	60	19.0043	3.041e-08	2.404e-06
K562	ILF3	Alu	AluSp	antisense	7110	13	203	878285	216	7.9107	3.122e-08	2.464e-06
K562	MATR3	L1	L1MC3	antisense	8519	14	201	876876	215	7.1694	3.192e-08	2.514e-06
K562	SAFB2	L1	L1PA8A	sense	8005	7	29	877390	36	26.4564	3.268e-08	2.564e-06
K562	SAFB2	L1	L1M3	sense	8005	7	29	877390	36	26.4564	3.268e-08	2.564e-06
K562	KHDRBS1	L1	L1MA7	sense	3897	6	36	881498	42	37.6999	3.317e-08	2.598e-06
K562	HNRNPL	L1	L1ME4a	sense	9862	13	145	875533	158	7.9594	3.328e-08	2.602e-06
K562	UPF1	Alu	AluSx3	sense	16758	15	116	868637	131	6.7027	3.446e-08	2.689e-06
K562	AKAP1	Alu	AluSc	antisense	2620	9	218	882775	227	13.9102	3.617e-08	2.818e-06
K562	QKI	L1	L1MD2	antisense	5242	12	232	880153	244	8.6847	3.657e-08	2.843e-06
K562	KHDRBS1	L1	L1ME4c	sense	3897	6	37	881498	43	36.6809	3.841e-08	2.981e-06
K562	AKAP1	Alu	AluSx3	antisense	2620	9	222	882775	231	13.6596	4.200e-08	3.254e-06
K562	QKI	L1	L1MEd	antisense	5242	16	461	880153	477	5.8275	4.602e-08	3.559e-06
K562	SAFB2	L1	L1M4b	sense	8005	6	17	877390	23	38.6842	4.823e-08	3.723e-06
K562	AKAP1	Alu	AluSg	antisense	2620	10	304	882775	314	11.0835	4.986e-08	3.842e-06
K562	SAFB2	L1	L1MA8	sense	8005	10	96	877390	106	11.4172	5.254e-08	4.041e-06
K562	XRCC6	Alu	AluJr	antisense	5550	25	1060	879845	1085	3.7389	5.283e-08	4.056e-06
K562	SAFB2	L1	L1MDb	sense	8005	7	32	877390	39	23.9761	5.880e-08	4.506e-06
K562	AKAP1	Alu	AluY	sense	2620	9	232	882775	241	13.0708	6.030e-08	4.613e-06
K562	SAFB2	Alu	AluY	sense	8005	14	227	877390	241	6.7598	6.205e-08	4.738e-06
K562	UPF1	Alu	AluSx1	sense	16758	27	396	868637	423	3.5341	6.803e-08	5.185e-06
K562	MATR3	L1	L1MB3	antisense	8519	19	412	876876	431	4.7469	6.875e-08	5.231e-06
K562	QKI	L1	L1ME4b	antisense	5242	13	299	880153	312	7.3002	6.965e-08	5.290e-06
K562	HNRNPL	L1	L1ME3A	antisense	9862	18	318	875533	336	5.0252	7.042e-08	5.339e-06
K562	EXOSC5	L1	L1MA7	antisense	16207	15	128	869188	143	6.2848	7.280e-08	5.510e-06
K562	HNRNPM	L1	L1M4b	antisense	10195	12	124	875200	136	8.3077	7.328e-08	5.536e-06
K562	UPF1	Alu	AluJb	antisense	16758	64	1562	868637	1626	2.1238	7.669e-08	5.783e-06
K562	UPF1	Alu	AluSg	sense	16758	13	90	868637	103	7.4872	8.712e-08	6.558e-06
K562	HNRNPM	L1	L1MC4	antisense	10195	25	587	875200	612	3.6561	9.225e-08	6.932e-06
K562	HNRNPL	L1	L1ME4b	sense	9862	11	106	875533	117	9.2129	9.571e-08	7.180e-06
K562	MATR3	Alu	AluJo	antisense	8519	31	1038	876876	1069	3.0741	1.164e-07	8.714e-06
K562	SAFB2	L1	L1PA3	sense	8005	6	21	877390	27	31.3158	1.371e-07	1.023e-05
K562	MATR3	L1	L1PBa	antisense	8519	8	53	876876	61	15.5369	1.370e-07	1.023e-05
K562	HLTF	L1	L1PA16	sense	2569	7	124	882826	131	19.3994	1.401e-07	1.043e-05
K562	HNRNPL	L1	L1MD2	sense	9862	12	137	875533	149	7.7762	1.406e-07	1.045e-05
K562	UCHL5	L1	L1PA5	sense	40222	14	42	845173	56	7.0042	1.510e-07	1.121e-05
K562	XRCC6	Alu	AluJr4	antisense	5550	12	252	879845	264	7.5491	1.580e-07	1.170e-05
K562	SAFB2	L1	L1M4a1	sense	8005	5	10	877390	15	54.8026	1.680e-07	1.243e-05
K562	FUS	Alu	AluJb	sense	8622	31	1049	876773	1080	3.0051	1.873e-07	1.383e-05
K562	HNRNPK	L1	L1MB3	antisense	4875	14	417	880520	431	6.0640	1.939e-07	1.429e-05
K562	MATR3	L1	L1M3f	antisense	8519	6	21	876876	27	29.4091	1.971e-07	1.450e-05
K562	SAFB	L1	L1M1	sense	2224	6	91	883171	97	26.1830	2.028e-07	1.490e-05
K562	TARDBP	L1	L1ME3	antisense	9311	12	151	876084	163	7.4775	2.037e-07	1.494e-05
K562	GTF2F1	SVA	SVA_C	antisense	7818	4	3	877577	7	149.6678	2.081e-07	1.524e-05
K562	SLTM	L1	L1ME2	sense	6761	9	103	878634	112	11.3554	2.380e-07	1.739e-05
K562	TARDBP	L1	L1M4	antisense	9311	20	452	876084	472	4.1633	2.417e-07	1.764e-05
K562	TARDBP	L1	L1MB1	antisense	9311	10	98	876084	108	9.6012	2.499e-07	1.820e-05
K562	AKAP1	Alu	AluJo	sense	2620	12	568	882775	580	7.1184	2.544e-07	1.850e-05
K562	KHDRBS1	L1	L1MA10	sense	3897	4	9	881498	13	100.5329	2.596e-07	1.884e-05
K562	UPF1	Alu	AluSp	sense	16758	17	179	868637	196	4.9228	2.637e-07	1.910e-05
K562	HNRNPL	L1	L1MEg	sense	9862	10	93	875533	103	9.5461	2.692e-07	1.947e-05
K562	HNRNPM	L1	L1MB4	antisense	10195	15	233	875200	248	5.5266	2.730e-07	1.971e-05
K562	SAFB	L1	L1MEd	sense	2224	7	160	883171	167	17.3735	2.787e-07	2.009e-05
K562	TARDBP	L1	L1MB5	antisense	9311	14	222	876084	236	5.9337	2.930e-07	2.108e-05
K562	HNRNPM	L1	L1PB4	antisense	10195	9	69	875200	78	11.1973	3.162e-07	2.271e-05
K562	SAFB	Alu	AluJr	sense	2224	12	697	883171	709	6.8369	3.787e-07	2.716e-05
K562	SAFB	L1	L1MEf	sense	2224	6	102	883171	108	23.3594	3.836e-07	2.747e-05
K562	ILF3	L1	L1MB8	sense	7110	10	139	878285	149	8.8869	4.394e-07	3.141e-05
K562	KHSRP	L1	L1M4b	antisense	41865	22	114	843530	136	3.8884	4.698e-07	3.352e-05
K562	QKI	L1	L1MCa	antisense	5242	11	244	880153	255	7.5694	4.949e-07	3.525e-05
K562	HNRNPL	L1	L1M4	sense	9862	11	127	875533	138	7.6895	5.127e-07	3.646e-05
K562	HNRNPM	L1	L1PBa1	antisense	10195	5	10	875200	15	42.9230	5.515e-07	3.916e-05
K562	FAM120A	Alu	AluSz	sense	11303	19	356	874092	375	4.1273	5.712e-07	4.049e-05
K562	RBM22	L1	L1PA2	sense	3471	5	36	881924	41	35.2894	6.152e-07	4.346e-05
K562	KHSRP	L1	L1MB8	sense	41865	23	126	843530	149	3.6780	6.143e-07	4.346e-05
K562	SAFB2	L1	L1M6	sense	8005	5	14	877390	19	39.1447	6.312e-07	4.448e-05
K562	MATR3	L1	L1MC2	antisense	8519	10	120	876876	130	8.5776	6.317e-07	4.448e-05
K562	EXOSC5	Alu	AluSp	antisense	16207	17	199	869188	216	4.5815	6.568e-07	4.617e-05
K562	KHDRBS1	L1	L1MD1	sense	3897	6	63	881498	69	21.5428	6.849e-07	4.806e-05
K562	KHSRP	L1	L1MCb	antisense	41865	8	10	843530	18	16.1190	7.121e-07	4.989e-05
K562	HNRNPM	L1	L1MC	antisense	10195	10	101	875200	111	8.4996	7.307e-07	5.103e-05
K562	PTBP1	L1	L1MC5a	antisense	12476	19	327	872919	346	4.0654	7.305e-07	5.103e-05
K562	TARDBP	L1	L1MCa	antisense	9311	14	241	876084	255	5.4659	7.417e-07	5.162e-05
K562	AKAP1	Alu	AluSg	sense	2620	6	97	882775	103	20.8415	7.470e-07	5.191e-05
K562	HNRNPL	Alu	AluJr	sense	9862	25	684	875533	709	3.2448	7.525e-07	5.221e-05
K562	SAFB2	L1	L1PA5	sense	8005	7	49	877390	56	15.6579	7.752e-07	5.369e-05
K562	PRPF8	Alu	AluSx	antisense	25390	53	835	860005	888	2.1499	7.903e-07	5.465e-05
K562	SLTM	L1	L1MEd	sense	6761	10	157	878634	167	8.2775	7.978e-07	5.508e-05
K562	HNRNPL	L1	L1M5	sense	9862	16	301	875533	317	4.7191	8.055e-07	5.552e-05
K562	HNRNPM	L1	L1M5	antisense	10195	29	852	875200	881	2.9220	8.129e-07	5.594e-05
K562	TARDBP	L1	L1MB2	antisense	9311	16	321	876084	337	4.6899	8.564e-07	5.883e-05
K562	SAFB2	L1	L1ME2z	sense	8005	7	50	877390	57	15.3447	8.768e-07	6.014e-05
K562	MATR3	L1	L1M4b	antisense	8519	10	126	876876	136	8.1692	9.568e-07	6.552e-05
K562	EXOSC5	L1	L1MC	antisense	16207	12	99	869188	111	6.5007	1.039e-06	7.105e-05
K562	SAFB2	L1	L1PA6	sense	8005	6	32	877390	38	20.5510	1.174e-06	8.016e-05
K562	HNRNPM	L1	L1MC4a	antisense	10195	14	229	875200	243	5.2482	1.200e-06	8.180e-05
K562	QKI	L1	L1ME3G	antisense	5242	11	269	880153	280	6.8660	1.235e-06	8.401e-05
K562	SAFB	Alu	AluSg7	sense	2224	4	28	883171	32	56.7299	1.350e-06	9.169e-05
K562	KHSRP	L1	L1M8	antisense	41865	10	22	843530	32	9.1586	1.375e-06	9.327e-05
K562	EXOSC5	Alu	AluSq	antisense	16207	13	122	869188	135	5.7147	1.412e-06	9.564e-05
K562	QKI	L1	L1MA6	antisense	5242	7	85	880153	92	13.8274	1.434e-06	9.686e-05
K562	QKI	Alu	AluSx	sense	5242	13	395	880153	408	5.5260	1.435e-06	9.686e-05
K562	SLTM	L1	L1MD3	sense	6761	7	65	878634	72	13.9953	1.441e-06	9.710e-05
K562	EXOSC5	L1	L1M2c	antisense	16207	5	7	869188	12	38.3074	1.461e-06	9.830e-05
K562	YWHAG	L1	L1ME2	sense	1480	5	107	883915	112	27.9084	1.499e-06	1.007e-04
K562	SAFB2	L1	L1MC	sense	8005	6	34	877390	40	19.3421	1.608e-06	1.078e-04
K562	EXOSC5	Alu	AluSx3	antisense	16207	17	214	869188	231	4.2604	1.659e-06	1.111e-04
K562	PTBP1	L1	L1MC5	antisense	12476	19	347	872919	366	3.8311	1.676e-06	1.120e-04
K562	SAFB	Alu	AluSx1	sense	2224	9	414	883171	423	8.6328	1.697e-06	1.133e-04
K562	HNRNPA1	Alu	AluJb	sense	1396	11	1069	883999	1080	6.5160	1.737e-06	1.157e-04
K562	KHSRP	L1	L1MEj	antisense	41865	9	17	843530	26	10.6670	1.766e-06	1.175e-04
K562	EXOSC5	L1	L1M5	antisense	16207	38	843	869188	881	2.4175	1.844e-06	1.225e-04
K562	EXOSC5	L1	L1M4a1	antisense	16207	11	87	869188	98	6.7809	1.999e-06	1.326e-04
K562	PTBP1	L1	L1M4c	antisense	12476	10	92	872919	102	7.6052	2.015e-06	1.334e-04
K562	TARDBP	L1	L1ME3B	antisense	9311	13	226	876084	239	5.4123	2.020e-06	1.336e-04
K562	KHSRP	L1	L1ME2z	sense	41865	13	44	843530	57	5.9531	2.025e-06	1.337e-04
K562	PTBP1	L1	L1ME3B	antisense	12476	15	224	872919	239	4.6853	2.048e-06	1.350e-04
K562	SAFB2	L1	L1MEh	sense	8005	4	7	877390	11	62.6316	2.094e-06	1.379e-04
K562	EIF4G2	Alu	AluJo	antisense	6457	24	1045	878938	1069	3.1262	2.113e-06	1.389e-04
K562	HNRNPM	L1	L1MD	antisense	10195	12	174	875200	186	5.9204	2.123e-06	1.393e-04
K562	QKI	L1	L1ME3B	antisense	5242	10	229	880153	239	7.3321	2.130e-06	1.396e-04
K562	ILF3	L1	L1M4	antisense	7110	16	456	878285	472	4.3343	2.138e-06	1.399e-04
K562	TARDBP	L1	L1ME3G	antisense	9311	14	266	876084	280	4.9522	2.227e-06	1.454e-04
K562	EXOSC5	L1	L1M3c	antisense	16207	5	8	869188	13	33.5190	2.338e-06	1.525e-04
K562	SAFB	L1	L1MB8	sense	2224	6	143	883171	149	16.6619	2.521e-06	1.641e-04
K562	SAFB2	Alu	AluSc8	sense	8005	7	60	877390	67	12.7873	2.666e-06	1.733e-04
K562	EXOSC5	L1	L1MA8	antisense	16207	13	130	869188	143	5.3630	2.699e-06	1.752e-04
K562	SAFB2	L1	L1ME3D	sense	8005	5	20	877390	25	27.4013	2.757e-06	1.787e-04
K562	HNRNPL	L1	L1PB4	antisense	9862	8	70	875533	78	10.1461	2.771e-06	1.793e-04
K562	SAFB2	L1	L1PB	sense	8005	3	1	877390	4	328.8157	2.935e-06	1.894e-04
K562	SAFB2	L1	L1M3d	sense	8005	3	1	877390	4	328.8157	2.935e-06	1.894e-04
K562	QKI	L1	L1MB4	antisense	5242	10	238	880153	248	7.0548	2.959e-06	1.906e-04
K562	ILF3	L1	L1MB3	antisense	7110	15	416	878285	431	4.4541	3.199e-06	2.052e-04
K562	PTBP1	L1	L1MA4	antisense	12476	16	264	872919	280	4.2405	3.198e-06	2.052e-04
K562	EXOSC5	L1	L1ME2	antisense	16207	19	277	869188	296	3.6786	3.194e-06	2.052e-04
K562	EXOSC5	L1	L1MD2	antisense	16207	17	227	869188	244	4.0164	3.478e-06	2.227e-04
K562	HNRNPM	L1	L1M2b	antisense	10195	4	6	875200	10	57.2307	3.490e-06	2.232e-04
K562	SLTM	Alu	AluJo	sense	6761	17	563	878634	580	3.9241	3.728e-06	2.380e-04
K562	EXOSC5	L1	L1MCc	antisense	16207	10	75	869188	85	7.1507	3.773e-06	2.405e-04
K562	HNRNPL	L1	L1MA4	sense	9862	7	51	875533	58	12.1853	3.882e-06	2.471e-04
K562	TARDBP	L1	L1M5	antisense	9311	26	855	876084	881	2.8613	4.100e-06	2.606e-04
K562	UPF1	Alu	AluSz6	sense	16758	17	223	868637	240	3.9515	4.313e-06	2.737e-04
K562	UPF1	Alu	AluSx4	antisense	16758	8	42	868637	50	9.8732	4.344e-06	2.753e-04
K562	SAFB2	L1	L1MA10	sense	8005	4	9	877390	13	48.7134	4.473e-06	2.830e-04
K562	PTBP1	L1	L1ME1	antisense	12476	28	718	872919	746	2.7286	4.520e-06	2.856e-04
K562	MATR3	L1	L1MEj	antisense	8519	5	21	876876	26	24.5076	4.578e-06	2.888e-04
K562	HNRNPM	L1	L1MB1	antisense	10195	9	99	875200	108	7.8042	4.977e-06	3.135e-04
K562	KHDRBS1	L1	L1M1	sense	3897	6	91	881498	97	14.9142	5.083e-06	3.197e-04
K562	HNRNPM	L1	L1ME2z	antisense	10195	11	158	875200	169	5.9766	5.127e-06	3.220e-04
K562	SLTM	L1	L1MD	sense	6761	6	51	878634	57	15.2890	5.143e-06	3.225e-04
K562	SLTM	L1	L1PA15	sense	6761	7	80	878634	87	11.3712	5.173e-06	3.239e-04
K562	PRPF8	Alu	AluSp	antisense	25390	20	196	860005	216	3.4563	5.226e-06	3.268e-04
K562	MATR3	L1	L1PA14	antisense	8519	7	63	876876	70	11.4369	5.374e-06	3.355e-04
K562	UPF1	Alu	AluJo	antisense	16758	43	1026	868637	1069	2.1724	5.494e-06	3.425e-04
K562	HNRNPM	L1	L1M3e	antisense	10195	5	18	875200	23	23.8461	5.723e-06	3.563e-04
K562	SAFB	Alu	AluJb	antisense	2224	16	1610	883171	1626	3.9464	5.883e-06	3.657e-04
K562	AKAP1	Alu	AluSx1	sense	2620	9	414	882775	423	7.3247	6.302e-06	3.912e-04
K562	MATR3	L1	L1MB7	antisense	8519	19	566	876876	585	3.4553	6.312e-06	3.912e-04
K562	MATR3	L1	L1MB4	antisense	8519	12	236	876876	248	5.2338	6.675e-06	4.125e-04
K562	HNRNPM	L1	L1MD2	antisense	10195	13	231	875200	244	4.8312	6.667e-06	4.125e-04
K562	MATR3	L1	L1P1	antisense	8519	5	23	876876	28	22.3765	6.731e-06	4.150e-04
K562	SAFB2	Alu	AluSx	sense	8005	15	393	877390	408	4.1834	6.735e-06	4.150e-04
K562	XRN2	SVA	SVA_D	antisense	3857	3	6	881538	9	114.2777	6.804e-06	4.181e-04
K562	HNRNPL	L1	L1M2	sense	9862	7	56	875533	63	11.0973	6.805e-06	4.181e-04
K562	KHDRBS1	L1	L1M7	sense	3897	3	6	881498	9	113.0996	7.017e-06	4.305e-04
K562	SAFB	L1	L1ME1	sense	2224	7	265	883171	272	10.4897	7.086e-06	4.341e-04
K562	QKI	L1	L1MB2	antisense	5242	11	326	880153	337	5.6655	7.224e-06	4.419e-04
K562	HNRNPM	L1	L1MC5	antisense	10195	16	350	875200	366	3.9244	7.659e-06	4.679e-04
K562	UPF1	Alu	AluSx4	sense	16758	7	32	868637	39	11.3387	7.853e-06	4.790e-04
K562	MATR3	L1	L1M6B	antisense	8519	4	10	876876	14	41.1727	7.937e-06	4.834e-04
K562	HNRNPM	L1	L1ME3D	antisense	10195	10	137	875200	147	6.2661	9.260e-06	5.632e-04
K562	KHDRBS1	L1	L1ME3E	sense	3897	4	26	881498	30	34.7999	9.372e-06	5.676e-04
K562	KHDRBS1	L1	L1MA6	sense	3897	4	26	881498	30	34.7999	9.372e-06	5.676e-04
K562	HNRNPM	L1	L1MA9	antisense	10195	12	203	875200	215	5.0746	9.354e-06	5.676e-04
K562	KHSRP	L1	L1MA3	antisense	41865	25	174	843530	199	2.8949	9.433e-06	5.705e-04
K562	HNRNPL	L1	L1MA6	antisense	9862	8	84	875533	92	8.4551	9.583e-06	5.788e-04
K562	PTBP1	Alu	AluSc5	antisense	12476	7	46	872919	53	10.6473	9.621e-06	5.802e-04
K562	KHDRBS1	Alu	AluJb	sense	3897	17	1063	881498	1080	3.6175	9.719e-06	5.853e-04
K562	LIN28B	Alu	AluSx	sense	9324	16	392	876071	408	3.8350	9.874e-06	5.938e-04
K562	MATR3	L1	L1MD1	antisense	8519	10	167	876876	177	6.1636	1.013e-05	6.081e-04
K562	SAFB	L1	L1MCb	sense	2224	3	14	883171	17	85.0948	1.048e-05	6.286e-04
K562	SLTM	L1	L1PA6	sense	6761	5	33	878634	38	19.6903	1.055e-05	6.317e-04
K562	NONO	L1	L1MB3	antisense	17869	24	407	867526	431	2.8629	1.089e-05	6.515e-04
K562	UPF1	Alu	AluY	antisense	16758	18	267	868637	285	3.4944	1.114e-05	6.653e-04
K562	UPF1	Alu	AluSq	antisense	16758	12	123	868637	135	5.0570	1.133e-05	6.755e-04
K562	SAFB2	L1	L1ME3F	sense	8005	5	28	877390	33	19.5724	1.160e-05	6.905e-04
K562	KHDRBS1	L1	L1MC4a	sense	3897	5	62	881498	67	18.2419	1.268e-05	7.542e-04
K562	HNRNPM	L1	L1PA8	antisense	10195	7	60	875200	67	10.0154	1.273e-05	7.559e-04
K562	SLTM	L1	L1MC4a	sense	6761	6	61	878634	67	12.7826	1.325e-05	7.859e-04
K562	EXOSC5	L1	L1MC4a	antisense	16207	16	227	869188	243	3.7801	1.348e-05	7.981e-04
K562	QKI	L1	L1ME3F	antisense	5242	7	122	880153	129	9.6338	1.353e-05	7.998e-04
K562	AGGF1	Alu	AluJb	antisense	8124	34	1592	877271	1626	2.3062	1.365e-05	8.062e-04
K562	KHDRBS1	L1	L1ME3F	sense	3897	4	29	881498	33	31.1999	1.385e-05	8.165e-04
K562	PTBP1	L1	L1MC3	antisense	12476	13	202	872919	215	4.5029	1.428e-05	8.408e-04
K562	SAFB2	L1	L1MCb	sense	8005	4	13	877390	17	33.7247	1.446e-05	8.505e-04
K562	PTBP1	Alu	AluSg4	antisense	12476	6	32	872919	38	13.1190	1.466e-05	8.606e-04
K562	SAFB	L1	L1M6	sense	2224	3	16	883171	19	74.4580	1.488e-05	8.727e-04
K562	SLTM	Alu	AluSq2	sense	6761	10	223	878634	233	5.8276	1.533e-05	8.978e-04
K562	LIN28B	Alu	AluSx1	sense	9324	16	407	876071	423	3.6937	1.536e-05	8.981e-04
K562	RBFOX2	L1	L1M2	antisense	7508	12	296	877887	308	4.7403	1.674e-05	9.779e-04
K562	AKAP1	Alu	AluSg4	sense	2620	3	14	882775	17	72.2008	1.706e-05	9.950e-04
K562	NIPBL	L1	L1PA7	sense	4642	6	95	880753	101	11.9833	1.715e-05	9.985e-04
K562	QKI	L1	L1ME3Cz	antisense	5242	9	233	880153	242	6.4856	1.743e-05	1.014e-03
K562	KHDRBS1	Alu	AluSx	sense	3897	10	398	881498	408	5.6834	1.750e-05	1.016e-03
K562	TARDBP	L1	L1ME3A	antisense	9311	14	322	876084	336	4.0909	1.756e-05	1.018e-03
K562	PTBP1	L1	L1MEg1	antisense	12476	4	8	872919	12	34.9839	1.782e-05	1.031e-03
K562	HLTF	L1	L1MEf	sense	2569	5	103	882826	108	16.6818	1.782e-05	1.031e-03
K562	KHDRBS1	L1	L1PA14	sense	3897	3	9	881498	12	75.3997	1.820e-05	1.051e-03
K562	HNRNPL	L1	L1PA16	sense	9862	9	122	875533	131	6.5492	1.835e-05	1.059e-03
K562	MATR3	L1	L1MA5	antisense	8519	8	108	876876	116	7.6246	1.851e-05	1.067e-03
K562	MATR3	L1	L1M6	antisense	8519	6	51	876876	57	12.1096	1.888e-05	1.086e-03
K562	EXOSC5	L1	L1ME3D	antisense	16207	12	135	869188	147	4.7671	1.929e-05	1.108e-03
K562	HNRNPL	L1	L1ME3B	antisense	9862	12	227	875533	239	4.6931	1.940e-05	1.113e-03
K562	EXOSC5	L1	L1M4a2	antisense	16207	7	39	869188	46	9.6260	1.968e-05	1.127e-03
K562	SAFB2	L1	L1MC5a	sense	8005	9	154	877390	163	6.4055	2.062e-05	1.180e-03
K562	XRCC6	L1	L1PA16	sense	5550	7	124	879845	131	8.9493	2.148e-05	1.227e-03
K562	SLTM	L1	L1MD2	sense	6761	8	141	878634	149	7.3734	2.209e-05	1.261e-03
K562	AGGF1	Alu	AluSx1	antisense	8124	20	712	877271	732	3.0333	2.228e-05	1.270e-03
K562	QKI	L1	L1MC1	antisense	5242	10	303	880153	313	5.5414	2.232e-05	1.271e-03
K562	KHDRBS1	Alu	AluJr	sense	3897	13	696	881498	709	4.2250	2.239e-05	1.272e-03
K562	KHDRBS1	L1	L1MEb	sense	3897	3	10	881498	13	67.8597	2.358e-05	1.338e-03
K562	KHDRBS1	Alu	AluSx1	sense	3897	10	413	881498	423	5.4770	2.376e-05	1.347e-03
K562	QKI	L1	L1M5	sense	5242	10	307	880153	317	5.4692	2.486e-05	1.407e-03
K562	MATR3	L1	L1ME3B	antisense	8519	11	228	876876	239	4.9660	2.531e-05	1.431e-03
K562	KHSRP	L1	L1MA9	sense	41865	13	58	843530	71	4.5161	2.586e-05	1.460e-03
K562	KHSRP	L1	L1ME3A	sense	41865	15	77	843530	92	3.9251	2.706e-05	1.526e-03
K562	SLTM	L1	L1PA4	sense	6761	5	41	878634	46	15.8483	2.739e-05	1.542e-03
K562	MATR3	L1	L1MA1	antisense	8519	5	32	876876	37	16.0831	2.778e-05	1.562e-03
K562	HNRNPL	L1	L1MB4	antisense	9862	12	236	875533	248	4.5142	2.787e-05	1.565e-03
K562	ILF3	Alu	AluYk11	sense	7110	3	5	878285	8	74.1169	2.813e-05	1.577e-03
K562	ILF3	L1	L1MB7	antisense	7110	16	569	878285	585	3.4736	3.004e-05	1.683e-03
K562	SAFB	L1	L1MC2	sense	2224	4	65	883171	69	24.4375	3.013e-05	1.686e-03
K562	QKI	L1	L1ME3C	antisense	5242	5	55	880153	60	15.2640	3.025e-05	1.690e-03
K562	SLTM	L1	L1PA10	sense	6761	5	42	878634	47	15.4710	3.045e-05	1.699e-03
K562	HNRNPK	L1	L1MB7	antisense	4875	13	572	880520	585	4.1050	3.054e-05	1.701e-03
K562	AGGF1	Alu	AluJo	antisense	8124	25	1044	877271	1069	2.5859	3.076e-05	1.712e-03
K562	HNRNPC	Alu	Alu	antisense	1465	3	33	883930	36	54.8514	3.099e-05	1.722e-03
K562	MATR3	L1	L1P3	antisense	8519	5	33	876876	38	15.5957	3.173e-05	1.761e-03
K562	TAF15	L1	L1ME1	sense	1919	6	266	883476	272	10.3846	3.351e-05	1.857e-03
K562	HNRNPL	L1	L1MB2	antisense	9862	14	323	875533	337	3.8480	3.370e-05	1.866e-03
K562	TARDBP	L1	L1ME4b	antisense	9311	13	299	876084	312	4.0909	3.455e-05	1.910e-03
K562	AGGF1	L1	L1MC3	sense	8124	6	61	877271	67	10.6215	3.683e-05	2.033e-03
K562	TARDBP	L1	L1MEg	antisense	9311	13	302	876084	315	4.0503	3.810e-05	2.101e-03
K562	HNRNPC	Alu	AluYh3	antisense	1465	2	4	883930	6	301.6826	4.086e-05	2.250e-03
K562	KHDRBS1	L1	L1MC5	antisense	3897	9	357	881498	366	5.7025	4.441e-05	2.442e-03
K562	PTBP1	L1	L1MD1	antisense	12476	11	166	872919	177	4.6364	4.973e-05	2.731e-03
K562	HLTF	L1	L1M2a	sense	2569	2	2	882826	4	343.6458	5.030e-05	2.759e-03
K562	NSUN2	Alu	AluSg	antisense	195	3	311	885200	314	43.7893	5.111e-05	2.800e-03
K562	SAFB	L1	L1ME3	sense	2224	4	75	883171	79	21.1792	5.134e-05	2.809e-03
K562	LIN28B	Alu	AluYk3	sense	9324	4	16	876071	20	23.4897	5.203e-05	2.843e-03
K562	EXOSC5	L1	L1MEb	antisense	16207	5	18	869188	23	14.8973	5.247e-05	2.856e-03
K562	EXOSC5	L1	L1M3e	antisense	16207	5	18	869188	23	14.8973	5.247e-05	2.856e-03
K562	MATR3	L1	L1PA17	antisense	8519	7	92	876876	99	7.8318	5.238e-05	2.856e-03
K562	HLTF	L1	L1MC2	sense	2569	4	65	882826	69	21.1474	5.260e-05	2.859e-03
K562	UPF1	Alu	AluJr4	antisense	16758	16	248	868637	264	3.3441	5.462e-05	2.966e-03
K562	SAFB	L1	L1MA2	sense	2224	3	26	883171	29	45.8203	5.507e-05	2.986e-03
K562	LIN28B	Alu	AluSx4	sense	9324	5	34	876071	39	13.8175	5.528e-05	2.994e-03
K562	PTBP1	L1	L1MB3	antisense	12476	18	413	872919	431	3.0494	5.604e-05	3.031e-03
K562	HLTF	L1	L1MA9	sense	2569	4	67	882826	71	20.5162	5.884e-05	3.178e-03
K562	TARDBP	L1	L1MB3	sense	9311	9	152	876084	161	5.5712	5.965e-05	3.218e-03
K562	MATR3	L1	L1M4c	antisense	8519	7	95	876876	102	7.5844	6.337e-05	3.414e-03
K562	HNRNPM	L1	L1MB8	antisense	10195	14	332	875200	346	3.6200	6.352e-05	3.418e-03
K562	KHSRP	L1	L1MC4a	sense	41865	12	55	843530	67	4.3961	6.561e-05	3.526e-03
K562	SMNDC1	L1	L1PA2	sense	4704	4	37	880691	41	20.2402	6.888e-05	3.697e-03
K562	ILF3	Alu	AluSc5	antisense	7110	5	48	878285	53	12.8675	6.945e-05	3.723e-03
K562	SLTM	L1	L1PA5	sense	6761	5	51	878634	56	12.7408	7.164e-05	3.835e-03
K562	QKI	L1	L1MA5	antisense	5242	6	110	880153	116	9.1584	7.310e-05	3.909e-03
K562	HNRNPM	L1	L1P3	antisense	10195	5	33	875200	38	13.0070	7.396e-05	3.950e-03
K562	SAFB	L1	L1MCa	sense	2224	3	29	883171	32	41.0803	7.434e-05	3.965e-03
K562	PTBP1	L1	L1M4a1	antisense	12476	8	90	872919	98	6.2194	7.921e-05	4.214e-03
K562	TIA1	L1	L1MEf	antisense	15133	19	381	870262	400	2.8678	8.012e-05	4.257e-03
K562	HNRNPL	L1	L1MC	sense	9862	5	35	875533	40	12.6826	8.145e-05	4.317e-03
K562	HNRNPL	L1	L1ME3A	sense	9862	7	85	875533	92	7.3112	8.140e-05	4.317e-03
K562	AKAP1	Alu	AluSq	sense	2620	4	72	882775	76	18.7187	8.282e-05	4.379e-03
K562	PTBP1	L1	L1M5	antisense	12476	28	853	872919	881	2.2967	8.427e-05	4.450e-03
K562	MATR3	L1	L1MB1	antisense	8519	7	101	876876	108	7.1339	9.101e-05	4.800e-03
K562	EXOSC5	Alu	AluSq2	antisense	16207	16	269	869188	285	3.1899	9.114e-05	4.801e-03
K562	NIPBL	L1	L1MA3	sense	4642	5	80	880753	85	11.8585	9.154e-05	4.816e-03
K562	HNRNPL	L1	L1MA4A	sense	9862	5	36	875533	41	12.3303	9.192e-05	4.830e-03
K562	AKAP1	Alu	AluSz6	sense	2620	6	234	882775	240	8.6394	9.230e-05	4.844e-03
K562	XRCC6	Alu	AluY	antisense	5550	9	276	879845	285	5.1695	9.521e-05	4.990e-03
K562	HNRNPL	Alu	AluSz6	sense	9862	11	229	875533	240	4.2645	9.607e-05	5.029e-03
K562	EIF4G2	L1	L1MC4	sense	6457	9	237	878938	246	5.1692	9.701e-05	5.072e-03
K562	TARDBP	L1	L1MB8	antisense	9311	13	333	876084	346	3.6732	9.803e-05	5.119e-03
K562	NIPBL	L1	L1PA15	sense	4642	5	82	880753	87	11.5692	1.022e-04	5.332e-03
K562	HNRNPL	L1	L1MA7	sense	9862	5	37	875533	42	11.9971	1.034e-04	5.385e-03
K562	QKI	L1	L1PA2	sense	5242	4	37	880153	41	18.1518	1.043e-04	5.429e-03
K562	SAFB	L1	L1MEi	sense	2224	3	33	883171	36	36.1008	1.062e-04	5.519e-03
K562	HNRNPL	L1	L1MC4a	sense	9862	6	61	875533	67	8.7323	1.064e-04	5.523e-03
K562	KHDRBS1	Alu	AluSz6	sense	3897	7	233	881498	240	6.7957	1.088e-04	5.640e-03
K562	HNRNPL	L1	L1MC2	antisense	9862	8	122	875533	130	5.8215	1.152e-04	5.965e-03
K562	UPF1	Alu	AluSz6	antisense	16758	21	415	868637	436	2.6229	1.180e-04	6.101e-03
K562	PRPF8	Alu	AluSz	antisense	25390	43	767	860005	810	1.8989	1.183e-04	6.111e-03
K562	HNRNPC	Alu	AluYc	antisense	1465	2	8	883930	10	150.8413	1.220e-04	6.295e-03
K562	MATR3	Alu	AluY	antisense	8519	11	274	876876	285	4.1323	1.223e-04	6.299e-03
K562	LIN28B	Alu	AluJb	sense	9324	26	1054	876071	1080	2.3178	1.233e-04	6.344e-03
K562	HNRNPL	L1	L1ME3B	sense	9862	6	63	875533	69	8.4551	1.254e-04	6.440e-03
K562	HNRNPL	L1	L1MD1	sense	9862	6	63	875533	69	8.4551	1.254e-04	6.440e-03
K562	HNRNPM	L1	L1M3a	antisense	10195	4	19	875200	23	18.0728	1.306e-04	6.695e-03
K562	KHDRBS1	L1	L1MA4	sense	3897	4	54	881498	58	16.7555	1.315e-04	6.736e-03
K562	TARDBP	Alu	AluJr4	antisense	9311	11	253	876084	264	4.0909	1.348e-04	6.895e-03
K562	SLTM	L1	L1PA7	sense	6761	6	95	878634	101	8.2078	1.350e-04	6.897e-03
K562	QKI	L1	L1MD3	antisense	5242	5	77	880153	82	10.9029	1.357e-04	6.925e-03
K562	QKI	L1	L1MC2	antisense	5242	6	124	880153	130	8.1244	1.370e-04	6.981e-03
K562	KHSRP	L1	L1MA5A	antisense	41865	13	70	843530	83	3.7419	1.387e-04	7.062e-03
K562	SAFB	Alu	AluSz6	antisense	2224	7	429	883171	436	6.4796	1.391e-04	7.073e-03
K562	UPF1	Alu	AluSg7	antisense	16758	7	53	868637	60	6.8460	1.395e-04	7.083e-03
K562	SAFB	L1	L1MEg	sense	2224	4	99	883171	103	16.0448	1.440e-04	7.305e-03
K562	HNRNPM	L1	L1MC2	antisense	10195	8	122	875200	130	5.6292	1.443e-04	7.312e-03
K562	MATR3	L1	L1MD3	antisense	8519	6	76	876876	82	8.1262	1.485e-04	7.510e-03
K562	HNRNPM	L1	L1M4a1	antisense	10195	7	91	875200	98	6.6035	1.486e-04	7.510e-03
K562	SAFB2	L1	L1PA14	sense	8005	3	9	877390	12	36.5351	1.529e-04	7.711e-03
K562	TARDBP	Alu	AluSg	antisense	9311	12	302	876084	314	3.7387	1.529e-04	7.711e-03
K562	UPF1	Alu	AluSx3	antisense	16758	14	217	868637	231	3.3441	1.553e-04	7.820e-03
K562	HNRNPA1	L1	L1MEd	sense	1396	4	163	883999	167	15.5396	1.568e-04	7.888e-03
K562	EXOSC5	L1	L1ME3B	antisense	16207	14	225	869188	239	3.3370	1.573e-04	7.902e-03
K562	LIN28B	Alu	AluSc	sense	9324	7	101	876071	108	6.5120	1.581e-04	7.936e-03
K562	MATR3	L1	L1MA5A	antisense	8519	6	77	876876	83	8.0207	1.588e-04	7.958e-03
K562	MATR3	L1	L1M7	antisense	8519	5	48	876876	53	10.7221	1.610e-04	8.060e-03
K562	EXOSC5	Alu	AluJr	antisense	16207	38	1047	869188	1085	1.9465	1.612e-04	8.061e-03
K562	SLTM	L1	L1PA8A	sense	6761	4	32	878634	36	16.2445	1.646e-04	8.223e-03
K562	QKI	L1	L1MEf	antisense	5242	10	390	880153	400	4.3052	1.690e-04	8.430e-03
K562	TARDBP	L1	L1MC5	antisense	9311	13	353	876084	366	3.4651	1.701e-04	8.478e-03
K562	SAFB2	L1	L1MD	sense	8005	5	52	877390	57	10.5390	1.709e-04	8.497e-03
K562	NIPBL	L1	L1M1	sense	4642	5	92	880753	97	10.3117	1.708e-04	8.497e-03
K562	EXOSC5	Alu	AluYj4	antisense	16207	4	12	869188	16	17.8768	1.712e-04	8.503e-03
K562	HNRNPM	L1	L1M3d	antisense	10195	3	7	875200	10	36.7911	1.724e-04	8.550e-03
K562	SLTM	SVA	SVA_B	sense	6761	2	1	878634	3	259.9124	1.740e-04	8.621e-03
K562	KHDRBS1	L1	L1MC5a	antisense	3897	8	338	881498	346	5.3538	1.770e-04	8.761e-03
K562	PTBP1	L1	L1MA5A	antisense	12476	7	76	872919	83	6.4444	1.795e-04	8.872e-03
K562	UCHL5	L1	L1PB1	sense	40222	12	65	845173	77	3.8793	1.799e-04	8.882e-03
K562	TARDBP	L1	L1PB4	antisense	9311	6	72	876084	78	7.8409	1.816e-04	8.956e-03
K562	ILF3	L1	L1MD2	antisense	7110	9	235	878285	244	4.7309	1.861e-04	9.165e-03
K562	HNRNPM	L1	L1MB3	antisense	10195	15	416	875200	431	3.0954	1.863e-04	9.165e-03
K562	HNRNPM	L1	L1M4a2	antisense	10195	5	41	875200	46	10.4690	1.871e-04	9.196e-03
K562	HNRNPL	L1	L1MD1	antisense	9862	9	168	875533	177	4.7560	1.881e-04	9.234e-03
K562	KHDRBS1	Alu	AluYk4	sense	3897	2	3	881498	5	150.7994	1.920e-04	9.412e-03
K562	SLTM	L1	L1ME3B	sense	6761	5	64	878634	69	10.1528	1.942e-04	9.508e-03
K562	TARDBP	L1	L1ME3	sense	9311	6	73	876084	79	7.7335	1.948e-04	9.528e-03
K562	YWHAG	L1	L1MEd	sense	1480	4	163	883915	167	14.6562	1.957e-04	9.562e-03
K562	HLTF	L1	L1M1	sense	2569	4	93	882826	97	14.7805	1.976e-04	9.645e-03
K562	SAFB	L1	L1MC5	sense	2224	4	108	883171	112	14.7078	1.987e-04	9.686e-03
K562	ILF3	L1	L1M3	sense	7110	4	32	878285	36	15.4410	1.993e-04	9.705e-03
K562	NONO	L1	L1MB7	antisense	17869	26	559	867526	585	2.2581	2.023e-04	9.839e-03
K562	PTBP1	L1	L1MC4a	antisense	12476	12	231	872919	243	3.6347	2.057e-04	9.993e-03
K562	HLTF	L1	L1MDb	sense	2569	3	36	882826	39	28.6371	2.062e-04	1.001e-02
K562	PTBP1	L1	L1MA8	antisense	12476	9	134	872919	143	4.6993	2.141e-04	1.038e-02
K562	ILF3	Alu	AluSq10	antisense	7110	3	12	878285	15	30.8820	2.191e-04	1.061e-02
K562	KHDRBS1	L1	L1MB1	sense	3897	3	24	881498	27	28.2749	2.303e-04	1.113e-02
K562	MATR3	L1	L1PREC2	antisense	8519	8	159	876876	167	5.1790	2.397e-04	1.158e-02
K562	SAFB2	L1	L1M3b	sense	8005	2	1	877390	3	219.2105	2.437e-04	1.176e-02
K562	AGGF1	L1	L1ME1	sense	8124	10	262	877271	272	4.1216	2.482e-04	1.196e-02
K562	HNRNPL	Alu	AluSx	sense	9862	14	394	875533	408	3.1546	2.488e-04	1.198e-02
K562	HNRNPM	L1	L1M3f	antisense	10195	4	23	875200	27	14.9297	2.495e-04	1.199e-02
K562	EXOSC5	L1	L1MEd	antisense	16207	21	456	869188	477	2.4698	2.541e-04	1.221e-02
K562	YWHAG	L1	L1MD3	sense	1480	3	69	883915	72	25.9670	2.550e-04	1.224e-02
K562	UCHL5	L1	L1PA6	sense	40222	8	30	845173	38	5.6034	2.601e-04	1.246e-02
K562	ILF3	Alu	AluYj4	antisense	7110	3	13	878285	16	28.5065	2.680e-04	1.283e-02
K562	ILF3	Alu	AluSx4	sense	7110	4	35	878285	39	14.1175	2.731e-04	1.306e-02
K562	TARDBP	Alu	AluSz6	antisense	9311	14	422	876084	436	3.1215	2.736e-04	1.307e-02
K562	PTBP1	L1	L1MA9	antisense	12476	11	204	872919	215	3.7728	2.756e-04	1.315e-02
K562	WDR3	L1	L1MC2	sense	309	2	67	885086	69	85.5032	2.804e-04	1.336e-02
K562	NIPBL	L1	L1MC1	sense	4642	5	103	880753	108	9.2105	2.816e-04	1.340e-02
K562	SLTM	L1	L1ME1	sense	6761	9	263	878634	272	4.4472	2.871e-04	1.365e-02
K562	HNRNPM	L1	L1P1	antisense	10195	4	24	875200	28	14.3077	2.884e-04	1.367e-02
K562	HNRNPM	L1	L1PA15-16	antisense	10195	4	24	875200	28	14.3077	2.884e-04	1.367e-02
K562	KHDRBS1	L1	L1MA9	sense	3897	4	67	881498	71	13.5044	2.879e-04	1.367e-02
K562	HNRNPL	L1	L1MB8	sense	9862	8	141	875533	149	5.0371	2.933e-04	1.388e-02
K562	KHSRP	L1	L1PA16	antisense	41865	27	247	843530	274	2.2025	2.942e-04	1.391e-02
K562	KHSRP	L1	L1MEg2	antisense	41865	4	4	843530	8	20.1488	3.000e-04	1.417e-02
K562	KHDRBS1	L1	L1MD3	sense	3897	4	68	881498	72	13.3058	3.037e-04	1.433e-02
K562	FAM120A	Alu	AluSx	sense	11303	15	393	874092	408	2.9516	3.071e-04	1.447e-02
K562	SAFB2	L1	L1P2	sense	8005	3	12	877390	15	27.4013	3.099e-04	1.457e-02
K562	SAFB2	L1	L1M6B	sense	8005	3	12	877390	15	27.4013	3.099e-04	1.457e-02
K562	KHDRBS1	Alu	AluJo	sense	3897	10	570	881498	580	3.9684	3.103e-04	1.458e-02
K562	HNRNPL	L1	L1MD3	antisense	9862	6	76	875533	82	7.0088	3.241e-04	1.520e-02
K562	SLTM	L1	L1PB1	sense	6761	5	72	878634	77	9.0247	3.246e-04	1.521e-02
K562	EXOSC5	Alu	AluSc	antisense	16207	13	214	869188	227	3.2579	3.301e-04	1.545e-02
K562	SLTM	L1	L1P3	sense	6761	3	15	878634	18	25.9912	3.333e-04	1.558e-02
K562	HNRNPL	Alu	AluSx1	sense	9862	14	409	875533	423	3.0389	3.569e-04	1.667e-02
K562	SAFB	L1	L1PA16	sense	2224	4	127	883171	131	12.5074	3.610e-04	1.684e-02
K562	QKI	L1	L1M1	antisense	5242	7	211	880153	218	5.5703	3.617e-04	1.686e-02
K562	HNRNPL	L1	L1ME5	sense	9862	3	10	875533	13	26.6335	3.634e-04	1.692e-02
K562	SAFB2	L1	L1MC4a	sense	8005	5	62	877390	67	8.8391	3.659e-04	1.700e-02
K562	SLTM	L1	L1ME3	sense	6761	5	74	878634	79	8.7808	3.656e-04	1.700e-02
K562	SAFB2	Alu	AluSg	sense	8005	6	97	877390	103	6.7797	3.690e-04	1.712e-02
K562	HNRNPL	Alu	AluSz	sense	9862	13	362	875533	375	3.1882	3.698e-04	1.714e-02
K562	AGGF1	L1	L1MB7	sense	8124	8	179	877271	187	4.8261	3.742e-04	1.733e-02
K562	PTBP1	L1	L1MB2	antisense	12476	14	323	872919	337	3.0327	3.761e-04	1.740e-02
K562	KHSRP	L1	L1ME3B	sense	41865	11	58	843530	69	3.8213	3.784e-04	1.748e-02
K562	KHDRBS1	L1	L1MCa	sense	3897	3	29	881498	32	23.3999	3.841e-04	1.773e-02
K562	AKAP1	Alu	AluYc	antisense	2620	2	8	882775	10	84.2343	3.877e-04	1.787e-02
K562	SAFB	Alu	AluSz6	sense	2224	5	235	883171	240	8.4491	3.889e-04	1.791e-02
K562	UPF1	Alu	AluSg	antisense	16758	16	298	868637	314	2.7830	3.926e-04	1.806e-02
K562	UCHL5	L1	L1P2	sense	40222	5	10	845173	15	10.5064	3.957e-04	1.818e-02
K562	EIF4G2	Alu	AluSz	antisense	6457	16	794	878938	810	2.7430	4.037e-04	1.853e-02
K562	KHSRP	L1	L1ME3E	sense	41865	7	23	843530	30	6.1322	4.102e-04	1.881e-02
K562	PRPF8	Alu	AluSx1	antisense	25390	38	694	860005	732	1.8547	4.306e-04	1.972e-02
K562	SAFB	L1	L1MC4	sense	2224	5	241	883171	246	8.2388	4.351e-04	1.990e-02
K562	AKAP1	Alu	AluJo	antisense	2620	11	1058	882775	1069	3.5031	4.361e-04	1.993e-02
K562	HNRNPL	L1	L1PA15	sense	9862	6	81	875533	87	6.5762	4.458e-04	2.035e-02
K562	U2AF2	L1	L1M5	antisense	7228	18	863	878167	881	2.5341	4.591e-04	2.094e-02
K562	PTBP1	L1	L1MEj	antisense	12476	4	22	872919	26	12.7214	4.597e-04	2.094e-02
K562	HNRNPK	L1	L1MD2	antisense	4875	7	237	880520	244	5.3348	4.613e-04	2.099e-02
K562	PTBP1	L1	L1MA2	antisense	12476	9	150	872919	159	4.1981	4.676e-04	2.126e-02
K562	PTBP1	L1	L1PA4	antisense	12476	7	90	872919	97	5.4419	4.683e-04	2.127e-02
K562	PTBP1	L1	L1M4a2	antisense	12476	5	41	872919	46	8.5327	4.705e-04	2.134e-02
K562	SAFB	L1	L1MEb	sense	2224	2	11	883171	13	72.2017	4.830e-04	2.186e-02
K562	SAFB	L1	L1ME5	sense	2224	2	11	883171	13	72.2017	4.830e-04	2.186e-02
K562	SAFB2	Alu	AluYa5	sense	8005	2	2	877390	4	109.6052	4.845e-04	2.191e-02
K562	HNRNPL	L1	L1ME3F	sense	9862	4	29	875533	33	12.2453	4.863e-04	2.196e-02
K562	HNRNPM	L1	L1MDb	antisense	10195	4	28	875200	32	12.2637	4.883e-04	2.203e-02
K562	HNRNPC	L1	L1MB7	antisense	1465	6	579	883930	585	6.2525	4.896e-04	2.207e-02
K562	HNRNPL	L1	L1MB3	sense	9862	8	153	875533	161	4.6420	4.919e-04	2.215e-02
K562	PTBP1	L1	L1M4	antisense	12476	17	455	872919	472	2.6142	4.935e-04	2.220e-02
K562	MATR3	L1	L1ME3A	antisense	8519	11	325	876876	336	3.4838	4.956e-04	2.226e-02
K562	SLTM	Alu	AluSx1	sense	6761	11	412	878634	423	3.4697	5.002e-04	2.245e-02
K562	SAFB	Alu	AluJb	sense	2224	10	1070	883171	1080	3.7113	5.029e-04	2.255e-02
K562	LSM11	L1	L1PA2	sense	3325	3	38	882070	41	20.9435	5.070e-04	2.270e-02
K562	SAFB2	L1	L1MD3	sense	8005	5	67	877390	72	8.1795	5.107e-04	2.283e-02
K562	AGGF1	Alu	AluSp	sense	8124	8	188	877271	196	4.5951	5.107e-04	2.283e-02
K562	KHDRBS1	L1	L1ME4a	antisense	3897	9	501	881498	510	4.0635	5.172e-04	2.309e-02
K562	MATR3	L1	L1PB3	antisense	8519	5	63	876876	68	8.1692	5.191e-04	2.315e-02
K562	HNRNPM	L1	L1ME3B	antisense	10195	10	229	875200	239	3.7487	5.226e-04	2.328e-02
K562	UPF1	Alu	AluSc8	antisense	16758	10	137	868637	147	3.7835	5.329e-04	2.372e-02
K562	PTBP1	L1	L1PA5	antisense	12476	10	187	872919	197	3.7416	5.463e-04	2.429e-02
K562	WDR3	L1	L1M1	sense	309	2	95	885086	97	60.3022	5.530e-04	2.453e-02
K562	ILF3	L1	L1MC4	antisense	7110	14	598	878285	612	2.8920	5.529e-04	2.453e-02
K562	SAFB	L1	L1M2	sense	2224	3	60	883171	63	19.8555	5.616e-04	2.484e-02
K562	KHSRP	L1	L1MEb	antisense	41865	6	17	843530	23	7.1113	5.612e-04	2.484e-02
K562	KHSRP	L1	L1M3e	antisense	41865	6	17	843530	23	7.1113	5.612e-04	2.484e-02
K562	KHSRP	L1	L1MA2	antisense	41865	18	141	843530	159	2.5722	5.689e-04	2.513e-02
K562	ILF3	L1	L1MB8	antisense	7110	10	336	878285	346	3.6764	5.795e-04	2.558e-02
K562	NIPBL	L1	L1MD3	sense	4642	4	68	880753	72	11.1609	5.845e-04	2.577e-02
K562	PTBP1	Alu	AluYg6	antisense	12476	2	1	872919	3	139.9357	5.900e-04	2.599e-02
K562	AGGF1	L1	L1MA7	sense	8124	4	38	877271	42	11.3669	6.003e-04	2.641e-02
K562	DGCR8	Alu	AluSx	sense	1440	5	403	883955	408	7.6161	6.051e-04	2.660e-02
K562	SAFB2	L1	L1ME3G	sense	8005	5	70	877390	75	7.8289	6.160e-04	2.705e-02
K562	HNRNPM	L1	L1PB2	antisense	10195	4	30	875200	34	11.4461	6.183e-04	2.712e-02
K562	FAM120A	Alu	AluSx	antisense	11303	24	864	874092	888	2.1481	6.336e-04	2.776e-02
K562	ILF3	SVA	SVA_B	antisense	7110	2	3	878285	5	82.3521	6.345e-04	2.777e-02
K562	SAFB2	L1	L1PBa1	sense	8005	3	16	877390	19	20.5510	6.423e-04	2.808e-02
K562	SAFB2	Alu	AluSq	sense	8005	5	71	877390	76	7.7187	6.545e-04	2.859e-02
K562	QKI	Alu	AluY	sense	5242	7	234	880153	241	5.0228	6.555e-04	2.860e-02
K562	NIPBL	L1	L1ME1	sense	4642	7	265	880753	272	5.0119	6.574e-04	2.865e-02
K562	MATR3	L1	L1MC4a	antisense	8519	9	234	876876	243	3.9589	6.609e-04	2.877e-02
K562	TARDBP	L1	L1MEd	antisense	9311	14	463	876084	477	2.8451	6.614e-04	2.877e-02
K562	EXOSC5	L1	L1M2b	antisense	16207	3	7	869188	10	22.9845	6.682e-04	2.899e-02
K562	HLTF	L1	L1MA4	sense	2569	3	55	882826	58	18.7443	6.683e-04	2.899e-02
K562	HNRNPL	L1	L1MCa	antisense	9862	10	245	875533	255	3.6236	6.685e-04	2.899e-02
K562	SAFB	L1	L1MC3	sense	2224	3	64	883171	67	18.6145	6.724e-04	2.913e-02
K562	NIPBL	L1	L1PA16	sense	4642	5	126	880753	131	7.5292	6.810e-04	2.947e-02
K562	HNRNPL	L1	L1PA8	sense	9862	4	32	875533	36	11.0973	6.817e-04	2.947e-02
K562	TAF15	L1	L1MB4	sense	1919	3	75	883476	78	18.4153	6.850e-04	2.959e-02
K562	RBFOX2	L1	L1PA10	sense	7508	4	43	877887	47	10.8769	6.890e-04	2.973e-02
K562	KHDRBS1	L1	L1MDb	sense	3897	3	36	881498	39	18.8499	6.917e-04	2.981e-02
K562	QKI	L1	L1MC4a	sense	5242	4	63	880153	67	10.6606	6.990e-04	3.010e-02
K562	ILF3	Alu	AluSx4	antisense	7110	4	46	878285	50	10.7416	7.128e-04	3.062e-02
K562	CPEB4	L1	L1MEf	antisense	869	4	396	884526	400	10.2815	7.119e-04	3.062e-02
K562	HNRNPM	L1	L1MA6	antisense	10195	6	86	875200	92	5.9893	7.132e-04	3.062e-02
K562	PTBP1	L1	L1M3c	antisense	12476	3	10	872919	13	20.9904	7.196e-04	3.086e-02
K562	PTBP1	L1	L1ME3G	antisense	12476	12	268	872919	280	3.1329	7.292e-04	3.124e-02
K562	XRCC6	Alu	AluSq2	sense	5550	7	226	879845	233	4.9102	7.491e-04	3.206e-02
K562	EXOSC5	L1	L1PBb	antisense	16207	4	19	869188	23	11.2906	7.521e-04	3.216e-02
K562	NIPBL	L1	L1PB1	sense	4642	4	73	880753	77	10.3965	7.530e-04	3.216e-02
K562	SUPV3L1	L1	L1M4c	sense	358	2	96	885037	98	51.5035	7.552e-04	3.223e-02
K562	AGGF1	Alu	AluSg	antisense	8124	10	304	877271	314	3.5521	7.572e-04	3.227e-02
K562	FAM120A	Alu	AluSc	antisense	11303	10	217	874092	227	3.5637	7.690e-04	3.275e-02
K562	EXOSC5	L1	L1MC5a	antisense	16207	16	330	869188	346	2.6003	7.796e-04	3.317e-02
K562	AKAP1	Alu	AluSg7	antisense	2620	3	57	882775	60	17.7335	7.809e-04	3.318e-02
K562	SAFB	L1	L1MB3	sense	2224	4	157	883171	161	10.1174	7.827e-04	3.323e-02
K562	PTBP1	L1	L1MD2	antisense	12476	11	233	872919	244	3.3032	7.921e-04	3.360e-02
K562	ZRANB2	L1	L1ME3	antisense	2207	4	159	883188	163	10.0673	7.966e-04	3.375e-02
K562	EXOSC5	Alu	AluSg	antisense	16207	15	299	869188	314	2.6905	8.085e-04	3.422e-02
K562	LIN28B	Alu	AluSg	sense	9324	6	97	876071	103	5.8119	8.153e-04	3.448e-02
K562	SSB	Alu	AluYk2	sense	243	1	2	885152	3	1821.3004	8.231e-04	3.477e-02
K562	ZRANB2	L1	L1MA4A	antisense	2207	5	281	883188	286	7.1206	8.274e-04	3.492e-02
K562	SLTM	Alu	Alu	sense	6761	4	51	878634	55	10.1926	8.495e-04	3.582e-02
K562	HNRNPM	L1	L1MA1	antisense	10195	4	33	875200	37	10.4056	8.567e-04	3.605e-02
K562	TARDBP	L1	L1MA7	antisense	9311	7	136	876084	143	4.8429	8.559e-04	3.605e-02
K562	PRPF8	Alu	AluSg	antisense	25390	20	294	860005	314	2.3042	8.733e-04	3.671e-02
K562	AKAP1	Alu	AluSq10	antisense	2620	2	13	882775	15	51.8365	8.958e-04	3.762e-02
K562	SLTM	SVA	SVA_A	sense	6761	3	22	878634	25	17.7213	9.027e-04	3.787e-02
K562	MATR3	L1	L1MEa	antisense	8519	2	3	876876	5	68.6212	9.080e-04	3.805e-02
K562	MATR3	L1	L1PB4	antisense	8519	5	73	876876	78	7.0501	9.714e-04	4.067e-02
K562	U2AF2	L1	L1MC5	antisense	7228	10	356	878167	366	3.4128	1.003e-03	4.197e-02
K562	MATR3	L1	L1M4a2	antisense	8519	4	42	876876	46	9.8030	1.013e-03	4.232e-02
K562	KHDRBS1	L1	L1MEh	sense	3897	2	9	881498	11	50.2665	1.037e-03	4.331e-02
K562	UCHL5	L1	L1PA8	sense	40222	7	29	845173	36	5.0720	1.040e-03	4.337e-02
K562	SLTM	L1	L1MB8	sense	6761	6	143	878634	149	5.4527	1.073e-03	4.470e-02
K562	AKAP1	Alu	AluSc8	sense	2620	3	64	882775	67	15.7939	1.076e-03	4.480e-02
K562	PTBP1	L1	L1MD3	antisense	12476	6	76	872919	82	5.5238	1.098e-03	4.565e-02
K562	HLTF	L1	L1MCb	sense	2569	2	15	882826	17	45.8194	1.112e-03	4.619e-02
K562	UCHL5	L1	L1PA3	sense	40222	6	21	845173	27	6.0036	1.138e-03	4.724e-02
K562	SAFB2	L1	L1P4	sense	8005	3	20	877390	23	16.4408	1.143e-03	4.738e-02
K562	MATR3	L1	L1M5	antisense	8519	19	862	876876	881	2.2688	1.176e-03	4.871e-02
K562	MATR3	Alu	AluJr4	antisense	8519	9	255	876876	264	3.6329	1.181e-03	4.885e-02
K562	SAFB2	L1	L1M3a	sense	8005	2	4	877390	6	54.8026	1.197e-03	4.947e-02
K562	NIPBL	L1	L1M3f	sense	4642	2	8	880753	10	47.4339	1.203e-03	4.967e-02
K562	EXOSC5	L1	L1ME2z	antisense	16207	10	159	869188	169	3.3730	1.209e-03	4.987e-02
