cell_line	rbp	element	subfamily	orientation	obs_loci	pooled_loci_in_cat	fold_pooled	exp_loci_perm	fold_perm	q_hyper	n_perm	exceed	p_perm	q_perm
HepG2	HNRNPC	Alu	AluYf1	antisense	5	6	360.5173	0.1754	28.5063	2.126e-07	25000	0	4.000e-05	8.623e-05
HepG2	HNRNPC	Alu	AluYh9	antisense	4	5	288.4139	0.0740	54.0833	1.061e-05	25000	0	4.000e-05	8.623e-05
HepG2	ILF3	Alu	AluYc3	antisense	4	7	165.0099	0.0808	49.5050	8.718e-06	25000	0	4.000e-05	8.623e-05
HepG2	HNRNPC	Alu	AluYk3	antisense	6	9	144.2069	0.1847	32.4816	4.233e-08	25000	0	4.000e-05	8.623e-05
HepG2	HNRNPC	Alu	AluYe5	antisense	4	6	144.2069	0.1790	22.3414	3.024e-05	25000	0	4.000e-05	8.623e-05
HepG2	HNRNPC	Alu	AluYh3	antisense	11	17	132.1897	0.3853	28.5477	4.715e-15	25000	0	4.000e-05	8.623e-05
HepG2	HNRNPC	Alu	AluSq10	antisense	9	14	129.7862	0.3497	25.7349	3.428e-12	25000	0	4.000e-05	8.623e-05
HepG2	HNRNPC	Alu	AluSx4	antisense	82	128	128.5323	2.1984	37.2992	9.761e-116	25000	0	4.000e-05	8.623e-05
HepG2	HNRNPC	Alu	AluYm1	antisense	16	25	128.1839	0.5390	29.6824	5.341e-22	25000	0	4.000e-05	8.623e-05
HepG2	HNRNPC	Alu	AluYk2	antisense	5	8	120.1724	0.1220	40.9702	1.761e-06	25000	0	4.000e-05	8.623e-05
HepG2	HNRNPC	Alu	AluSc5	antisense	54	90	108.1552	1.3245	40.7695	1.713e-73	25000	0	4.000e-05	8.623e-05
HepG2	HNRNPC	Alu	AluSc	antisense	287	501	96.6995	7.6326	37.6017	0.000e+00	25000	0	4.000e-05	8.623e-05
HepG2	SMNDC1	L1	L1PA2	sense	5	49	95.3523	0.0369	135.4280	3.152e-07	25000	0	4.000e-05	8.623e-05
HepG2	HNRNPC	Alu	AluSg4	antisense	44	78	93.3104	1.3694	32.1309	5.227e-58	25000	0	4.000e-05	8.623e-05
HepG2	HLTF	L1	L1MA3	sense	25	42	92.5011	4.6600	5.3648	4.124e-32	25000	0	4.000e-05	8.623e-05
HepG2	HNRNPC	Alu	AluSx1	antisense	897	1611	90.5838	27.1153	33.0810	0.000e+00	25000	0	4.000e-05	8.623e-05
HepG2	HNRNPC	Alu	AluSz6	antisense	479	872	87.8818	15.0480	31.8314	0.000e+00	25000	0	4.000e-05	8.623e-05
HepG2	HLTF	L1	L1MDa	sense	29	50	86.8630	3.4715	8.3537	7.238e-37	25000	0	4.000e-05	8.623e-05
HepG2	HNRNPC	Alu	AluSq4	antisense	6	11	86.5242	0.2074	28.9296	2.131e-07	25000	0	4.000e-05	8.623e-05
HepG2	HNRNPC	Alu	AluSx3	antisense	259	478	85.2731	7.8341	33.0607	0.000e+00	25000	0	4.000e-05	8.623e-05
HepG2	ILF3	Alu	AluJr4	sense	72	177	84.8622	4.9592	14.5185	2.029e-98	25000	0	4.000e-05	8.623e-05
HepG2	HNRNPC	Alu	AluSc8	antisense	132	245	84.2271	4.3089	30.6344	1.991e-172	25000	0	4.000e-05	8.623e-05
HepG2	HNRNPC	Alu	AluSx	antisense	938	1749	83.3946	28.4474	32.9731	0.000e+00	25000	0	4.000e-05	8.623e-05
HepG2	HNRNPC	Alu	AluSg7	antisense	52	97	83.3196	1.5977	32.5472	4.609e-67	25000	0	4.000e-05	8.623e-05
HepG2	ILF3	Alu	AluJb	sense	601	1505	82.2768	34.2856	17.5292	0.000e+00	25000	0	4.000e-05	8.623e-05
HepG2	HNRNPC	Alu	AluY	antisense	309	580	82.2139	10.7282	28.8025	0.000e+00	25000	0	4.000e-05	8.623e-05
HepG2	HNRNPC	Alu	AluSz	antisense	873	1648	81.2211	27.2961	31.9826	0.000e+00	25000	0	4.000e-05	8.623e-05
HepG2	HNRNPC	Alu	AluSg	antisense	258	492	79.4987	7.7041	33.4886	0.000e+00	25000	0	4.000e-05	8.623e-05
HepG2	ILF3	Alu	AluJr	sense	332	890	73.6334	20.9183	15.8713	0.000e+00	25000	0	4.000e-05	8.623e-05
HepG2	HNRNPC	Alu	AluSq	antisense	113	230	69.6384	3.8933	29.0241	3.204e-141	25000	0	4.000e-05	8.623e-05
HepG2	HNRNPC	Alu	AluYc	antisense	17	35	68.0977	0.5776	29.4321	1.297e-20	25000	0	4.000e-05	8.623e-05
HepG2	ILF3	Alu	AluJo	sense	259	734	67.4804	19.2463	13.4571	0.000e+00	25000	0	4.000e-05	8.623e-05
HepG2	HLTF	L1	L1MEc	sense	35	69	64.7508	10.0990	3.4657	8.690e-42	25000	0	4.000e-05	8.623e-05
HepG2	HNRNPC	Alu	AluSq2	antisense	221	473	63.2336	9.6704	22.8532	3.836e-271	25000	0	4.000e-05	8.623e-05
HepG2	HNRNPC	Alu	AluSp	antisense	149	329	59.6856	7.5782	19.6618	1.267e-179	25000	0	4.000e-05	8.623e-05
HepG2	PCBP2	SVA	SVA_D	sense	8	16	58.3162	0.7459	10.7250	6.207e-09	25000	0	4.000e-05	8.623e-05
HepG2	HLTF	L1	L1PA3	sense	9	19	56.6107	1.1750	7.6596	4.206e-10	25000	0	4.000e-05	8.623e-05
HepG2	HLTF	L1	L1MB2	sense	26	56	54.5140	4.6106	5.6392	1.275e-29	25000	0	4.000e-05	8.623e-05
HepG2	ILF3	Alu	AluSz6	sense	92	302	54.2175	8.8930	10.3452	3.635e-112	25000	0	4.000e-05	8.623e-05
HepG2	EXOSC5	L1	L1PA17	antisense	5	69	53.7398	0.1380	36.2214	4.282e-06	25000	0	4.000e-05	8.623e-05
HepG2	ILF3	Alu	AluSz	sense	148	502	51.7404	16.1574	9.1599	8.644e-179	25000	0	4.000e-05	8.623e-05
HepG2	HNRNPC	Alu	AluJb	antisense	1309	3175	50.5806	58.6901	22.3036	0.000e+00	25000	0	4.000e-05	8.623e-05
HepG2	ILF3	Alu	AluSx	sense	160	555	50.1296	17.0198	9.4008	1.384e-191	25000	0	4.000e-05	8.623e-05
HepG2	ILF3	Alu	AluSq	sense	16	61	44.0026	2.3437	6.8268	6.287e-18	25000	0	4.000e-05	8.623e-05
HepG2	HNRNPC	Alu	AluJo	antisense	706	1907	42.3856	32.8556	21.4880	0.000e+00	25000	0	4.000e-05	8.623e-05
HepG2	HNRNPC	Alu	AluYj4	antisense	14	38	42.0604	0.5356	26.1370	7.373e-15	25000	0	4.000e-05	8.623e-05
HepG2	HLTF	L1	L1MEf	sense	29	73	41.4573	6.6457	4.3637	1.176e-30	25000	0	4.000e-05	8.623e-05
HepG2	ILF3	Alu	AluSg	sense	39	159	40.2212	4.6570	8.3746	6.030e-43	25000	0	4.000e-05	8.623e-05
HepG2	HLTF	L1	L1MEg	sense	23	59	40.1866	5.5272	4.1613	5.506e-24	25000	0	4.000e-05	8.623e-05
HepG2	HNRNPC	Alu	AluJr4	antisense	169	481	39.0560	8.4488	20.0028	8.289e-181	25000	0	4.000e-05	8.623e-05
HepG2	HNRNPM	L1	L1P4	antisense	18	37	37.7781	1.0124	17.7788	1.660e-17	25000	0	4.000e-05	8.623e-05
HepG2	MATR3	L1	L1P1	antisense	8	22	37.2316	0.3148	25.4130	5.668e-08	25000	0	4.000e-05	8.623e-05
HepG2	ILF3	Alu	AluSq2	sense	69	299	37.1272	5.8864	11.7219	1.837e-74	25000	0	4.000e-05	8.623e-05
HepG2	HLTF	L1	L1PA16	sense	17	46	36.8729	3.9985	4.2516	3.347e-17	25000	0	4.000e-05	8.623e-05
HepG2	HNRNPC	Alu	AluJr	antisense	659	1956	36.6355	35.8470	18.3837	0.000e+00	25000	0	4.000e-05	8.623e-05
HepG2	ILF3	Alu	AluSx4	sense	10	44	36.3992	1.3298	7.5197	2.033e-10	25000	0	4.000e-05	8.623e-05
HepG2	ILF3	Alu	AluSp	sense	53	234	36.2384	4.6663	11.3580	1.386e-56	25000	0	4.000e-05	8.623e-05
HepG2	ILF3	Alu	AluSx1	sense	127	569	35.5593	16.1620	7.8579	5.093e-136	25000	0	4.000e-05	8.623e-05
HepG2	ILF3	Alu	AluSc8	sense	20	92	34.3771	2.5860	7.7340	1.015e-20	25000	0	4.000e-05	8.623e-05
HepG2	ILF3	Alu	AluSc	sense	28	132	33.3193	4.5419	6.1648	8.138e-29	25000	0	4.000e-05	8.623e-05
HepG2	HNRNPM	L1	L1M3e	antisense	10	22	33.2307	0.5698	17.5488	3.261e-09	25000	0	4.000e-05	8.623e-05
HepG2	HNRNPC	Alu	Alu	antisense	15	48	32.7743	0.6968	21.5282	1.006e-14	25000	0	4.000e-05	8.623e-05
HepG2	ILF3	Alu	AluJr	antisense	409	1956	32.7193	20.9063	19.5635	0.000e+00	25000	0	4.000e-05	8.623e-05
HepG2	HLTF	L1	L1M4	sense	28	82	32.6152	7.6174	3.6758	2.024e-27	25000	0	4.000e-05	8.623e-05
HepG2	ILF3	Alu	Alu	antisense	10	48	32.5677	0.4242	23.5760	5.001e-10	25000	0	4.000e-05	8.623e-05
HepG2	ILF3	Alu	AluJo	antisense	379	1907	30.6964	19.2906	19.6468	0.000e+00	25000	0	4.000e-05	8.623e-05
HepG2	HNRNPL	L1	L1PB4	sense	13	40	30.4691	2.2068	5.8908	2.795e-12	25000	0	4.000e-05	8.623e-05
HepG2	ILF3	Alu	AluJr4	antisense	93	481	29.6635	4.9338	18.8496	5.195e-93	25000	0	4.000e-05	8.623e-05
HepG2	HLTF	L1	L1PA15	sense	25	79	29.1207	3.9844	6.2745	1.706e-23	25000	0	4.000e-05	8.623e-05
HepG2	ILF3	Alu	AluJb	antisense	571	3175	27.1373	34.2594	16.6670	0.000e+00	25000	0	4.000e-05	8.623e-05
HepG2	SUGP2	L1	L1MEj	antisense	14	28	27.1108	0.8038	17.4164	1.350e-11	25000	0	4.000e-05	8.623e-05
HepG2	MATR3	L1	L1P2	antisense	22	75	27.0456	1.4502	15.1707	3.575e-20	25000	0	4.000e-05	8.623e-05
HepG2	MATR3	L1	L1PA10	antisense	31	106	26.9308	1.8535	16.7253	1.695e-28	25000	0	4.000e-05	8.623e-05
HepG2	MATR3	L1	L1PA3	antisense	19	66	26.3394	1.1674	16.2755	3.280e-17	25000	0	4.000e-05	8.623e-05
HepG2	MATR3	L1	L1PA6	antisense	63	219	26.3127	4.1996	15.0016	7.489e-58	25000	0	4.000e-05	8.623e-05
HepG2	MATR3	L1	L1PA7	antisense	102	356	26.1647	5.9216	17.2252	5.882e-94	25000	0	4.000e-05	8.623e-05
HepG2	ILF3	Alu	AluYc	antisense	6	35	25.6050	0.3460	17.3430	2.114e-05	25000	0	4.000e-05	8.623e-05
HepG2	ILF3	Alu	AluSx3	sense	32	190	25.0648	4.7069	6.7985	1.255e-29	25000	0	4.000e-05	8.623e-05
HepG2	MATR3	L1	L1P3	antisense	11	40	24.7141	0.7390	14.8842	1.295e-09	25000	0	4.000e-05	8.623e-05
HepG2	ILF3	Alu	AluY	sense	42	257	24.1759	6.6966	6.2718	1.901e-38	25000	0	4.000e-05	8.623e-05
HepG2	MATR3	L1	L1PA4	antisense	20	74	24.1316	1.4560	13.7366	1.553e-17	25000	0	4.000e-05	8.623e-05
HepG2	POLR2G	Alu	AluJr	antisense	25	1956	23.8341	1.4768	16.9290	1.145e-23	25000	0	4.000e-05	8.623e-05
HepG2	MATR3	L1	L1PA11	antisense	25	94	23.6070	1.4974	16.6956	8.650e-22	25000	0	4.000e-05	8.623e-05
HepG2	HNRNPK	L1	L1PA8	antisense	19	95	23.5047	1.3627	13.9431	7.751e-17	25000	0	4.000e-05	8.623e-05
HepG2	POLR2G	Alu	AluSx	antisense	22	1749	23.4516	1.1602	18.9629	1.190e-20	25000	0	4.000e-05	8.623e-05
HepG2	POLR2G	Alu	AluSx3	antisense	6	478	23.4019	0.3239	18.5231	1.934e-05	25000	0	4.000e-05	8.623e-05
HepG2	MATR3	L1	L1PA5	antisense	56	214	23.0930	3.7008	15.1319	7.922e-49	25000	0	4.000e-05	8.623e-05
HepG2	MATR3	L1	L1M3f	antisense	11	43	22.3971	0.6540	16.8185	2.999e-09	25000	0	4.000e-05	8.623e-05
HepG2	HNRNPM	L1	L1PREC2	antisense	45	126	22.1538	3.2357	13.9074	4.956e-37	25000	0	4.000e-05	8.623e-05
HepG2	HLTF	L1	L1MB3	sense	29	112	21.9774	9.4395	3.0722	1.570e-24	25000	0	4.000e-05	8.623e-05
HepG2	ILF3	Alu	AluSz6	antisense	131	872	21.8788	8.8938	14.7294	1.849e-116	25000	0	4.000e-05	8.623e-05
HepG2	PCBP2	L1	L1MA1	antisense	12	44	21.8686	0.8224	14.5914	6.204e-10	25000	0	4.000e-05	8.623e-05
HepG2	PTBP1	L1	L1M7	antisense	17	70	21.1090	1.0908	15.5855	4.380e-14	25000	0	4.000e-05	8.623e-05
HepG2	MATR3	L1	L1PA8A	antisense	21	86	21.0502	1.4348	14.6362	1.923e-17	25000	0	4.000e-05	8.623e-05
HepG2	ILF3	Alu	AluSg7	antisense	14	97	20.8747	0.9805	14.2781	7.153e-12	25000	0	4.000e-05	8.623e-05
HepG2	POLR2G	Alu	AluJb	antisense	35	3175	20.5201	2.4332	14.3843	2.844e-31	25000	0	4.000e-05	8.623e-05
HepG2	MATR3	L1	L1M1	antisense	56	234	20.4983	3.9921	14.0278	1.786e-46	25000	0	4.000e-05	8.623e-05
HepG2	SUGP2	L1	L1MEb	antisense	15	35	20.3331	1.1913	12.5915	3.094e-11	25000	0	4.000e-05	8.623e-05
HepG2	HNRNPM	L1	L1PA17	antisense	23	69	19.9384	1.7744	12.9624	5.311e-18	25000	0	4.000e-05	8.623e-05
HepG2	HNRNPM	L1	L1M3b	antisense	6	18	19.9384	0.4480	13.3929	1.657e-04	25000	0	4.000e-05	8.623e-05
HepG2	KHSRP	L1	L1ME4c	antisense	23	109	19.9129	1.7656	13.0267	7.883e-19	25000	0	4.000e-05	8.623e-05
HepG2	HNRNPM	L1	L1PA16	antisense	80	241	19.8146	5.8432	13.6912	2.728e-63	25000	0	4.000e-05	8.623e-05
HepG2	MATR3	L1	L1PB1	antisense	65	279	19.7901	4.0072	16.2208	3.051e-53	25000	0	4.000e-05	8.623e-05
HepG2	ILF3	Alu	AluSz	antisense	227	1648	19.7698	16.1490	14.0566	3.358e-194	25000	0	4.000e-05	8.623e-05
HepG2	NKRF	SVA	SVA_D	antisense	8	41	19.7633	0.5138	15.5703	2.086e-06	25000	0	4.000e-05	8.623e-05
HepG2	MATR3	L1	L1PA15	antisense	54	234	19.5466	3.9894	13.5359	6.754e-44	25000	0	4.000e-05	8.623e-05
HepG2	HLTF	L1	L1ME1	sense	41	173	19.5374	12.1224	3.3822	3.586e-33	25000	0	4.000e-05	8.623e-05
HepG2	SUGP2	L1	L1M3f	antisense	18	43	19.5198	1.0797	16.6716	2.527e-13	25000	0	4.000e-05	8.623e-05
HepG2	HNRNPL	L1	L1MC4	antisense	205	873	19.4204	17.0362	12.0332	3.509e-168	25000	0	4.000e-05	8.623e-05
HepG2	POLR2G	Alu	AluY	antisense	6	580	19.2434	0.4098	14.6399	5.582e-05	25000	0	4.000e-05	8.623e-05
HepG2	ILF3	Alu	AluSp	antisense	44	329	19.1064	4.6732	9.4155	2.034e-36	25000	0	4.000e-05	8.623e-05
HepG2	HLTF	L1	L1MB8	sense	24	104	18.8702	7.5494	3.1790	5.157e-19	25000	0	4.000e-05	8.623e-05
HepG2	ILF3	Alu	AluSx1	antisense	211	1611	18.6520	16.1532	13.0625	9.511e-176	25000	0	4.000e-05	8.623e-05
HepG2	POLR2G	Alu	AluSc	antisense	5	501	18.5580	0.3073	16.2697	4.757e-04	25000	0	4.000e-05	8.623e-05
HepG2	POLR2G	Alu	AluJo	antisense	19	1907	18.5265	1.3760	13.8081	5.617e-16	25000	0	4.000e-05	8.623e-05
HepG2	SUGP2	L1	L1M4a2	antisense	19	47	18.3966	1.1504	16.5166	9.426e-14	25000	0	4.000e-05	8.623e-05
HepG2	ILF3	Alu	AluSx3	antisense	61	478	18.1036	4.7389	12.8722	2.119e-49	25000	0	4.000e-05	8.623e-05
HepG2	MATR3	L1	L1PA14	antisense	12	56	17.7696	1.0224	11.7375	3.661e-09	25000	0	4.000e-05	8.623e-05
HepG2	HLTF	L1	L1MB7	sense	35	159	17.7542	12.1594	2.8784	4.355e-27	25000	0	4.000e-05	8.623e-05
HepG2	QKI	L1	L1MA8	antisense	36	158	17.7034	3.3154	10.8585	9.255e-28	25000	0	4.000e-05	8.623e-05
HepG2	HNRNPM	L1	L1PA14	antisense	17	56	17.3822	1.4665	11.5924	1.780e-12	25000	0	4.000e-05	8.623e-05
HepG2	ILF3	Alu	AluSq2	antisense	58	473	17.2962	5.8949	9.8390	6.210e-46	25000	0	4.000e-05	8.623e-05
HepG2	SUGP2	L1	L1M3b	antisense	7	18	17.2523	0.5232	13.3782	9.019e-05	25000	0	4.000e-05	8.623e-05
HepG2	ILF3	Alu	AluSq	antisense	28	230	17.1545	2.3233	12.0517	6.315e-22	25000	0	4.000e-05	8.623e-05
HepG2	SUGP2	L1	L1P2	antisense	29	75	17.0916	2.2923	12.6509	1.707e-20	25000	0	4.000e-05	8.623e-05
HepG2	MATR3	L1	L1MCc	antisense	29	140	17.0225	1.9208	15.0976	5.219e-22	25000	0	4.000e-05	8.623e-05
HepG2	ILF3	Alu	AluY	antisense	70	580	16.9863	6.6837	10.4733	4.197e-55	25000	0	4.000e-05	8.623e-05
HepG2	PRPF4	SVA	SVA_D	antisense	10	41	16.7952	0.8492	11.7763	2.738e-07	25000	0	4.000e-05	8.623e-05
HepG2	PCBP2	L1	L1MA6	antisense	27	121	16.7504	2.3527	11.4763	3.318e-20	25000	0	4.000e-05	8.623e-05
HepG2	QKI	L1	L1ME5	antisense	13	60	16.5943	0.9452	13.7531	1.378e-09	25000	0	4.000e-05	8.623e-05
HepG2	HNRNPM	L1	L1M2	antisense	82	280	16.5147	6.7490	12.1499	5.999e-60	25000	0	4.000e-05	8.623e-05
HepG2	SUGP2	L1	L1PA5	antisense	81	214	16.5111	6.2213	13.0197	5.220e-57	25000	0	4.000e-05	8.623e-05
HepG2	PTBP1	L1	L1MEh	antisense	11	55	16.4526	0.8929	12.3197	4.372e-08	25000	0	4.000e-05	8.623e-05
HepG2	MATR3	L1	L1M8	antisense	11	55	16.2888	0.8896	12.3646	4.832e-08	25000	0	4.000e-05	8.623e-05
HepG2	QKI	L1	L1MA4	antisense	79	370	16.2873	6.1160	12.9170	4.647e-59	25000	0	4.000e-05	8.623e-05
HepG2	HNRNPM	L1	L1MDa	antisense	60	207	16.2763	5.1321	11.6911	1.939e-43	25000	0	4.000e-05	8.623e-05
HepG2	SUGP2	L1	L1PA6	antisense	82	219	16.2269	6.5751	12.4713	2.842e-57	25000	0	4.000e-05	8.623e-05
HepG2	POLR2G	Alu	AluSx1	antisense	14	1611	16.1386	1.0956	12.7779	6.284e-11	25000	0	4.000e-05	8.623e-05
HepG2	MATR3	L1	L1PREC2	antisense	25	126	16.1275	2.2124	11.3002	1.780e-18	25000	0	4.000e-05	8.623e-05
HepG2	MATR3	L1	L1PBa	antisense	15	76	16.0218	1.0150	14.7777	5.801e-11	25000	0	4.000e-05	8.623e-05
HepG2	HNRNPL	L1	L1M5	sense	30	149	15.9534	11.5274	2.6025	4.717e-22	25000	0	4.000e-05	8.623e-05
HepG2	MATR3	L1	L1M4a1	antisense	21	107	15.9100	1.4718	14.2682	2.197e-15	25000	0	4.000e-05	8.623e-05
HepG2	PCBP2	SVA	SVA_A	sense	6	28	15.9044	0.5356	11.2032	3.232e-04	25000	0	4.000e-05	8.623e-05
HepG2	ILF3	Alu	AluSx	antisense	199	1749	15.8889	16.9719	11.7252	1.682e-153	25000	0	4.000e-05	8.623e-05
HepG2	SUGP2	L1	L1M1	antisense	86	234	15.7536	6.8056	12.6367	2.741e-59	25000	0	4.000e-05	8.623e-05
HepG2	SUGP2	L1	L1PA4	antisense	27	74	15.5743	2.7347	9.8730	2.709e-18	25000	0	4.000e-05	8.623e-05
HepG2	MATR3	L1	L1M2	antisense	54	280	15.5681	4.5959	11.7496	1.492e-39	25000	0	4.000e-05	8.623e-05
HepG2	MATR3	L1	L1MCa	antisense	40	208	15.5132	2.9633	13.4986	3.728e-29	25000	0	4.000e-05	8.623e-05
HepG2	QKI	L1	L1MA1	antisense	9	44	15.4272	0.7589	11.8596	2.396e-06	25000	0	4.000e-05	8.623e-05
HepG2	HNRNPM	L1	L1PBa	antisense	21	76	15.2257	1.5034	13.9680	1.461e-14	25000	0	4.000e-05	8.623e-05
HepG2	MATR3	L1	L1PA17	antisense	13	69	15.1253	1.2204	10.6519	3.244e-09	25000	0	4.000e-05	8.623e-05
HepG2	SUGP2	L1	L1MEf	antisense	149	417	15.0728	12.0604	12.3545	3.100e-101	25000	0	4.000e-05	8.623e-05
HepG2	MATR3	L1	L1PA16	antisense	45	241	14.9591	3.9642	11.3515	2.909e-32	25000	0	4.000e-05	8.623e-05
HepG2	ILF3	Alu	AluSg	antisense	53	492	14.9411	4.6569	11.3810	4.878e-39	25000	0	4.000e-05	8.623e-05
HepG2	POLR2G	Alu	AluSz6	antisense	7	872	14.8979	0.6228	11.2403	3.822e-05	25000	0	4.000e-05	8.623e-05
HepG2	SUGP2	L1	L1M4c	antisense	52	147	14.8396	4.2422	12.2577	1.039e-34	25000	0	4.000e-05	8.623e-05
HepG2	QKI	L1	L1MA2	antisense	41	207	14.8180	3.8259	10.7164	4.292e-29	25000	0	4.000e-05	8.623e-05
HepG2	XRCC6	Alu	AluJo	antisense	13	1907	14.7866	1.1547	11.2581	1.076e-09	25000	0	4.000e-05	8.623e-05
HepG2	MATR3	L1	L1MEf	antisense	77	417	14.7557	6.6101	11.6489	4.112e-55	25000	0	4.000e-05	8.623e-05
HepG2	HNRNPL	L1	L1ME2z	antisense	34	180	14.7369	3.5300	9.6318	4.605e-24	25000	0	4.000e-05	8.623e-05
HepG2	ILF3	Alu	AluSc8	antisense	26	245	14.6927	2.5946	10.0210	7.470e-19	25000	0	4.000e-05	8.623e-05
HepG2	MATR3	L1	L1M4c	antisense	27	147	14.6599	2.3736	11.3751	4.571e-19	25000	0	4.000e-05	8.623e-05
HepG2	MATR3	L1	L1MEi	antisense	20	109	14.6416	1.4736	13.5722	4.734e-14	25000	0	4.000e-05	8.623e-05
HepG2	QKI	L1	L1MA3	antisense	61	311	14.6387	5.7230	10.6588	3.539e-43	25000	0	4.000e-05	8.623e-05
HepG2	QKI	L1	L1MA7	antisense	34	175	14.4668	3.4326	9.9051	8.917e-24	25000	0	4.000e-05	8.623e-05
HepG2	MATR3	L1	L1M6	antisense	19	105	14.3948	1.4762	12.8705	3.164e-13	25000	0	4.000e-05	8.623e-05
HepG2	HNRNPK	L1	L1MB5	antisense	37	279	14.3748	3.6560	10.1205	2.295e-26	25000	0	4.000e-05	8.623e-05
HepG2	QKI	L1	L1MD3	antisense	17	88	14.3650	1.9864	8.5584	9.476e-12	25000	0	4.000e-05	8.623e-05
HepG2	HNRNPM	L1	L1M2c	antisense	9	34	14.3557	0.7692	11.7011	5.951e-06	25000	0	4.000e-05	8.623e-05
HepG2	SUGP2	L1	L1M8	antisense	19	55	14.3085	1.6124	11.7840	2.676e-12	25000	0	4.000e-05	8.623e-05
HepG2	SUGP2	L1	L1MEg1	antisense	10	29	14.2689	0.7411	13.4931	2.328e-06	25000	0	4.000e-05	8.623e-05
HepG2	PTBP1	L1	L1MEd	antisense	91	511	14.2589	8.9084	10.2151	4.069e-64	25000	0	4.000e-05	8.623e-05
HepG2	MATR3	L1	L1MDa	antisense	37	207	14.1808	3.4936	10.5908	9.327e-26	25000	0	4.000e-05	8.623e-05
HepG2	HNRNPL	L1	L1MC1	antisense	68	372	14.1552	7.1862	9.4626	1.653e-47	25000	0	4.000e-05	8.623e-05
HepG2	KHSRP	L1	L1ME3D	antisense	19	119	14.1468	1.5448	12.2990	3.371e-13	25000	0	4.000e-05	8.623e-05
HepG2	ILF3	Alu	AluSg4	antisense	8	78	14.1437	0.8370	9.5579	1.473e-05	25000	0	4.000e-05	8.623e-05
HepG2	SUGP2	L1	L1MEc	antisense	238	697	14.0575	18.5035	12.8624	4.276e-157	25000	0	4.000e-05	8.623e-05
HepG2	HNRNPL	L1	L1ME4b	antisense	53	294	13.9168	6.1238	8.6548	1.222e-36	25000	0	4.000e-05	8.623e-05
HepG2	HNRNPM	L1	L1PB2	antisense	8	31	13.8702	0.7381	10.8389	3.543e-05	25000	0	4.000e-05	8.623e-05
HepG2	MATR3	L1	L1PB4	antisense	17	97	13.8455	1.8728	9.0775	1.382e-11	25000	0	4.000e-05	8.623e-05
HepG2	MATR3	L1	L1MEc	antisense	122	697	13.8242	10.1404	12.0310	7.487e-85	25000	0	4.000e-05	8.623e-05
HepG2	SUGP2	L1	L1MCc	antisense	47	140	13.7012	3.2614	14.4110	3.575e-30	25000	0	4.000e-05	8.623e-05
HepG2	SUGP2	L1	L1M6	antisense	35	105	13.5554	2.6926	12.9986	2.902e-22	25000	0	4.000e-05	8.623e-05
HepG2	MATR3	L1	L1MEd	antisense	88	511	13.5548	7.6314	11.5312	2.376e-60	25000	0	4.000e-05	8.623e-05
HepG2	XPO5	Alu	AluSx1	sense	58	569	13.5469	16.8555	3.4410	1.447e-40	25000	0	4.000e-05	8.623e-05
HepG2	QKI	L1	L1MC5a	antisense	66	359	13.5142	7.3894	8.9317	7.074e-45	25000	0	4.000e-05	8.623e-05
HepG2	MATR3	L1	L1PB3	antisense	23	134	13.5006	1.4550	15.8076	1.540e-15	25000	0	4.000e-05	8.623e-05
HepG2	HNRNPM	L1	L1PA15	antisense	59	234	13.4442	5.7880	10.1936	5.980e-39	25000	0	4.000e-05	8.623e-05
HepG2	MATR3	L1	L1MA3	antisense	53	311	13.3846	4.6772	11.3315	5.922e-36	25000	0	4.000e-05	8.623e-05
HepG2	SUGP2	L1	L1PA10	antisense	35	106	13.3645	3.2250	10.8528	4.135e-22	25000	0	4.000e-05	8.623e-05
HepG2	MATR3	L1	L1MB1	antisense	18	106	13.3272	1.5043	11.9659	4.906e-12	25000	0	4.000e-05	8.623e-05
HepG2	SUGP2	L1	L1PA7	antisense	117	356	13.2718	9.8960	11.8229	1.495e-74	25000	0	4.000e-05	8.623e-05
HepG2	SUGP2	L1	L1M7	antisense	23	70	13.2670	1.9385	11.8647	2.109e-14	25000	0	4.000e-05	8.623e-05
HepG2	SUGP2	L1	L1M4a1	antisense	35	107	13.1789	2.7488	12.7330	5.802e-22	25000	0	4.000e-05	8.623e-05
HepG2	UPF1	Alu	AluSp	sense	30	234	12.9989	7.2640	4.1300	3.374e-20	25000	0	4.000e-05	8.623e-05
HepG2	HNRNPL	L1	L1MC5a	antisense	61	359	12.9537	7.2980	8.3585	1.222e-40	25000	0	4.000e-05	8.623e-05
HepG2	HNRNPL	L1	L1MB8	antisense	75	444	12.8622	8.9338	8.3950	6.959e-50	25000	0	4.000e-05	8.623e-05
HepG2	SUGP2	L1	L1MEi	antisense	35	109	12.8227	2.8352	12.3450	1.153e-21	25000	0	4.000e-05	8.623e-05
HepG2	ILF3	Alu	AluSx4	antisense	12	128	12.8025	1.3116	9.1491	5.560e-08	25000	0	4.000e-05	8.623e-05
HepG2	MATR3	L1	L1MEh	antisense	9	55	12.7478	0.7600	11.8415	8.628e-06	25000	0	4.000e-05	8.623e-05
HepG2	KHSRP	L1	L1ME4a	antisense	59	404	12.7332	5.8861	10.0236	3.006e-39	25000	0	4.000e-05	8.623e-05
HepG2	SUGP2	L1	L1PA3	antisense	21	66	12.6517	2.2399	9.3753	8.028e-13	25000	0	4.000e-05	8.623e-05
HepG2	SUGP2	L1	L1P1	antisense	7	22	12.6517	0.6031	11.6071	3.863e-04	25000	0	4.000e-05	8.623e-05
HepG2	SUGP2	L1	L1M3e	antisense	7	22	12.6517	0.6791	10.3081	3.863e-04	25000	0	4.000e-05	8.623e-05
HepG2	HNRNPM	L1	L1M4	antisense	115	479	12.5985	11.3563	10.1266	8.009e-74	25000	0	4.000e-05	8.623e-05
HepG2	HNRNPM	L1	L1MCb	antisense	6	25	12.5927	0.5174	11.5964	1.182e-03	25000	0	4.000e-05	8.623e-05
HepG2	QKI	L1	L1MC4a	antisense	53	308	12.4695	6.2911	8.4246	1.849e-34	25000	0	4.000e-05	8.623e-05
HepG2	SUGP2	L1	L1MEg	antisense	108	343	12.4594	10.2169	10.5707	1.406e-66	25000	0	4.000e-05	8.623e-05
HepG2	SUGP2	L1	L1MDa	antisense	65	207	12.4099	6.2887	10.3360	8.342e-40	25000	0	4.000e-05	8.623e-05
HepG2	HNRNPM	L1	L1PB1	antisense	66	279	12.3562	5.8156	11.3487	1.030e-41	25000	0	4.000e-05	8.623e-05
HepG2	SUGP2	L1	L1MCa	antisense	65	208	12.3231	5.3646	12.1164	1.145e-39	25000	0	4.000e-05	8.623e-05
HepG2	HNRNPL	L1	L1MB3	antisense	94	579	12.2650	10.9816	8.5598	4.926e-61	25000	0	4.000e-05	8.623e-05
HepG2	MATR3	L1	L1PA8	antisense	15	95	12.2166	1.6218	9.2488	1.528e-09	25000	0	4.000e-05	8.623e-05
HepG2	HNRNPM	L1	L1PA11	antisense	22	94	12.1846	2.1998	10.0007	1.201e-13	25000	0	4.000e-05	8.623e-05
HepG2	HNRNPM	L1	L1M4a2	antisense	11	47	12.1846	0.8921	12.3302	1.007e-06	25000	0	4.000e-05	8.623e-05
HepG2	MATR3	L1	L1M7	antisense	11	70	12.1476	0.9582	11.4799	6.396e-07	25000	0	4.000e-05	8.623e-05
HepG2	HNRNPM	L1	L1PA8A	antisense	20	86	12.0839	2.0732	9.6467	2.530e-12	25000	0	4.000e-05	8.623e-05
HepG2	XPO5	Alu	AluSx	sense	51	555	12.0774	17.5946	2.8986	1.922e-33	25000	0	4.000e-05	8.623e-05
HepG2	SUGP2	L1	L1PBa	antisense	23	76	11.7651	1.8107	12.7021	1.523e-13	25000	0	4.000e-05	8.623e-05
HepG2	PTBP1	L1	L1MEg	antisense	52	343	11.7600	6.4688	8.0385	7.089e-33	25000	0	4.000e-05	8.623e-05
HepG2	HNRNPM	L1	L1PA3	antisense	15	66	11.7285	1.7401	8.6203	4.659e-09	25000	0	4.000e-05	8.623e-05
HepG2	HNRNPM	L1	L1P1	antisense	5	22	11.7285	0.4663	10.7232	6.768e-03	25000	0	4.000e-05	8.623e-05
HepG2	SUGP2	L1	L1M4	antisense	144	479	11.6536	14.1895	10.1484	6.009e-86	25000	0	4.000e-05	8.623e-05
HepG2	HNRNPM	L1	L1P3	antisense	9	40	11.5772	1.0880	8.2724	2.562e-05	25000	0	4.000e-05	8.623e-05
HepG2	SUGP2	L1	L1PA11	antisense	28	94	11.5016	2.5472	10.9925	2.440e-16	25000	0	4.000e-05	8.623e-05
HepG2	HNRNPK	L1	L1MB7	antisense	79	728	11.4445	10.1547	7.7796	4.688e-50	25000	0	4.000e-05	8.623e-05
HepG2	SUGP2	L1	L1PA12	antisense	8	27	11.4151	0.6333	12.6318	1.661e-04	25000	0	4.000e-05	8.623e-05
HepG2	HNRNPK	L1	L1MB8	antisense	48	444	11.3962	6.1798	7.7672	3.327e-30	25000	0	4.000e-05	8.623e-05
HepG2	MATR3	L1	L1MA4	antisense	55	370	11.3763	4.9351	11.1446	3.981e-34	25000	0	4.000e-05	8.623e-05
HepG2	PCBP2	L1	L1MC2	antisense	28	172	11.3393	3.4983	8.0039	3.816e-17	25000	0	4.000e-05	8.623e-05
HepG2	MATR3	L1	L1M4	antisense	71	479	11.3383	7.6240	9.3127	4.824e-44	25000	0	4.000e-05	8.623e-05
HepG2	MATR3	L1	L1MA4A	antisense	40	270	11.3313	3.9047	10.2441	1.164e-24	25000	0	4.000e-05	8.623e-05
HepG2	PTBP1	L1	L1P2	antisense	11	75	11.3112	1.8830	5.8419	1.178e-06	25000	0	4.000e-05	8.623e-05
HepG2	POLR2G	Alu	AluSz	antisense	10	1648	11.2390	1.1112	8.9993	2.422e-06	25000	0	4.000e-05	8.623e-05
HepG2	CSTF2	L1	L1ME2	antisense	11	203	11.2319	1.4664	7.5014	7.556e-07	25000	0	4.000e-05	8.623e-05
HepG2	QKI	L1	L1MC3	antisense	35	223	11.1693	4.5987	7.6109	2.614e-21	25000	0	4.000e-05	8.623e-05
HepG2	HNRNPK	L1	L1MB3	antisense	61	579	11.0717	7.7666	7.8541	7.970e-38	25000	0	4.000e-05	8.623e-05
HepG2	MATR3	L1	L1MA2	antisense	30	207	11.0433	3.0632	9.7936	3.414e-18	25000	0	4.000e-05	8.623e-05
HepG2	SUGP2	L1	L1MA3	antisense	90	311	11.0406	8.5229	10.5598	6.527e-52	25000	0	4.000e-05	8.623e-05
HepG2	HNRNPM	L1	L1PA4	antisense	16	74	11.0005	2.1806	7.3376	2.511e-09	25000	0	4.000e-05	8.623e-05
HepG2	XPO5	Alu	AluSx3	sense	16	190	10.9750	4.8378	3.3073	8.550e-10	25000	0	4.000e-05	8.623e-05
HepG2	MATR3	L1	L1MD1	antisense	35	244	10.9112	3.8014	9.2071	4.187e-21	25000	0	4.000e-05	8.623e-05
HepG2	QKI	L1	L1MA9	antisense	38	247	10.9082	5.3204	7.1423	7.993e-23	25000	0	4.000e-05	8.623e-05
HepG2	SUGP2	L1	L1M2	antisense	80	280	10.8443	7.9878	10.0153	1.278e-45	25000	0	4.000e-05	8.623e-05
HepG2	SUGP2	L1	L1PA14	antisense	16	56	10.8443	1.7361	9.2162	5.877e-09	25000	0	4.000e-05	8.623e-05
HepG2	QKI	L1	L1MC2	antisense	26	172	10.6840	3.3246	7.8204	2.213e-15	25000	0	4.000e-05	8.623e-05
HepG2	MATR3	L1	L1PA13	antisense	21	150	10.6067	2.1337	9.8422	2.253e-12	25000	0	4.000e-05	8.623e-05
HepG2	MATR3	L1	L1MEg	antisense	48	343	10.6015	5.5266	8.6853	1.549e-28	25000	0	4.000e-05	8.623e-05
HepG2	HNRNPL	L1	L1MA10	antisense	10	70	10.5470	1.3163	7.5972	8.656e-06	25000	0	4.000e-05	8.623e-05
HepG2	PCBP2	L1	L1MA5	antisense	20	131	10.5074	2.6072	7.6712	1.173e-11	25000	0	4.000e-05	8.623e-05
HepG2	HLTF	L1	L1MD2	sense	19	133	10.4835	4.6823	4.0578	4.310e-11	25000	0	4.000e-05	8.623e-05
HepG2	HLTF	L1	L1PA2	sense	7	49	10.4835	0.4566	15.3320	5.465e-04	25000	0	4.000e-05	8.623e-05
HepG2	HNRNPM	L1	L1MA4A	antisense	56	270	10.4351	5.7220	9.7868	3.835e-32	25000	0	4.000e-05	8.623e-05
HepG2	SUGP2	L1	L1MEd	antisense	142	511	10.4329	14.2604	9.9576	1.215e-79	25000	0	4.000e-05	8.623e-05
HepG2	UPF1	Alu	AluSx3	sense	20	190	10.3992	7.0346	2.8431	8.764e-12	25000	0	4.000e-05	8.623e-05
HepG2	MATR3	L1	L1M4b	antisense	24	176	10.2877	2.0051	11.9696	6.419e-14	25000	0	4.000e-05	8.623e-05
HepG2	MATR3	L1	L1MA1	antisense	6	44	10.2877	0.6276	9.5602	2.301e-03	25000	0	4.000e-05	8.623e-05
HepG2	SUGP2	L1	L1P3	antisense	11	40	10.2834	1.2406	8.8664	6.403e-06	25000	0	4.000e-05	8.623e-05
HepG2	SUGP2	L1	L1PA8	antisense	26	95	10.2157	3.0361	8.5636	3.644e-14	25000	0	4.000e-05	8.623e-05
HepG2	HNRNPL	L1	L1ME4a	antisense	56	404	10.1833	7.8136	7.1670	1.719e-32	25000	0	4.000e-05	8.623e-05
HepG2	QKI	L1	L1MA5	antisense	19	131	10.1777	2.4377	7.7942	7.184e-11	25000	0	4.000e-05	8.623e-05
HepG2	HNRNPL	L1	L1MA9	antisense	34	247	10.1013	5.0864	6.6845	1.486e-19	25000	0	4.000e-05	8.623e-05
HepG2	HNRNPM	L1	L1MCa	antisense	42	208	10.0893	4.3877	9.5723	1.519e-23	25000	0	4.000e-05	8.623e-05
HepG2	HNRNPM	L1	L1M3	antisense	25	124	10.0699	2.5458	9.8203	6.184e-14	25000	0	4.000e-05	8.623e-05
HepG2	SUGP2	L1	L1P4	antisense	10	37	10.0410	1.3412	7.4562	2.755e-05	25000	0	4.000e-05	8.623e-05
HepG2	SUGP2	L1	L1PA15	antisense	63	234	9.9882	6.7057	9.3950	3.353e-34	25000	0	4.000e-05	8.623e-05
HepG2	HNRNPL	L1	L1MC5	antisense	54	398	9.9338	7.2686	7.4292	7.631e-31	25000	0	4.000e-05	8.623e-05
HepG2	KHSRP	L1	L1ME3F	antisense	19	162	9.8929	1.7974	10.5708	8.772e-11	25000	0	4.000e-05	8.623e-05
HepG2	MATR3	L1	L1MC1	antisense	49	372	9.8842	6.0991	8.0340	6.487e-28	25000	0	4.000e-05	8.623e-05
HepG2	SUGP2	L1	L1PB1	antisense	74	279	9.7863	6.9696	10.6175	9.927e-40	25000	0	4.000e-05	8.623e-05
HepG2	HNRNPL	L1	L1ME3G	antisense	37	277	9.7560	4.6844	7.8985	7.861e-21	25000	0	4.000e-05	8.623e-05
HepG2	PCBP2	L1	L1MA7	antisense	25	175	9.7194	3.6246	6.8972	6.184e-14	25000	0	4.000e-05	8.623e-05
HepG2	QKI	L1	L1MD2	antisense	31	224	9.6365	5.7713	5.3714	2.971e-17	25000	0	4.000e-05	8.623e-05
HepG2	ILF3	Alu	AluSc	antisense	36	501	9.5812	4.5340	7.9399	1.740e-20	25000	0	4.000e-05	8.623e-05
HepG2	HNRNPM	L1	L1PA13	antisense	29	150	9.5573	3.1652	9.1621	1.100e-15	25000	0	4.000e-05	8.623e-05
HepG2	PCBP2	L1	L1MA2	antisense	29	207	9.5010	4.1199	7.0390	5.812e-16	25000	0	4.000e-05	8.623e-05
HepG2	XPO5	Alu	AluSz	sense	37	502	9.4969	16.8488	2.1960	6.523e-21	25000	0	4.000e-05	8.623e-05
HepG2	HNRNPM	L1	L1MC	antisense	19	99	9.4708	2.5730	7.3844	3.703e-10	25000	0	4.000e-05	8.623e-05
HepG2	QKI	L1	L1ME4a	antisense	55	404	9.4548	7.6165	7.2212	2.178e-30	25000	0	4.000e-05	8.623e-05
HepG2	HNRNPM	L1	L1MA5	antisense	25	131	9.4049	2.8942	8.6378	2.324e-13	25000	0	4.000e-05	8.623e-05
HepG2	KHSRP	L1	L1ME3G	antisense	31	277	9.3828	3.6964	8.3864	4.035e-17	25000	0	4.000e-05	8.623e-05
HepG2	HNRNPL	L1	L1ME4c	antisense	14	109	9.3258	2.3352	5.9951	1.486e-07	25000	0	4.000e-05	8.623e-05
HepG2	QKI	L1	L1ME3A	antisense	41	306	9.2822	6.9933	5.8627	2.594e-22	25000	0	4.000e-05	8.623e-05
HepG2	SUGP2	L1	L1MB1	antisense	27	106	9.2657	2.7329	9.8795	6.850e-14	25000	0	4.000e-05	8.623e-05
HepG2	SUGP2	L1	L1MEh	antisense	14	55	9.2574	1.4580	9.6022	4.116e-07	25000	0	4.000e-05	8.623e-05
HepG2	HNRNPL	L1	L1ME3A	antisense	39	306	9.2434	6.8051	5.7310	3.189e-21	25000	0	4.000e-05	8.623e-05
HepG2	MATR3	L1	L1MB2	antisense	38	306	9.2384	4.6014	8.2584	1.068e-20	25000	0	4.000e-05	8.623e-05
HepG2	QKI	L1	L1MA4A	antisense	36	270	9.2300	4.8909	7.3606	1.575e-19	25000	0	4.000e-05	8.623e-05
HepG2	QKI	L1	L1ME2z	antisense	24	180	9.2300	3.6290	6.6133	5.890e-13	25000	0	4.000e-05	8.623e-05
HepG2	SUGP2	L1	L1PREC2	antisense	32	126	9.2292	3.9468	8.1078	1.845e-16	25000	0	4.000e-05	8.623e-05
HepG2	SUGP2	L1	L1MA2	antisense	52	207	9.0952	5.4436	9.5525	1.326e-26	25000	0	4.000e-05	8.623e-05
HepG2	HNRNPM	L1	L1PB4	antisense	18	97	9.0859	2.7367	6.5773	2.285e-09	25000	0	4.000e-05	8.623e-05
HepG2	MATR3	L1	L1MA5	antisense	16	131	9.0651	1.9456	8.2235	1.613e-08	25000	0	4.000e-05	8.623e-05
HepG2	HNRNPM	L1	L1MA5A	antisense	20	108	9.0629	2.5157	7.9501	2.089e-10	25000	0	4.000e-05	8.623e-05
HepG2	QKI	L1	L1ME3E	antisense	11	84	9.0403	1.4904	7.3804	8.718e-06	25000	0	4.000e-05	8.623e-05
HepG2	SUGP2	L1	L1M4b	antisense	44	176	9.0369	3.4950	12.5894	2.258e-22	25000	0	4.000e-05	8.623e-05
HepG2	XPO5	Alu	AluSq2	sense	21	299	9.0159	5.9765	3.5138	2.098e-11	25000	0	4.000e-05	8.623e-05
HepG2	MATR3	L1	L1MA5A	antisense	13	108	8.9160	1.7366	7.4861	8.088e-07	25000	0	4.000e-05	8.623e-05
HepG2	PTBP1	L1	L1MEi	antisense	13	109	8.9118	1.7315	7.5079	8.088e-07	25000	0	4.000e-05	8.623e-05
HepG2	HNRNPM	L1	L1M8	antisense	10	55	8.8615	1.3068	7.6520	4.695e-05	25000	0	4.000e-05	8.623e-05
HepG2	HNRNPM	L1	L1MD	antisense	24	133	8.7802	2.7818	8.6276	2.879e-12	25000	0	4.000e-05	8.623e-05
HepG2	SUGP2	L1	L1PA8A	antisense	21	86	8.7589	2.3614	8.8932	2.190e-10	25000	0	4.000e-05	8.623e-05
HepG2	HNRNPM	L1	L1MB5	antisense	50	279	8.7067	6.6477	7.5214	1.363e-25	25000	0	4.000e-05	8.623e-05
HepG2	MATR3	L1	L1MB4	antisense	35	297	8.7039	4.5823	7.6381	2.586e-18	25000	0	4.000e-05	8.623e-05
HepG2	HNRNPM	L1	L1PA6	antisense	39	219	8.6400	6.1414	6.3504	7.782e-20	25000	0	4.000e-05	8.623e-05
HepG2	CSTF2	L1	L1ME4a	antisense	17	404	8.6119	2.5530	6.6588	5.137e-09	25000	0	4.000e-05	8.623e-05
HepG2	SUGP2	L1	L1PA16	antisense	58	241	8.5925	7.1478	8.1144	1.193e-28	25000	0	4.000e-05	8.623e-05
HepG2	PTBP1	L1	L1M6	antisense	12	105	8.4917	1.6715	7.1793	4.351e-06	25000	0	4.000e-05	8.623e-05
HepG2	QKI	L1	L1MA6	antisense	15	121	8.4898	2.2139	6.7754	1.333e-07	25000	0	4.000e-05	8.623e-05
HepG2	SUGP2	L1	L1MD1	antisense	58	244	8.4539	6.7403	8.6049	2.379e-28	25000	0	4.000e-05	8.623e-05
HepG2	HNRNPK	L1	L1PB1	antisense	23	279	8.4470	3.5283	6.5188	6.889e-12	25000	0	4.000e-05	8.623e-05
HepG2	HNRNPM	L1	L1PA7	antisense	62	356	8.4094	8.7106	7.1177	4.493e-31	25000	0	4.000e-05	8.623e-05
HepG2	MATR3	L1	L1MA8	antisense	18	158	8.3771	2.7601	6.5216	4.106e-09	25000	0	4.000e-05	8.623e-05
HepG2	SUGP2	L1	L1ME3B	antisense	46	195	8.3698	6.5079	7.0683	2.842e-22	25000	0	4.000e-05	8.623e-05
HepG2	SUGP2	L1	L1M2c	antisense	8	34	8.3418	0.8207	9.7475	9.520e-04	25000	0	4.000e-05	8.623e-05
HepG2	PTBP1	L1	L1M4a1	antisense	12	107	8.3129	1.7201	6.9764	5.337e-06	25000	0	4.000e-05	8.623e-05
HepG2	HNRNPM	L1	L1MCc	antisense	24	140	8.2504	2.7851	8.6173	9.035e-12	25000	0	4.000e-05	8.623e-05
HepG2	HNRNPM	L1	L1M1	antisense	40	234	8.2220	5.8486	6.8392	1.101e-19	25000	0	4.000e-05	8.623e-05
HepG2	SUGP2	L1	L1PA17	antisense	16	69	8.1844	2.2342	7.1615	1.579e-07	25000	0	4.000e-05	8.623e-05
HepG2	HNRNPL	L1	L1MB4	antisense	34	297	8.1809	5.4055	6.2899	4.833e-17	25000	0	4.000e-05	8.623e-05
HepG2	HNRNPM	L1	L1M4c	antisense	25	147	8.1715	3.4513	7.2437	3.455e-12	25000	0	4.000e-05	8.623e-05
HepG2	QKI	L1	L1M5	antisense	74	620	8.1312	11.5332	6.4162	4.601e-37	25000	0	4.000e-05	8.623e-05
HepG2	KHSRP	L1	L1ME3	antisense	17	173	8.1139	2.7210	6.2477	1.899e-08	25000	0	4.000e-05	8.623e-05
HepG2	U2AF2	L1	L1ME4c	antisense	21	109	8.1044	3.7255	5.6369	4.779e-10	25000	0	4.000e-05	8.623e-05
HepG2	MATR3	L1	L1MC2	antisense	19	172	8.0912	2.7314	6.9561	2.162e-09	25000	0	4.000e-05	8.623e-05
HepG2	HNRNPM	L1	L1PA5	antisense	36	214	8.0650	5.3881	6.6814	1.824e-17	25000	0	4.000e-05	8.623e-05
HepG2	HNRNPM	L1	L1M4a1	antisense	18	107	8.0650	2.1748	8.2768	1.167e-08	25000	0	4.000e-05	8.623e-05
HepG2	QKI	L1	L1MC5	antisense	47	398	8.0335	7.3664	6.3803	3.077e-23	25000	0	4.000e-05	8.623e-05
HepG2	HNRNPL	L1	L1MC3	antisense	25	223	7.9901	4.4535	5.6135	2.823e-12	25000	0	4.000e-05	8.623e-05
HepG2	PCBP2	L1	L1MA5A	antisense	13	108	7.9801	2.3838	5.4536	2.684e-06	25000	0	4.000e-05	8.623e-05
HepG2	SUGP2	L1	L1MA4	antisense	84	370	7.9626	8.9142	9.4232	1.492e-39	25000	0	4.000e-05	8.623e-05
HepG2	SUGP2	L1	L1PB4	antisense	22	97	7.9525	3.4076	6.4562	3.242e-10	25000	0	4.000e-05	8.623e-05
HepG2	MATR3	L1	L1MA7	antisense	19	175	7.9356	2.7536	6.9002	2.894e-09	25000	0	4.000e-05	8.623e-05
HepG2	PCBP2	L1	L1MA3	antisense	37	311	7.8748	6.0490	6.1167	5.311e-18	25000	0	4.000e-05	8.623e-05
HepG2	PTBP1	Alu	AluSc8	antisense	26	245	7.8131	5.1769	5.0223	1.378e-12	25000	0	4.000e-05	8.623e-05
HepG2	HNRNPL	L1	L1ME3	antisense	19	173	7.8075	3.4056	5.5791	3.753e-09	25000	0	4.000e-05	8.623e-05
HepG2	SUGP2	L1	L1MC	antisense	22	99	7.7459	3.3532	6.5610	4.939e-10	25000	0	4.000e-05	8.623e-05
HepG2	QKI	L1	L1ME3Cz	antisense	22	193	7.7186	4.0327	5.4554	1.683e-10	25000	0	4.000e-05	8.623e-05
HepG2	HNRNPM	L1	L1ME1	antisense	120	740	7.7181	17.9572	6.6826	5.389e-57	25000	0	4.000e-05	8.623e-05
HepG2	HNRNPM	L1	L1ME3	antisense	28	173	7.7004	4.3866	6.3830	4.094e-13	25000	0	4.000e-05	8.623e-05
HepG2	HNRNPL	L1	L1MC4a	antisense	33	308	7.5938	6.1182	5.3937	1.125e-15	25000	0	4.000e-05	8.623e-05
HepG2	XPO5	Alu	AluJr	sense	53	890	7.5576	22.3337	2.3731	1.203e-25	25000	0	4.000e-05	8.623e-05
HepG2	SUGP2	L1	L1ME2	antisense	44	203	7.5024	6.8457	6.4274	8.848e-20	25000	0	4.000e-05	8.623e-05
HepG2	HNRNPM	L1	L1MEf	antisense	66	417	7.4982	9.6551	6.8358	1.514e-30	25000	0	4.000e-05	8.623e-05
HepG2	SUGP2	L1	L1PB3	antisense	29	134	7.4877	2.4252	11.9580	5.835e-13	25000	0	4.000e-05	8.623e-05
HepG2	SUGP2	L1	L1MC1	antisense	80	372	7.4276	11.0170	7.2615	7.214e-36	25000	0	4.000e-05	8.623e-05
HepG2	HNRNPM	L1	L1MA4	antisense	58	370	7.4130	7.2160	8.0377	1.374e-26	25000	0	4.000e-05	8.623e-05
HepG2	QKI	L1	L1MB7	antisense	80	728	7.4068	14.9703	5.3439	1.711e-37	25000	0	4.000e-05	8.623e-05
HepG2	QKI	L1	L1ME3D	antisense	13	119	7.3579	1.9834	6.5544	6.000e-06	25000	0	4.000e-05	8.623e-05
HepG2	KHSRP	L1	L1ME3Cz	antisense	17	193	7.1919	3.1510	5.3950	9.844e-08	25000	0	4.000e-05	8.623e-05
HepG2	HNRNPM	L1	L1MD1	antisense	37	244	7.1278	5.5448	6.6729	1.967e-16	25000	0	4.000e-05	8.623e-05
HepG2	MATR3	L1	L1ME2	antisense	20	203	7.1208	3.6378	5.4978	5.063e-09	25000	0	4.000e-05	8.623e-05
HepG2	SUGP2	L1	L1MA4A	antisense	56	270	7.0944	6.7571	8.2876	3.481e-24	25000	0	4.000e-05	8.623e-05
HepG2	HNRNPM	L1	L1MB1	antisense	16	106	7.0892	2.2329	7.1656	5.406e-07	25000	0	4.000e-05	8.623e-05
HepG2	HNRNPM	L1	L1PB3	antisense	20	134	6.9959	2.1521	9.2933	1.072e-08	25000	0	4.000e-05	8.623e-05
HepG2	SUGP2	L1	L1MA5A	antisense	22	108	6.9353	2.9852	7.3696	2.894e-09	25000	0	4.000e-05	8.623e-05
HepG2	HNRNPM	L1	L1MEc	antisense	103	697	6.9147	14.9275	6.9000	5.130e-45	25000	0	4.000e-05	8.623e-05
HepG2	HNRNPM	L1	L1PA8	antisense	14	95	6.8923	2.4005	5.8321	5.528e-06	25000	0	4.000e-05	8.623e-05
HepG2	HNRNPL	L1	L1MD2	antisense	22	224	6.8921	5.5702	3.9496	1.131e-09	25000	0	4.000e-05	8.623e-05
HepG2	CSTF2	L1	L1ME1	antisense	25	740	6.8548	4.8462	5.1586	2.964e-11	25000	0	4.000e-05	8.623e-05
HepG2	SUGP2	L1	L1MC3	antisense	45	223	6.8539	7.0624	6.3717	6.208e-19	25000	0	4.000e-05	8.623e-05
HepG2	KHSRP	L1	L1M5	antisense	52	620	6.8165	8.9465	5.8123	5.917e-23	25000	0	4.000e-05	8.623e-05
HepG2	QKI	L1	L1ME3G	antisense	28	277	6.7464	4.7433	5.9031	4.057e-12	25000	0	4.000e-05	8.623e-05
HepG2	FUBP3	L1	L1ME4a	antisense	13	404	6.7271	2.1440	6.0634	1.016e-05	25000	0	4.000e-05	8.623e-05
HepG2	KHSRP	L1	L1ME4b	antisense	24	294	6.6184	4.7344	5.0693	2.731e-10	25000	0	4.000e-05	8.623e-05
HepG2	PTBP1	L1	L1MEc	antisense	63	697	6.5395	11.9115	5.2890	7.473e-27	25000	0	4.000e-05	8.623e-05
HepG2	SUGP2	L1	L1M3	antisense	24	124	6.5066	3.2544	7.3747	1.227e-09	25000	0	4.000e-05	8.623e-05
HepG2	HNRNPM	L1	L1MC1	antisense	52	372	6.4800	8.9111	5.8354	1.697e-21	25000	0	4.000e-05	8.623e-05
HepG2	PCBP2	L1	L1PA13	antisense	15	150	6.4796	3.0598	4.9023	3.121e-06	25000	0	4.000e-05	8.623e-05
HepG2	QKI	L1	L1ME3B	antisense	19	195	6.4767	4.0109	4.7371	6.403e-08	25000	0	4.000e-05	8.623e-05
HepG2	SUGP2	L1	L1MB2	antisense	59	306	6.4759	8.5544	6.8970	8.884e-24	25000	0	4.000e-05	8.623e-05
HepG2	U2AF2	L1	L1M5	antisense	99	620	6.4533	19.1307	5.1749	1.349e-40	25000	0	4.000e-05	8.623e-05
HepG2	SUGP2	L1	L1MB4	antisense	57	297	6.4388	8.6256	6.6082	7.267e-23	25000	0	4.000e-05	8.623e-05
HepG2	SUGP2	L1	L1ME3	antisense	33	173	6.3904	5.7422	5.7470	4.097e-13	25000	0	4.000e-05	8.623e-05
HepG2	KHSRP	L1	L1ME2	antisense	16	203	6.3706	3.4254	4.6710	1.292e-06	25000	0	4.000e-05	8.623e-05
HepG2	SUGP2	L1	L1MA8	antisense	30	158	6.3541	5.2024	5.7665	7.451e-12	25000	0	4.000e-05	8.623e-05
HepG2	HNRNPM	L1	L1ME3A	antisense	42	306	6.3440	8.4062	4.9963	4.675e-17	25000	0	4.000e-05	8.623e-05
HepG2	QKI	L1	L1ME4b	antisense	28	294	6.3152	6.0855	4.6011	1.709e-11	25000	0	4.000e-05	8.623e-05
HepG2	QKI	L1	L1MC4	antisense	83	873	6.3033	17.5282	4.7352	2.654e-34	25000	0	4.000e-05	8.623e-05
HepG2	MATR3	L1	L1ME3B	antisense	17	195	6.2227	3.3588	5.0613	7.226e-07	25000	0	4.000e-05	8.623e-05
HepG2	SUGP2	L1	L1PA13	antisense	28	150	6.2222	3.6610	7.6483	7.182e-11	25000	0	4.000e-05	8.623e-05
HepG2	SUGP2	L1	L1ME3A	antisense	57	306	6.2061	10.8146	5.2707	3.324e-22	25000	0	4.000e-05	8.623e-05
HepG2	QKI	L1	L1MB3	antisense	54	579	6.1709	11.3749	4.7473	7.467e-22	25000	0	4.000e-05	8.623e-05
HepG2	MATR3	L1	L1ME1	antisense	64	740	6.1685	12.1172	5.2817	5.414e-26	25000	0	4.000e-05	8.623e-05
HepG2	QKI	L1	L1ME3F	antisense	15	162	6.1219	2.3274	6.4451	5.912e-06	25000	0	4.000e-05	8.623e-05
HepG2	MATR3	L1	L1MC3	antisense	19	223	6.0684	3.7920	5.0106	1.583e-07	25000	0	4.000e-05	8.623e-05
HepG2	SUGP2	L1	L1ME1	antisense	135	740	6.0495	22.7774	5.9269	7.372e-52	25000	0	4.000e-05	8.623e-05
HepG2	PCBP2	L1	L1MD2	antisense	21	224	6.0327	6.0837	3.4519	2.931e-08	25000	0	4.000e-05	8.623e-05
HepG2	PTBP1	Alu	AluJr	antisense	164	1956	6.0228	41.4944	3.9523	7.478e-66	25000	0	4.000e-05	8.623e-05
HepG2	XPO5	Alu	AluJb	sense	72	1505	5.9968	36.5806	1.9683	4.602e-29	25000	0	4.000e-05	8.623e-05
HepG2	PTBP1	L1	L1MD	antisense	11	133	5.9337	2.1146	5.2020	3.073e-04	25000	0	4.000e-05	8.623e-05
HepG2	MATR3	L1	L1ME2z	antisense	15	180	5.9232	3.0168	4.9722	8.242e-06	25000	0	4.000e-05	8.623e-05
HepG2	PCBP2	L1	L1MA4	antisense	34	370	5.9010	6.4933	5.2362	3.416e-13	25000	0	4.000e-05	8.623e-05
HepG2	SUGP2	L1	L1MD2	antisense	40	224	5.8937	8.6458	4.6265	6.698e-15	25000	0	4.000e-05	8.623e-05
HepG2	MATR3	L1	L1ME3A	antisense	25	306	5.7967	5.6999	4.3860	1.452e-09	25000	0	4.000e-05	8.623e-05
HepG2	HNRNPL	L1	L1MB7	antisense	61	728	5.7874	14.3749	4.2435	2.008e-23	25000	0	4.000e-05	8.623e-05
HepG2	HNRNPM	L1	L1MA2	antisense	26	207	5.7282	4.4893	5.7916	1.209e-09	25000	0	4.000e-05	8.623e-05
HepG2	HNRNPM	L1	L1MB7	antisense	90	728	5.6253	18.0678	4.9812	3.586e-33	25000	0	4.000e-05	8.623e-05
HepG2	QKI	L1	L1MB8	antisense	38	444	5.6153	9.1333	4.1606	3.866e-14	25000	0	4.000e-05	8.623e-05
HepG2	SUGP2	L1	L1MA10	antisense	12	70	5.6091	2.0337	5.9005	3.264e-04	25000	0	4.000e-05	8.623e-05
HepG2	HNRNPL	L1	L1ME1	antisense	60	740	5.5837	14.3228	4.1891	2.593e-22	25000	0	4.000e-05	8.623e-05
HepG2	CSTF2	L1	L1M5	antisense	17	620	5.5270	3.8264	4.4428	2.393e-06	25000	0	4.000e-05	8.623e-05
HepG2	U2AF2	L1	L1ME3Cz	antisense	27	193	5.5238	6.8366	3.9493	1.279e-09	25000	0	4.000e-05	8.623e-05
HepG2	HNRNPK	L1	L1ME1	antisense	41	740	5.5147	10.0166	4.0932	3.180e-15	25000	0	4.000e-05	8.623e-05
HepG2	SUGP2	L1	L1MC4a	antisense	52	308	5.5069	9.8706	5.2681	2.627e-18	25000	0	4.000e-05	8.623e-05
HepG2	SUGP2	L1	L1MC2	antisense	29	172	5.4980	5.0303	5.7651	3.824e-10	25000	0	4.000e-05	8.623e-05
HepG2	PTBP1	L1	L1MC4	antisense	67	873	5.4706	16.5710	4.0432	1.638e-24	25000	0	4.000e-05	8.623e-05
HepG2	SUGP2	L1	L1ME2z	antisense	30	180	5.4222	5.7824	5.1882	2.277e-10	25000	0	4.000e-05	8.623e-05
HepG2	HNRNPM	L1	L1M4b	antisense	21	176	5.4027	2.9546	7.1077	2.250e-07	25000	0	4.000e-05	8.623e-05
HepG2	SUGP2	L1	L1MB5	antisense	46	279	5.3524	8.5382	5.3875	8.967e-16	25000	0	4.000e-05	8.623e-05
HepG2	HNRNPM	L1	L1ME3D	antisense	14	119	5.3169	2.4131	5.8017	8.139e-05	25000	0	4.000e-05	8.623e-05
HepG2	MATR3	L1	L1MD	antisense	10	133	5.2972	1.8309	5.4619	1.763e-03	25000	0	4.000e-05	8.623e-05
HepG2	HNRNPM	L1	L1MB8	antisense	52	444	5.2898	11.1783	4.6519	4.534e-18	25000	0	4.000e-05	8.623e-05
HepG2	PTBP1	Alu	AluSq2	antisense	35	473	5.2588	11.8860	2.9446	2.685e-12	25000	0	4.000e-05	8.623e-05
HepG2	U2AF2	L1	L1ME3G	antisense	37	277	5.2357	8.0511	4.5957	1.378e-12	25000	0	4.000e-05	8.623e-05
HepG2	HNRNPM	L1	L1MEd	antisense	59	511	5.2052	11.3205	5.2118	3.259e-20	25000	0	4.000e-05	8.623e-05
HepG2	U2AF2	L1	L1ME4b	antisense	39	294	5.1941	10.1544	3.8407	3.492e-13	25000	0	4.000e-05	8.623e-05
HepG2	SUGP2	L1	L1MA5	antisense	21	131	5.1757	3.5717	5.8795	6.358e-07	25000	0	4.000e-05	8.623e-05
HepG2	PTBP1	Alu	AluJr4	antisense	35	481	5.1645	9.7866	3.5763	4.261e-12	25000	0	4.000e-05	8.623e-05
HepG2	QKI	L1	L1MEg	antisense	27	343	5.1261	6.8164	3.9611	3.228e-09	25000	0	4.000e-05	8.623e-05
HepG2	HNRNPM	L1	L1MA3	antisense	35	311	5.0569	6.8642	5.0989	1.265e-11	25000	0	4.000e-05	8.623e-05
HepG2	HNRNPL	L1	L1MD1	antisense	18	244	5.0402	4.4996	4.0004	4.950e-06	25000	0	4.000e-05	8.623e-05
HepG2	HNRNPM	L1	L1MD2	antisense	25	224	5.0097	6.8716	3.6381	3.356e-08	25000	0	4.000e-05	8.623e-05
HepG2	QKI	L1	L1MCa	antisense	16	208	4.9996	3.7089	4.3139	2.684e-05	25000	0	4.000e-05	8.623e-05
HepG2	PCBP2	L1	L1PA16	antisense	19	241	4.9910	5.2894	3.5921	2.693e-06	25000	0	4.000e-05	8.623e-05
HepG2	KHSRP	L1	L1ME3A	antisense	19	306	4.9292	5.4149	3.5088	2.875e-06	25000	0	4.000e-05	8.623e-05
HepG2	HNRNPL	L1	L1MB2	antisense	22	306	4.9021	5.5199	3.9856	3.453e-07	25000	0	4.000e-05	8.623e-05
HepG2	HNRNPL	L1	L1MB5	antisense	20	279	4.8866	5.2597	3.8025	1.662e-06	25000	0	4.000e-05	8.623e-05
HepG2	U2AF2	L1	L1MC5	antisense	50	398	4.8795	12.4108	4.0287	5.933e-16	25000	0	4.000e-05	8.623e-05
HepG2	SUGP2	L1	L1MC4	antisense	133	873	4.8726	26.5170	5.0156	4.958e-42	25000	0	4.000e-05	8.623e-05
HepG2	KHSRP	L1	L1MC5a	antisense	22	359	4.8607	5.7412	3.8320	3.665e-07	25000	0	4.000e-05	8.623e-05
HepG2	QKI	L1	L1MEc	antisense	52	697	4.8368	12.5254	4.1516	7.223e-17	25000	0	4.000e-05	8.623e-05
HepG2	SUGP2	L1	L1MB7	antisense	110	728	4.8256	22.8124	4.8219	2.139e-34	25000	0	4.000e-05	8.623e-05
HepG2	PTBP1	Alu	AluJo	antisense	130	1907	4.8145	38.3046	3.3938	2.440e-42	25000	0	4.000e-05	8.623e-05
HepG2	PCBP2	L1	L1ME1	antisense	56	740	4.7744	15.7178	3.5628	6.366e-18	25000	0	4.000e-05	8.623e-05
HepG2	KHSRP	L1	L1ME1	antisense	44	740	4.7070	11.4556	3.8409	5.934e-14	25000	0	4.000e-05	8.623e-05
HepG2	SUGP2	L1	L1MB8	antisense	65	444	4.6496	14.4889	4.4862	1.543e-19	25000	0	4.000e-05	8.623e-05
HepG2	QKI	L1	L1MB2	antisense	22	306	4.6475	5.7582	3.8206	8.363e-07	25000	0	4.000e-05	8.623e-05
HepG2	QKI	L1	L1MB4	antisense	21	297	4.5648	5.6078	3.7448	2.267e-06	25000	0	4.000e-05	8.623e-05
HepG2	PTBP1	Alu	AluSz	antisense	106	1648	4.5239	32.0826	3.3040	2.445e-32	25000	0	4.000e-05	8.623e-05
HepG2	PTBP1	Alu	AluJb	antisense	204	3175	4.5188	67.8617	3.0061	1.531e-62	25000	0	4.000e-05	8.623e-05
HepG2	SUGP2	L1	L1MA7	antisense	25	175	4.5185	5.1162	4.8865	3.067e-07	25000	0	4.000e-05	8.623e-05
HepG2	U2AF2	L1	L1MC5a	antisense	42	359	4.4996	12.5393	3.3495	2.527e-12	25000	0	4.000e-05	8.623e-05
HepG2	MATR3	L1	L1MB7	antisense	47	728	4.4968	12.1152	3.8794	3.672e-14	25000	0	4.000e-05	8.623e-05
HepG2	HNRNPM	L1	L1MB2	antisense	31	306	4.4952	6.7617	4.5847	3.765e-09	25000	0	4.000e-05	8.623e-05
HepG2	U2AF2	L1	L1ME4a	antisense	47	404	4.4711	12.4175	3.7850	1.009e-13	25000	0	4.000e-05	8.623e-05
HepG2	HNRNPM	L1	L1MC4a	antisense	31	308	4.4628	7.6741	4.0396	4.398e-09	25000	0	4.000e-05	8.623e-05
HepG2	PCBP2	L1	L1MB3	antisense	41	579	4.4442	12.0986	3.3888	3.721e-12	25000	0	4.000e-05	8.623e-05
HepG2	QKI	L1	L1MEd	antisense	35	511	4.4114	9.3850	3.7293	2.723e-10	25000	0	4.000e-05	8.623e-05
HepG2	KHSRP	L1	L1MC5	antisense	22	398	4.3565	5.6904	3.8662	2.139e-06	25000	0	4.000e-05	8.623e-05
HepG2	HNRNPM	L1	L1MC5	antisense	39	398	4.3320	8.9538	4.3557	4.388e-11	25000	0	4.000e-05	8.623e-05
HepG2	PTBP1	Alu	AluSc	antisense	30	501	4.1918	9.0132	3.3285	2.346e-08	25000	0	4.000e-05	8.623e-05
HepG2	SUGP2	L1	L1MB3	antisense	77	579	4.1584	17.8985	4.3020	1.409e-20	25000	0	4.000e-05	8.623e-05
HepG2	SUGP2	L1	L1M5	antisense	81	620	4.0742	18.8265	4.3024	3.751e-21	25000	0	4.000e-05	8.623e-05
HepG2	HNRNPM	L1	L1M5	antisense	57	620	4.0373	14.0334	4.0618	5.197e-15	25000	0	4.000e-05	8.623e-05
HepG2	HNRNPM	L1	L1MC4	antisense	80	873	4.0229	20.9292	3.8224	5.124e-21	25000	0	4.000e-05	8.623e-05
HepG2	QKI	L1	L1M4	antisense	30	479	4.0086	9.5524	3.1406	6.403e-08	25000	0	4.000e-05	8.623e-05
HepG2	U2AF2	L1	L1ME3F	antisense	17	162	3.9816	4.0082	4.2413	2.502e-04	25000	0	4.000e-05	8.623e-05
HepG2	SUGP2	L1	L1MD	antisense	17	133	3.9731	3.7096	4.5827	2.912e-04	25000	0	4.000e-05	8.623e-05
HepG2	PTBP1	Alu	AluSx3	antisense	27	478	3.9399	9.4582	2.8547	5.388e-07	25000	0	4.000e-05	8.623e-05
HepG2	PCBP2	Alu	AluJr4	antisense	30	481	3.8791	10.9486	2.7401	1.307e-07	25000	0	4.000e-05	8.623e-05
HepG2	SUGP2	L1	L1ME3Cz	antisense	24	193	3.8501	6.5817	3.6465	7.862e-06	25000	0	4.000e-05	8.623e-05
HepG2	HNRNPL	L1	L1M5	antisense	35	620	3.7861	11.5894	3.0200	1.153e-08	25000	0	4.000e-05	8.623e-05
HepG2	UPF1	Alu	AluSc	antisense	20	501	3.6754	6.7615	2.9579	8.661e-05	25000	0	4.000e-05	8.623e-05
HepG2	PTBP1	Alu	AluSx	antisense	91	1749	3.6120	33.8150	2.6911	2.274e-21	25000	0	4.000e-05	8.623e-05
HepG2	U2AF2	L1	L1MC4a	antisense	29	308	3.5300	10.8363	2.6762	2.060e-06	25000	0	4.000e-05	8.623e-05
HepG2	PTBP1	Alu	AluSz6	antisense	44	872	3.4972	17.6434	2.4938	7.104e-10	25000	0	4.000e-05	8.623e-05
HepG2	PTBP1	Alu	AluSx1	antisense	81	1611	3.4841	32.1479	2.5196	3.765e-18	25000	0	4.000e-05	8.623e-05
HepG2	PCBP2	L1	L1MB7	antisense	41	728	3.4803	15.8388	2.5886	4.090e-09	25000	0	4.000e-05	8.623e-05
HepG2	PTBP1	L1	L1M5	antisense	31	620	3.4637	10.9793	2.8235	7.463e-07	25000	0	4.000e-05	8.623e-05
HepG2	SUGP2	Alu	AluJr4	antisense	52	481	3.2862	18.0322	2.8837	2.277e-10	25000	0	4.000e-05	8.623e-05
HepG2	SUGP2	L1	L1ME3F	antisense	17	162	3.1785	3.5370	4.8063	3.249e-03	25000	0	4.000e-05	8.623e-05
HepG2	PTBP1	L1	L1ME1	antisense	34	740	3.1693	14.0653	2.4173	1.171e-06	25000	0	4.000e-05	8.623e-05
HepG2	SUGP2	L1	L1MC5	antisense	38	398	2.8617	11.7200	3.2423	3.540e-06	25000	0	4.000e-05	8.623e-05
HepG2	PCBP2	Alu	AluJr	antisense	88	1956	2.7472	46.1922	1.9051	8.073e-14	25000	0	4.000e-05	8.623e-05
HepG2	PCBP2	Alu	AluJb	antisense	139	3175	2.6699	75.6872	1.8365	7.861e-21	25000	0	4.000e-05	8.623e-05
HepG2	DDX59	Alu	AluJb	antisense	48	3175	2.6027	25.0631	1.9152	5.555e-07	25000	0	4.000e-05	8.623e-05
HepG2	PCBP2	Alu	AluJo	antisense	81	1907	2.5869	42.5273	1.9047	1.873e-11	25000	0	4.000e-05	8.623e-05
HepG2	SUGP2	Alu	AluJr	antisense	169	1956	2.5639	75.5886	2.2358	7.267e-23	25000	0	4.000e-05	8.623e-05
HepG2	SUGP2	Alu	AluJo	antisense	137	1907	2.0984	70.0654	1.9553	2.994e-12	25000	0	4.000e-05	8.623e-05
HepG2	SUGP2	Alu	AluJb	antisense	226	3175	2.0777	124.7616	1.8115	9.160e-20	25000	0	4.000e-05	8.623e-05
HepG2	HLTF	L1	L1M1	sense	16	29	77.4163	4.0009	3.9991	1.197e-19	25000	1	8.000e-05	1.577e-04
HepG2	EXOSC5	L1	L1PA8A	antisense	6	86	51.5902	0.1834	32.7154	2.897e-07	25000	1	8.000e-05	1.577e-04
HepG2	EXOSC5	L1	L1M2	antisense	14	280	36.2037	0.5567	25.1491	2.402e-15	25000	1	8.000e-05	1.577e-04
HepG2	EXOSC5	L1	L1MA4A	antisense	13	270	34.7950	0.4760	27.3086	5.095e-14	25000	1	8.000e-05	1.577e-04
HepG2	EXOSC5	L1	L1PA10	antisense	5	106	34.0530	0.2276	21.9684	3.353e-05	25000	1	8.000e-05	1.577e-04
HepG2	EXOSC5	L1	L1PB1	antisense	13	279	33.6177	0.4929	26.3756	7.626e-14	25000	1	8.000e-05	1.577e-04
HepG2	EXOSC5	L1	L1PB3	antisense	6	134	32.2439	0.1887	31.7931	3.660e-06	25000	1	8.000e-05	1.577e-04
HepG2	ILF3	Alu	AluSc5	sense	7	34	32.0853	0.7833	8.9368	6.713e-07	25000	1	8.000e-05	1.577e-04
HepG2	EXOSC5	L1	L1PA15	antisense	9	234	27.5148	0.4909	18.3344	8.568e-09	25000	1	8.000e-05	1.577e-04
HepG2	BCCIP	L1	L1MA4A	antisense	8	270	23.7268	0.3656	21.8794	2.530e-07	25000	1	8.000e-05	1.577e-04
HepG2	HNRNPL	L1	L1PA15	sense	20	79	21.4515	4.7770	4.1867	1.055e-16	25000	1	8.000e-05	1.577e-04
HepG2	HLTF	L1	L1M4c	sense	15	67	18.1445	2.4170	6.2060	1.369e-11	25000	1	8.000e-05	1.577e-04
HepG2	HNRNPL	L1	L1ME1	sense	34	173	15.4790	14.3112	2.3758	1.180e-24	25000	1	8.000e-05	1.577e-04
HepG2	HNRNPM	L1	L1ME2	antisense	33	203	7.7408	5.4092	6.1007	1.538e-15	25000	1	8.000e-05	1.577e-04
HepG2	PCBP2	L1	L1PB4	antisense	11	97	7.4590	2.4279	4.5306	4.695e-05	25000	1	8.000e-05	1.577e-04
HepG2	MATR3	L1	L1MA9	antisense	23	247	6.6900	4.2829	5.3702	6.770e-10	25000	1	8.000e-05	1.577e-04
HepG2	HNRNPM	L1	L1PA10	antisense	15	106	6.5731	2.7324	5.4898	3.443e-06	25000	1	8.000e-05	1.577e-04
HepG2	MATR3	L1	L1M3	antisense	11	124	6.3425	1.7044	6.4539	1.763e-04	25000	1	8.000e-05	1.577e-04
HepG2	QKI	L1	L1MEi	antisense	10	109	6.0601	1.8264	5.4753	6.622e-04	25000	1	8.000e-05	1.577e-04
HepG2	HNRNPM	L1	L1MC2	antisense	22	172	5.8486	3.9822	5.5245	2.731e-08	25000	1	8.000e-05	1.577e-04
HepG2	HNRNPM	L1	L1ME2z	antisense	23	180	5.8418	4.4348	5.1862	1.146e-08	25000	1	8.000e-05	1.577e-04
HepG2	PTBP1	L1	L1PA7	antisense	28	356	5.6180	7.5158	3.7255	1.987e-10	25000	1	8.000e-05	1.577e-04
HepG2	QKI	L1	L1MD	antisense	11	133	5.4094	2.2382	4.9148	6.707e-04	25000	1	8.000e-05	1.577e-04
HepG2	KHSRP	L1	L1ME3B	antisense	13	195	5.3184	3.1049	4.1870	1.407e-04	25000	1	8.000e-05	1.577e-04
HepG2	MATR3	L1	L1MB5	antisense	21	279	5.3033	4.4527	4.7162	2.135e-07	25000	1	8.000e-05	1.577e-04
HepG2	HNRNPM	L1	L1MA9	antisense	28	247	5.0984	6.3830	4.3866	2.362e-09	25000	1	8.000e-05	1.577e-04
HepG2	HNRNPM	L1	L1MB4	antisense	33	297	4.9846	6.8232	4.8365	8.326e-11	25000	1	8.000e-05	1.577e-04
HepG2	SUGP2	L1	L1MA9	antisense	36	247	4.6255	7.9528	4.5267	1.021e-10	25000	1	8.000e-05	1.577e-04
HepG2	HNRNPM	L1	L1MC3	antisense	23	223	4.5858	5.5457	4.1474	6.664e-07	25000	1	8.000e-05	1.577e-04
HepG2	PCBP2	L1	L1MA9	antisense	18	247	4.5838	5.6647	3.1776	1.806e-05	25000	1	8.000e-05	1.577e-04
HepG2	KHSRP	L1	L1MC4a	antisense	17	308	4.3497	4.8591	3.4986	6.359e-05	25000	1	8.000e-05	1.577e-04
HepG2	U2AF2	L1	L1MD	antisense	15	133	4.3171	3.7677	3.9812	3.580e-04	25000	1	8.000e-05	1.577e-04
HepG2	HNRNPM	L1	L1MEg	antisense	32	343	4.1031	8.2186	3.8936	1.485e-08	25000	1	8.000e-05	1.577e-04
HepG2	HNRNPM	L1	L1MB3	antisense	54	579	4.1016	14.0256	3.8501	1.800e-14	25000	1	8.000e-05	1.577e-04
HepG2	PCBP2	L1	L1MB5	antisense	18	279	4.0218	5.6630	3.1785	9.635e-05	25000	1	8.000e-05	1.577e-04
HepG2	MATR3	L1	L1M5	antisense	34	620	3.7803	9.3082	3.6527	2.106e-08	25000	1	8.000e-05	1.577e-04
HepG2	PTBP1	L1	L1MC5	antisense	21	398	3.6658	6.9629	3.0160	5.556e-05	25000	1	8.000e-05	1.577e-04
HepG2	PTBP1	L1	L1MEf	antisense	22	417	3.6654	7.6302	2.8833	3.213e-05	25000	1	8.000e-05	1.577e-04
HepG2	PCBP2	L1	L1MC5	antisense	23	398	3.5767	7.7554	2.9657	2.829e-05	25000	1	8.000e-05	1.577e-04
HepG2	HNRNPM	L1	L1MC5a	antisense	27	359	3.2430	9.0008	2.9997	2.284e-05	25000	1	8.000e-05	1.577e-04
HepG2	U2AF2	L1	L1MC4	antisense	69	873	2.9146	29.8012	2.3153	1.097e-11	25000	1	8.000e-05	1.577e-04
HepG2	SUGP2	L1	L1ME3G	antisense	25	277	2.6896	7.5934	3.2923	1.137e-03	25000	1	8.000e-05	1.577e-04
HepG2	SUGP2	L1	L1MC5a	antisense	31	359	2.5623	11.7818	2.6312	3.509e-04	25000	1	8.000e-05	1.577e-04
HepG2	UPF1	Alu	AluSz	antisense	46	1648	2.5381	23.7425	1.9375	2.455e-06	25000	1	8.000e-05	1.577e-04
HepG2	SUGP2	Alu	AluSx1	antisense	107	1611	1.9288	60.0678	1.7813	9.945e-08	25000	1	8.000e-05	1.577e-04
HepG2	HLTF	L1	L1PA15-16	sense	6	7	377.4046	0.3212	18.6800	8.425e-09	25000	2	1.200e-04	2.267e-04
HepG2	SUGP2	L1	L1P4a	antisense	4	6	54.2216	0.2237	17.8795	1.060e-03	25000	2	1.200e-04	2.267e-04
HepG2	EXOSC5	L1	L1PA14	antisense	4	56	52.9131	0.1278	31.2891	8.535e-05	25000	2	1.200e-04	2.267e-04
HepG2	SUGP2	L1	L1PA15-16	antisense	7	15	23.7220	0.5756	12.1621	2.160e-05	25000	2	1.200e-04	2.267e-04
HepG2	EXOSC5	L1	L1PA13	antisense	5	150	23.7197	0.2717	18.4040	1.700e-04	25000	2	1.200e-04	2.267e-04
HepG2	SUGP2	L1	L1M3c	antisense	6	14	20.3331	0.4557	13.1671	2.499e-04	25000	2	1.200e-04	2.267e-04
HepG2	BCCIP	L1	L1PB1	antisense	7	279	19.9976	0.3638	19.2392	6.380e-06	25000	2	1.200e-04	2.267e-04
HepG2	HNRNPM	L1	L1M3f	antisense	9	43	10.5556	0.9175	9.8091	4.754e-05	25000	2	1.200e-04	2.267e-04
HepG2	HNRNPL	L1	L1MD2	sense	18	133	9.9050	5.5620	3.2362	3.825e-10	25000	2	1.200e-04	2.267e-04
HepG2	MATR3	L1	L1M4a2	antisense	6	47	9.5349	0.5937	10.1065	3.296e-03	25000	2	1.200e-04	2.267e-04
HepG2	PTBP1	L1	L1MA5A	antisense	12	108	8.2263	2.1390	5.6101	5.891e-06	25000	2	1.200e-04	2.267e-04
HepG2	QKI	L1	L1MC	antisense	10	99	6.7410	2.1726	4.6029	2.986e-04	25000	2	1.200e-04	2.267e-04
HepG2	XPO5	Alu	AluJo	sense	39	734	6.6975	20.4814	1.9042	3.572e-17	25000	2	1.200e-04	2.267e-04
HepG2	HNRNPM	L1	L1P2	antisense	10	75	6.1349	2.0944	4.7747	7.185e-04	25000	2	1.200e-04	2.267e-04
HepG2	HNRNPL	L1	L1ME3B	antisense	16	195	5.6565	3.8818	4.1218	5.932e-06	25000	2	1.200e-04	2.267e-04
HepG2	PTBP1	L1	L1MCa	antisense	14	208	4.7492	3.4982	4.0020	2.065e-04	25000	2	1.200e-04	2.267e-04
HepG2	U2AF2	L1	L1ME3D	antisense	14	119	4.5281	3.4355	4.0751	4.330e-04	25000	2	1.200e-04	2.267e-04
HepG2	SUGP2	L1	L1ME3D	antisense	17	119	4.5185	3.1106	5.4651	6.668e-05	25000	2	1.200e-04	2.267e-04
HepG2	MATR3	L1	L1MC4	antisense	54	873	4.2959	14.1299	3.8217	1.622e-15	25000	2	1.200e-04	2.267e-04
HepG2	PCBP2	L1	L1MA4A	antisense	18	270	4.1654	5.2401	3.4350	6.119e-05	25000	2	1.200e-04	2.267e-04
HepG2	MATR3	L1	L1MC5	antisense	19	398	3.2664	5.9713	3.1819	7.134e-04	25000	2	1.200e-04	2.267e-04
HepG2	HNRNPC	L1	L1MC4	antisense	31	873	2.6546	14.2413	2.1768	1.349e-04	25000	2	1.200e-04	2.267e-04
HepG2	U2AF2	L1	L1ME1	antisense	50	740	2.4609	25.3841	1.9697	2.486e-06	25000	2	1.200e-04	2.267e-04
HepG2	HNRNPC	Alu	AluYk4	antisense	3	5	108.1552	0.0792	37.8788	1.168e-03	25000	3	1.600e-04	2.937e-04
HepG2	HLTF	L1	L1MEd	sense	23	73	28.9344	7.6069	3.0236	1.493e-21	25000	3	1.600e-04	2.937e-04
HepG2	XRCC6	Alu	AluSp	antisense	4	329	26.5144	0.2676	14.9477	9.217e-04	25000	3	1.600e-04	2.937e-04
HepG2	HNRNPM	L1	L1PB	antisense	4	12	19.9384	0.2851	14.0311	6.338e-03	25000	3	1.600e-04	2.937e-04
HepG2	MATR3	L1	L1PA12	antisense	6	27	18.6158	0.3647	16.4510	1.451e-04	25000	3	1.600e-04	2.937e-04
HepG2	XPO5	Alu	AluSg	sense	15	159	12.4326	4.7718	3.1435	7.417e-10	25000	3	1.600e-04	2.937e-04
HepG2	UPF1	Alu	AluSz	sense	45	502	8.7039	23.7874	1.8918	7.910e-24	25000	3	1.600e-04	2.937e-04
HepG2	PTBP1	L1	L1ME5	antisense	7	60	8.6920	0.8802	7.9524	1.491e-03	25000	3	1.600e-04	2.937e-04
HepG2	XRCC6	Alu	AluJb	antisense	10	3175	6.8066	2.0799	4.8079	1.716e-04	25000	3	1.600e-04	2.937e-04
HepG2	PTBP1	L1	L1ME3B	antisense	14	195	5.0903	3.8046	3.6798	1.016e-04	25000	3	1.600e-04	2.937e-04
HepG2	HNRNPL	L1	L1ME2	antisense	15	203	5.0491	4.2996	3.4887	5.081e-05	25000	3	1.600e-04	2.937e-04
HepG2	HNRNPL	L1	L1ME3Cz	antisense	14	193	4.9494	3.9714	3.5252	1.378e-04	25000	3	1.600e-04	2.937e-04
HepG2	PCBP2	L1	L1MC4a	antisense	19	308	3.8339	6.6316	2.8651	9.766e-05	25000	3	1.600e-04	2.937e-04
HepG2	MATR3	L1	L1MB3	antisense	31	579	3.6858	9.4358	3.2853	2.038e-07	25000	3	1.600e-04	2.937e-04
HepG2	SUGP2	Alu	AluSz6	antisense	59	872	1.9675	32.9444	1.7909	1.664e-04	25000	3	1.600e-04	2.937e-04
HepG2	SUGP2	Alu	AluSz	antisense	99	1648	1.7327	59.6733	1.6590	3.273e-05	25000	3	1.600e-04	2.937e-04
HepG2	SUGP2	L1	L1MEa	antisense	6	19	12.5127	0.4264	14.0726	1.688e-03	25000	4	2.000e-04	3.638e-04
HepG2	RBM22	L1	L1PA2	sense	4	49	12.4018	0.2230	17.9404	1.612e-02	25000	4	2.000e-04	3.638e-04
HepG2	PTBP1	L1	L1MCc	antisense	11	140	5.6117	2.3399	4.7010	4.830e-04	25000	4	2.000e-04	3.638e-04
HepG2	HNRNPM	L1	L1MA6	antisense	12	121	4.3901	2.6547	4.5203	2.051e-03	25000	4	2.000e-04	3.638e-04
HepG2	U2AF2	L1	L1MB2	antisense	25	306	3.0215	9.7154	2.5732	1.861e-04	25000	4	2.000e-04	3.638e-04
HepG2	HLTF	L1	L1PA4	sense	8	14	83.8677	1.4537	5.5031	9.001e-10	25000	5	2.400e-04	4.291e-04
HepG2	XRN2	SVA	SVA_F	antisense	3	8	63.0060	0.1160	25.8710	2.048e-03	25000	5	2.400e-04	4.291e-04
HepG2	HLTF	L1	L1MC1	sense	20	67	26.7663	6.1108	3.2729	3.435e-18	25000	5	2.400e-04	4.291e-04
HepG2	HNRNPL	L1	L1ME2	sense	16	54	26.6450	4.2681	3.7488	1.800e-14	25000	5	2.400e-04	4.291e-04
HepG2	ILF3	Alu	AluYj4	antisense	4	38	14.5597	0.3249	12.3107	9.836e-03	25000	5	2.400e-04	4.291e-04
HepG2	CSTF2	L1	L1MC1	antisense	11	372	5.9737	2.4886	4.4201	2.305e-04	25000	5	2.400e-04	4.291e-04
HepG2	PTBP1	L1	L1M4c	antisense	12	147	5.8498	2.8236	4.2500	1.413e-04	25000	5	2.400e-04	4.291e-04
HepG2	HNRNPK	L1	L1MA7	antisense	10	175	5.6981	2.3104	4.3283	9.304e-04	25000	5	2.400e-04	4.291e-04
HepG2	U2AF2	L1	L1M6	antisense	12	105	4.3821	3.0596	3.9221	2.227e-03	25000	5	2.400e-04	4.291e-04
HepG2	UPF1	Alu	AluSq2	antisense	22	473	4.3118	8.9817	2.4494	2.371e-06	25000	5	2.400e-04	4.291e-04
HepG2	HNRNPC	Alu	AluYc3	antisense	3	7	54.0776	0.1370	21.8914	3.735e-03	25000	6	2.800e-04	4.921e-04
HepG2	RBFOX2	L1	L1MC1	sense	18	67	28.0608	5.9816	3.0092	7.287e-17	25000	6	2.800e-04	4.921e-04
HepG2	SUGP2	L1	L1M2a	antisense	4	10	18.0739	0.2702	14.8060	1.124e-02	25000	6	2.800e-04	4.921e-04
HepG2	HNRNPL	L1	L1ME4a	sense	20	98	16.2261	7.7968	2.5651	9.443e-15	25000	6	2.800e-04	4.921e-04
HepG2	POLR2G	Alu	AluSg	antisense	4	492	15.0897	0.3186	12.5565	6.957e-03	25000	6	2.800e-04	4.921e-04
HepG2	QKI	L1	L1ME3C	antisense	8	59	9.4110	1.1329	7.0614	2.848e-04	25000	6	2.800e-04	4.921e-04
HepG2	MATR3	L1	L1MC	antisense	9	99	6.5155	1.7277	5.2093	9.812e-04	25000	6	2.800e-04	4.921e-04
HepG2	U2AF2	L1	L1MD3	antisense	12	88	5.3623	3.3652	3.5659	4.102e-04	25000	6	2.800e-04	4.921e-04
HepG2	UPF1	Alu	AluY	antisense	25	580	3.9817	10.6564	2.3460	1.317e-06	25000	6	2.800e-04	4.921e-04
HepG2	HNRNPC	L1	L1MB7	antisense	29	728	2.9914	12.2524	2.3669	3.186e-05	25000	6	2.800e-04	4.921e-04
HepG2	XPO5	Alu	AluSg4	sense	6	29	31.1356	0.8582	6.9917	8.218e-06	25000	7	3.200e-04	5.549e-04
HepG2	HLTF	L1	L1PB4	sense	10	40	20.9669	1.8864	5.3010	3.877e-08	25000	7	3.200e-04	5.549e-04
HepG2	HLTF	L1	L1ME3Cz	sense	13	55	19.4693	3.3714	3.8560	2.512e-10	25000	7	3.200e-04	5.549e-04
HepG2	MATR3	L1	L1PB2	antisense	6	31	15.6373	0.4895	12.2569	3.253e-04	25000	7	3.200e-04	5.549e-04
HepG2	HNRNPC	L1	L1MEg1	antisense	5	29	15.0216	0.3776	13.2401	1.957e-03	25000	7	3.200e-04	5.549e-04
HepG2	SUGP2	L1	L1PB	antisense	4	12	13.5554	0.3864	10.3530	2.314e-02	25000	7	3.200e-04	5.549e-04
HepG2	HNRNPM	L1	L1ME3E	antisense	9	84	4.7852	1.7993	5.0020	8.955e-03	25000	7	3.200e-04	5.549e-04
HepG2	MATR3	Alu	AluJr	antisense	63	1956	2.1684	37.5176	1.6792	2.875e-06	25000	7	3.200e-04	5.549e-04
HepG2	HLTF	L1	L1MCa	sense	13	24	74.3373	2.9664	4.3824	9.747e-16	25000	8	3.600e-04	6.120e-04
HepG2	HNRNPM	L1	L1MEg2	antisense	4	15	14.5007	0.2194	18.2282	1.521e-02	25000	8	3.600e-04	6.120e-04
HepG2	SUGP2	L1	L1PB2	antisense	8	31	9.4298	0.9483	8.4360	4.818e-04	25000	8	3.600e-04	6.120e-04
HepG2	UPF1	Alu	AluSx1	sense	43	569	7.2260	24.1994	1.7769	5.933e-20	25000	8	3.600e-04	6.120e-04
HepG2	KHSRP	L1	L1MB8	antisense	21	444	3.6964	7.1156	2.9512	4.753e-05	25000	8	3.600e-04	6.120e-04
HepG2	PTBP1	L1	L1ME3G	antisense	14	277	3.5032	4.5198	3.0975	3.998e-03	25000	8	3.600e-04	6.120e-04
HepG2	HNRNPM	L1	L1MA7	antisense	14	175	3.4676	4.0502	3.4566	4.983e-03	25000	8	3.600e-04	6.120e-04
HepG2	U2AF2	L1	L1MEg	antisense	27	343	2.9017	11.6836	2.3109	1.586e-04	25000	8	3.600e-04	6.120e-04
HepG2	KHSRP	L1	L1MB7	antisense	27	728	2.8678	11.4868	2.3505	1.480e-04	25000	8	3.600e-04	6.120e-04
HepG2	U2AF2	L1	L1MB4	antisense	23	297	2.8507	9.6012	2.3955	9.366e-04	25000	8	3.600e-04	6.120e-04
HepG2	DDX59	Alu	AluSx	antisense	27	1749	2.6586	12.1968	2.2137	4.486e-04	25000	8	3.600e-04	6.120e-04
HepG2	MATR3	Alu	AluJo	antisense	58	1907	2.0438	34.4528	1.6835	5.082e-05	25000	8	3.600e-04	6.120e-04
HepG2	EXOSC5	L1	L1PREC2	antisense	4	126	22.5531	0.2665	15.0083	1.752e-03	25000	9	4.000e-04	6.658e-04
HepG2	HNRNPL	L1	L1MA9	sense	16	64	21.0940	5.1101	3.1311	3.296e-13	25000	9	4.000e-04	6.658e-04
HepG2	HLTF	L1	L1MA8	sense	12	50	19.8634	2.7522	4.3601	1.340e-09	25000	9	4.000e-04	6.658e-04
HepG2	QKI	L1	L1PA2	sense	5	49	6.8176	0.5651	8.8477	4.259e-02	25000	9	4.000e-04	6.658e-04
HepG2	UPF1	Alu	AluSq2	sense	21	299	6.6772	9.0406	2.3228	4.180e-09	25000	9	4.000e-04	6.658e-04
HepG2	MATR3	L1	L1ME3	antisense	12	173	4.8563	2.9515	4.0657	7.331e-04	25000	9	4.000e-04	6.658e-04
HepG2	KHSRP	L1	L1MA9	antisense	14	247	4.4738	4.0953	3.4186	3.626e-04	25000	9	4.000e-04	6.658e-04
HepG2	PTBP1	L1	L1MDa	antisense	13	207	4.4100	4.0243	3.2304	8.500e-04	25000	9	4.000e-04	6.658e-04
HepG2	QKI	L1	L1MC1	antisense	20	372	3.4088	7.5891	2.6354	2.637e-04	25000	9	4.000e-04	6.658e-04
HepG2	SUGP2	L1	L1MA6	antisense	13	121	3.2633	3.3750	3.8519	1.525e-02	25000	9	4.000e-04	6.658e-04
HepG2	PTBP1	L1	L1M4	antisense	22	479	3.1681	9.0982	2.4181	2.701e-04	25000	9	4.000e-04	6.658e-04
HepG2	QKI	L1	L1ME1	antisense	33	740	2.8003	14.7939	2.2307	2.467e-05	25000	9	4.000e-04	6.658e-04
HepG2	HNRNPC	L1	L1MEc	antisense	26	697	2.7939	10.2678	2.5322	3.315e-04	25000	9	4.000e-04	6.658e-04
HepG2	SUGP2	L1	L1M2a1	antisense	4	7	36.1478	0.1698	23.5627	2.301e-03	25000	10	4.400e-04	7.265e-04
HepG2	MATR3	L1	L1PA2	antisense	5	18	25.0597	0.4474	11.1767	2.967e-04	25000	10	4.400e-04	7.265e-04
HepG2	CSTF2	L1	L1MA10	antisense	5	70	15.0806	0.4397	11.3709	1.423e-03	25000	10	4.400e-04	7.265e-04
HepG2	XPO5	Alu	AluSz6	sense	22	302	9.3778	9.3636	2.3495	2.886e-12	25000	10	4.400e-04	7.265e-04
HepG2	KHSRP	L1	L1MEg	antisense	16	343	3.6432	5.2206	3.0648	8.977e-04	25000	10	4.400e-04	7.265e-04
HepG2	HNRNPM	L1	L1M3d	antisense	5	16	18.1259	0.5177	9.6577	1.407e-03	25000	11	4.800e-04	7.863e-04
HepG2	EXOSC5	L1	L1PA7	antisense	6	356	11.7921	0.7625	7.8691	7.792e-04	25000	11	4.800e-04	7.863e-04
HepG2	PCBP2	L1	L1PA8A	antisense	9	86	6.8162	2.0454	4.4002	7.512e-04	25000	11	4.800e-04	7.863e-04
HepG2	CSTF2	L1	L1ME3G	antisense	8	277	5.8304	1.5621	5.1212	4.355e-03	25000	11	4.800e-04	7.863e-04
HepG2	MATR3	L1	L1MD2	antisense	16	224	5.0119	4.6352	3.4518	2.523e-05	25000	11	4.800e-04	7.863e-04
HepG2	KHSRP	L1	L1ME3C	antisense	7	59	10.0230	0.8763	7.9883	6.506e-04	25000	12	5.200e-04	8.505e-04
HepG2	HLTF	L1	L1M4a1	sense	9	15	94.3511	1.4998	6.0008	2.641e-11	25000	13	5.600e-04	9.088e-04
HepG2	XPO5	SVA	SVA_D	antisense	4	41	12.9031	0.3567	11.2133	1.463e-02	25000	13	5.600e-04	9.088e-04
HepG2	KHSRP	L1	L1MD	antisense	8	133	4.7652	1.7395	4.5990	1.640e-02	25000	13	5.600e-04	9.088e-04
HepG2	SUGP2	L1	L1ME3E	antisense	11	84	4.0852	2.2508	4.8871	7.974e-03	25000	13	5.600e-04	9.088e-04
HepG2	PCBP2	Alu	AluSx	antisense	59	1749	2.0359	37.2945	1.5820	4.802e-05	25000	13	5.600e-04	9.088e-04
HepG2	HNRNPL	L1	L1ME3A	sense	18	80	18.3722	6.7477	2.6676	4.943e-14	25000	14	6.000e-04	9.661e-04
HepG2	EXOSC5	L1	L1PA6	antisense	5	219	16.0717	0.5798	8.6231	9.366e-04	25000	14	6.000e-04	9.661e-04
HepG2	TAF15	L1	L1MD2	sense	9	133	15.6067	1.6454	5.4699	1.089e-06	25000	14	6.000e-04	9.661e-04
HepG2	FUBP3	L1	L1ME3F	antisense	6	162	7.7819	0.6600	9.0915	6.957e-03	25000	14	6.000e-04	9.661e-04
HepG2	HNRNPM	L1	L1ME3B	antisense	16	195	3.5644	4.9821	3.2115	1.349e-03	25000	14	6.000e-04	9.661e-04
HepG2	EXOSC5	L1	L1M2c	antisense	3	34	66.5681	0.0774	38.7597	8.416e-04	25000	15	6.400e-04	1.024e-03
HepG2	HLTF	L1	L1MD1	sense	14	59	19.5691	3.7963	3.6878	3.638e-11	25000	15	6.400e-04	1.024e-03
HepG2	HNRNPK	L1	L1MD2	antisense	13	224	5.7926	3.9295	3.3083	5.614e-05	25000	15	6.400e-04	1.024e-03
HepG2	HNRNPC	L1	L1ME4b	antisense	14	294	3.6052	4.8654	2.8775	3.029e-03	25000	15	6.400e-04	1.024e-03
HepG2	SUGP2	L1	L1ME3C	antisense	10	59	5.5328	1.8248	5.4801	1.869e-03	25000	16	6.800e-04	1.083e-03
HepG2	HNRNPK	L1	L1ME2z	antisense	10	180	5.5305	2.4194	4.1332	1.168e-03	25000	16	6.800e-04	1.083e-03
HepG2	MATR3	L1	L1MA6	antisense	9	121	5.2357	1.7902	5.0275	4.347e-03	25000	16	6.800e-04	1.083e-03
HepG2	HLTF	L1	L1PBa	sense	7	14	62.9008	1.0097	6.9329	5.644e-08	25000	17	7.200e-04	1.136e-03
HepG2	HLTF	L1	L1M2	sense	15	47	29.4847	4.6168	3.2490	4.778e-14	25000	17	7.200e-04	1.136e-03
HepG2	PTBP1	L1	L1M8	antisense	6	55	8.0584	1.0607	5.6567	7.156e-03	25000	17	7.200e-04	1.136e-03
HepG2	HNRNPM	L1	L1MA8	antisense	14	158	3.8769	4.0456	3.4605	1.766e-03	25000	17	7.200e-04	1.136e-03
HepG2	PTBP1	L1	L1MC4a	antisense	16	308	3.6061	5.9572	2.6858	1.026e-03	25000	17	7.200e-04	1.136e-03
HepG2	PCBP2	L1	L1MC1	antisense	19	372	3.1388	8.0314	2.3657	1.183e-03	25000	17	7.200e-04	1.136e-03
HepG2	EXOSC5	L1	L1MA2	antisense	5	207	17.0265	0.3567	14.0166	7.285e-04	25000	18	7.600e-04	1.194e-03
HepG2	HNRNPC	L1	L1M3	antisense	8	124	4.9727	1.7593	4.5473	1.292e-02	25000	18	7.600e-04	1.194e-03
HepG2	UPF1	Alu	AluSc8	antisense	12	245	4.5524	3.9157	3.0646	1.197e-03	25000	18	7.600e-04	1.194e-03
HepG2	MATR3	L1	L1ME3E	antisense	7	84	5.9232	1.2211	5.7324	1.165e-02	25000	19	8.000e-04	1.253e-03
HepG2	PCBP2	L1	L1MC5a	antisense	18	359	3.0783	7.7600	2.3196	2.321e-03	25000	19	8.000e-04	1.253e-03
HepG2	XRCC6	Alu	AluSx	sense	6	555	23.5442	0.9690	6.1922	1.851e-05	25000	20	8.400e-04	1.310e-03
HepG2	KHSRP	L1	L1ME5	antisense	5	60	6.7688	0.7343	6.8094	4.199e-02	25000	20	8.400e-04	1.310e-03
HepG2	PCBP2	L1	L1MD	antisense	9	133	4.2326	2.3450	3.8379	1.738e-02	25000	20	8.400e-04	1.310e-03
HepG2	QKI	L1	L1MCb	antisense	4	25	11.4276	0.4220	9.4778	2.528e-02	25000	21	8.800e-04	1.370e-03
HepG2	MATR3	L1	L1M2c	antisense	5	34	11.2337	0.5290	9.4511	6.359e-03	25000	22	9.200e-04	1.426e-03
HepG2	PTBP1	L1	L1M1	antisense	14	234	4.1879	4.9014	2.8563	7.190e-04	25000	22	9.200e-04	1.426e-03
HepG2	HNRNPK	L1	L1PA7	antisense	15	356	4.1357	5.4051	2.7752	3.984e-04	25000	22	9.200e-04	1.426e-03
HepG2	SUGP2	L1	L1M3d	antisense	5	16	12.3231	0.5084	9.8348	7.353e-03	25000	23	9.600e-04	1.486e-03
HepG2	HLTF	L1	L1MA9	sense	14	64	17.6122	4.2832	3.2686	1.173e-10	25000	24	1.000e-03	1.543e-03
HepG2	HNRNPM	L1	L1PA12	antisense	5	27	9.0629	0.5271	9.4855	1.714e-02	25000	24	1.000e-03	1.543e-03
HepG2	PCBP2	SVA	SVA_B	sense	4	9	46.6530	0.4442	9.0041	4.747e-04	25000	26	1.080e-03	1.662e-03
HepG2	HNRNPK	L1	L1PA11	antisense	7	94	7.5647	1.3332	5.2507	2.915e-03	25000	26	1.080e-03	1.662e-03
HepG2	POLR2G	Alu	AluSc8	antisense	3	245	22.8217	0.1766	16.9914	1.364e-02	25000	27	1.120e-03	1.713e-03
HepG2	CSTF2	L1	L1ME4c	antisense	5	109	9.4254	0.7490	6.6752	1.015e-02	25000	27	1.120e-03	1.713e-03
HepG2	ILF3	Alu	AluSc5	antisense	5	90	7.2798	0.7923	6.3106	2.973e-02	25000	27	1.120e-03	1.713e-03
HepG2	HNRNPM	L1	L1M6	antisense	9	105	3.7385	2.1312	4.2229	3.956e-02	25000	27	1.120e-03	1.713e-03
HepG2	MATR3	L1	L1PBa1	antisense	3	7	48.8664	0.2174	13.7969	4.910e-03	25000	28	1.160e-03	1.772e-03
HepG2	FAM120A	SVA	SVA_D	antisense	5	41	7.6767	0.7342	6.8106	2.817e-02	21960	25	1.184e-03	1.805e-03
HepG2	XPO5	Alu	AluSp	sense	13	234	7.0208	4.7246	2.7515	7.303e-06	25000	29	1.200e-03	1.825e-03
HepG2	MATR3	L1	L1MC4a	antisense	15	308	3.3356	5.2223	2.8723	3.873e-03	25000	29	1.200e-03	1.825e-03
HepG2	EXOSC5	L1	L1MA5	antisense	4	131	21.6652	0.2298	17.4034	2.023e-03	25000	30	1.240e-03	1.880e-03
HepG2	MATR3	L1	L1P4	antisense	5	37	10.1805	0.6798	7.3551	9.299e-03	25000	30	1.240e-03	1.880e-03
HepG2	SUGP2	L1	L1M3a	antisense	4	7	36.1478	0.3527	11.3404	2.301e-03	25000	31	1.280e-03	1.935e-03
HepG2	HNRNPL	L1	L1MB1	antisense	8	106	5.1659	1.7328	4.6168	1.067e-02	25000	31	1.280e-03	1.935e-03
HepG2	HNRNPL	L1	L1MD3	antisense	8	88	6.3282	1.9096	4.1894	3.206e-03	25000	33	1.360e-03	2.050e-03
HepG2	HNRNPL	L1	L1MC2	antisense	11	172	4.3236	3.1832	3.4556	3.950e-03	25000	33	1.360e-03	2.050e-03
HepG2	HLTF	L1	L1P3	sense	5	13	39.3130	0.7506	6.6613	6.119e-05	25000	35	1.440e-03	2.164e-03
HepG2	PTBP1	L1	L1MA9	antisense	14	247	3.9543	5.0190	2.7894	1.257e-03	25000	35	1.440e-03	2.164e-03
HepG2	PTBP1	Alu	AluSq	antisense	13	230	3.9426	4.6575	2.7912	2.373e-03	25000	36	1.480e-03	2.221e-03
HepG2	PTBP1	L1	L1ME3A	antisense	16	306	3.6309	6.6130	2.4195	9.519e-04	25000	37	1.520e-03	2.274e-03
HepG2	HNRNPM	L1	L1ME3Cz	antisense	14	193	3.1189	4.9812	2.8106	1.268e-02	25000	37	1.520e-03	2.274e-03
HepG2	XRN2	SVA	SVA_B	antisense	3	15	26.2525	0.2202	13.6265	1.368e-02	25000	38	1.560e-03	2.324e-03
HepG2	PCBP2	L1	L1MD1	antisense	14	244	3.5497	5.0488	2.7730	3.645e-03	25000	38	1.560e-03	2.324e-03
HepG2	PTBP1	Alu	AluSg	antisense	20	492	2.7886	9.2877	2.1534	3.249e-03	25000	38	1.560e-03	2.324e-03
HepG2	U2AF2	L1	L1ME3C	antisense	8	59	5.3272	1.9184	4.1702	1.077e-02	25000	39	1.600e-03	2.377e-03
HepG2	UPF1	Alu	AluSx	antisense	42	1749	2.1749	25.2847	1.6611	3.118e-04	25000	39	1.600e-03	2.377e-03
HepG2	PCBP2	L1	L1ME3E	antisense	7	84	5.3015	1.5869	4.4111	2.090e-02	25000	41	1.680e-03	2.489e-03
HepG2	HNRNPK	L1	L1ME3A	antisense	13	306	4.1715	4.7011	2.7653	1.320e-03	25000	41	1.680e-03	2.489e-03
HepG2	KHSRP	L1	L1ME3E	antisense	6	84	5.7275	1.1501	5.2168	3.239e-02	25000	42	1.720e-03	2.541e-03
HepG2	KHSRP	L1	L1MB4	antisense	13	297	3.4082	4.2943	3.0273	8.365e-03	25000	42	1.720e-03	2.541e-03
HepG2	HNRNPK	L1	L1MC2	antisense	9	172	5.1912	2.2471	4.0052	4.271e-03	25000	43	1.760e-03	2.596e-03
HepG2	SUGP2	L1	L1M6B	antisense	4	13	12.0493	0.3598	11.1173	3.151e-02	25000	44	1.800e-03	2.644e-03
HepG2	HNRNPK	L1	L1ME4b	antisense	12	294	4.0008	4.2156	2.8466	3.636e-03	25000	44	1.800e-03	2.644e-03
HepG2	U2AF2	L1	L1MC3	antisense	18	223	2.9820	7.9485	2.2646	3.847e-03	25000	44	1.800e-03	2.644e-03
HepG2	MATR3	L1	L1M3de	antisense	3	11	24.4332	0.2151	13.9483	1.946e-02	25000	45	1.840e-03	2.691e-03
HepG2	QKI	L1	L1MB5	antisense	14	279	3.1695	5.3968	2.5941	1.015e-02	25000	45	1.840e-03	2.691e-03
HepG2	PTBP1	L1	L1MA4	antisense	15	370	2.7807	5.7696	2.5999	2.106e-02	25000	45	1.840e-03	2.691e-03
HepG2	HNRNPL	L1	L1M2	sense	15	47	29.6634	5.5149	2.7199	4.413e-14	25000	46	1.880e-03	2.742e-03
HepG2	PTBP1	L1	L1M6B	antisense	3	13	19.7432	0.2388	12.5628	3.067e-02	25000	46	1.880e-03	2.742e-03
HepG2	SUGP2	Alu	AluSx	antisense	90	1749	1.4707	63.1625	1.4249	1.640e-02	25000	48	1.960e-03	2.855e-03
HepG2	PTBP1	L1	L1MEa	antisense	4	19	17.5495	0.3028	13.2083	6.760e-03	25000	49	2.000e-03	2.901e-03
HepG2	KHSRP	L1	L1ME4b	sense	13	84	13.6330	4.7326	2.7469	8.394e-09	25000	49	2.000e-03	2.901e-03
HepG2	QKI	L1	L1MCc	antisense	9	140	4.1218	2.4439	3.6826	2.036e-02	25000	49	2.000e-03	2.901e-03
HepG2	SUGP2	L1	L1PBb	antisense	3	6	27.1108	0.1910	15.7035	2.984e-02	25000	50	2.040e-03	2.950e-03
HepG2	QKI	L1	L1ME3	antisense	11	173	4.0737	3.5128	3.1314	6.359e-03	25000	50	2.040e-03	2.950e-03
HepG2	MATR3	L1	L1M6B	antisense	3	13	19.5466	0.1906	15.7365	3.147e-02	25000	51	2.080e-03	3.000e-03
HepG2	PTBP1	L1	L1PA6	antisense	14	219	4.4944	5.6223	2.4901	3.584e-04	25000	51	2.080e-03	3.000e-03
HepG2	MATR3	L1	L1M3d	antisense	4	16	21.7184	0.3498	11.4364	3.586e-03	25000	52	2.120e-03	3.053e-03
HepG2	DKC1	Alu	AluJr	sense	19	890	5.8619	8.7603	2.1689	1.649e-07	12082	26	2.235e-03	3.213e-03
HepG2	UPF1	Alu	AluSc8	sense	11	92	12.0040	3.9087	2.8142	5.744e-07	25000	55	2.240e-03	3.213e-03
HepG2	PTBP1	L1	L1MC5a	antisense	16	359	3.0699	6.9975	2.2865	5.610e-03	25000	55	2.240e-03	3.213e-03
HepG2	HNRNPC	Alu	AluYh3a3	antisense	2	3	144.2069	0.0718	27.8552	2.068e-02	25000	57	2.320e-03	3.314e-03
HepG2	MATR3	L1	L1M2a	antisense	3	10	27.9237	0.1670	17.9684	1.482e-02	25000	57	2.320e-03	3.314e-03
HepG2	ILF3	SVA	SVA_A	sense	3	28	14.8509	0.2507	11.9674	4.946e-02	25000	57	2.320e-03	3.314e-03
HepG2	SUGP2	L1	L1MD3	antisense	11	88	3.8730	3.1101	3.5368	1.165e-02	25000	58	2.360e-03	3.362e-03
HepG2	SUGP2	Alu	AluSp	antisense	30	329	2.7201	16.9397	1.7710	1.744e-04	25000	58	2.360e-03	3.362e-03
HepG2	KHSRP	L1	L1MD3	antisense	7	88	6.4345	1.5351	4.5600	7.336e-03	25000	60	2.440e-03	3.466e-03
HepG2	MATR3	L1	L1MC5a	antisense	15	359	2.8411	6.0195	2.4919	1.746e-02	25000	60	2.440e-03	3.466e-03
HepG2	EXOSC5	L1	L1M3	antisense	3	124	17.0546	0.1931	15.5344	2.984e-02	25000	61	2.480e-03	3.504e-03
HepG2	CSTF2	L1	L1ME3C	antisense	4	59	14.2580	0.3720	10.7538	9.737e-03	25000	61	2.480e-03	3.504e-03
HepG2	CSTF2	L1	L1ME3	antisense	6	173	7.0436	1.1365	5.2795	1.124e-02	25000	61	2.480e-03	3.504e-03
HepG2	HNRNPL	L1	L1ME3F	antisense	9	162	3.7225	2.2240	4.0468	3.738e-02	25000	61	2.480e-03	3.504e-03
HepG2	UPF1	Alu	AluY	sense	22	257	8.2751	10.8196	2.0334	3.476e-11	25000	62	2.520e-03	3.555e-03
HepG2	XPO5	Alu	AluJr4	sense	13	177	9.4609	5.2214	2.4898	3.146e-07	25000	63	2.560e-03	3.607e-03
HepG2	XRCC6	L1	L1MD2	sense	3	133	49.7144	0.1734	17.3010	1.670e-03	25000	64	2.600e-03	3.653e-03
HepG2	EXOSC5	L1	L1PA16	antisense	4	241	11.6096	0.4645	8.6118	1.746e-02	25000	64	2.600e-03	3.653e-03
HepG2	QKI	L1	L1ME4c	antisense	8	109	4.7521	2.2840	3.5026	1.733e-02	25000	66	2.680e-03	3.761e-03
HepG2	SRSF7	L1	L1PB3	antisense	3	134	17.8693	0.1759	17.0551	2.630e-02	10000	26	2.700e-03	3.783e-03
HepG2	HLTF	L1	L1M5	sense	20	149	9.7521	9.3559	2.1377	3.540e-11	25000	68	2.760e-03	3.862e-03
HepG2	BCCIP	L1	L1PB3	antisense	3	134	17.7951	0.1378	21.7770	2.656e-02	25000	69	2.800e-03	3.908e-03
HepG2	HNRNPM	L1	L1MD3	antisense	9	88	4.5429	2.4042	3.7434	1.233e-02	25000	69	2.800e-03	3.908e-03
HepG2	SAFB	L1	L1MD2	sense	5	133	21.3529	0.6529	7.6585	2.782e-04	10512	29	2.854e-03	3.977e-03
HepG2	HNRNPC	L1	L1MB2	antisense	13	306	3.1991	4.7162	2.7565	1.434e-02	25000	73	2.960e-03	4.120e-03
HepG2	HNRNPM	L1	L1M3c	antisense	4	14	15.9507	0.3938	10.1564	1.165e-02	25000	74	3.000e-03	4.170e-03
HepG2	SAFB	L1	L1M3a	sense	2	10	136.6589	0.0306	65.2919	6.247e-03	10512	31	3.044e-03	4.226e-03
HepG2	UPF1	Alu	AluSq	antisense	10	230	4.0179	3.4978	2.8589	1.219e-02	25000	77	3.120e-03	4.325e-03
HepG2	HNRNPL	L1	L1MCa	antisense	11	208	3.5335	3.4986	3.1442	1.793e-02	25000	78	3.160e-03	4.375e-03
HepG2	HNRNPL	L1	L1MA6	antisense	8	121	4.4801	2.1114	3.7890	2.377e-02	25000	79	3.200e-03	4.418e-03
HepG2	QKI	L1	L1ME2	antisense	12	203	3.7693	4.4552	2.6935	6.443e-03	25000	79	3.200e-03	4.418e-03
HepG2	SLTM	SVA	SVA_C	sense	2	7	87.2422	0.0610	32.7953	1.643e-02	8412	26	3.209e-03	4.426e-03
HepG2	PTBP1	L1	L1MB3	antisense	22	579	2.5993	10.8269	2.0320	3.847e-03	25000	80	3.240e-03	4.462e-03
HepG2	U2AF2	L1	L1MA8	antisense	14	158	3.3018	5.7325	2.4422	8.106e-03	25000	81	3.280e-03	4.511e-03
HepG2	BCCIP	L1	L1M2c	antisense	2	34	48.5657	0.0480	41.7014	3.208e-02	25000	82	3.320e-03	4.560e-03
HepG2	U2AF2	L1	L1MB3	antisense	34	579	2.1187	19.7606	1.7206	3.749e-03	25000	85	3.440e-03	4.718e-03
HepG2	HLTF	L1	L1M3a	sense	3	10	26.9575	0.2137	14.0397	1.622e-02	25000	86	3.480e-03	4.761e-03
HepG2	XRCC6	Alu	AluSz	antisense	5	1648	6.5560	0.9477	5.2760	3.943e-02	25000	86	3.480e-03	4.761e-03
HepG2	TAF15	L1	L1MB4	sense	7	42	43.0052	1.5856	4.4146	8.245e-08	25000	87	3.520e-03	4.809e-03
HepG2	EXOSC5	L1	L1PA12	antisense	2	27	55.0296	0.0447	44.7227	2.624e-02	25000	88	3.560e-03	4.851e-03
HepG2	QKI	L1	L1MEf	antisense	18	417	2.7065	8.1044	2.2210	9.573e-03	25000	88	3.560e-03	4.851e-03
HepG2	CSTF2	L1	L1MC5a	antisense	8	359	4.4683	2.4131	3.3152	2.134e-02	25000	91	3.680e-03	5.001e-03
HepG2	PCBP2	L1	L1ME3D	antisense	8	119	4.2030	2.0932	3.8218	3.435e-02	25000	91	3.680e-03	5.001e-03
HepG2	HNRNPL	L1	L1MA7	sense	10	46	17.5783	3.2686	3.0594	1.541e-07	25000	92	3.720e-03	5.042e-03
HepG2	UPF1	Alu	AluSx1	antisense	39	1611	2.1930	24.1750	1.6132	5.249e-04	25000	92	3.720e-03	5.042e-03
HepG2	MATR3	L1	L1MA10	antisense	6	70	6.1083	1.0875	5.5171	2.494e-02	25000	93	3.760e-03	5.090e-03
HepG2	U2AF2	L1	L1MC	antisense	10	99	3.8159	3.6235	2.7597	2.084e-02	25000	94	3.800e-03	5.137e-03
HepG2	PCBP2	L1	L1MB8	antisense	20	444	2.7508	9.6586	2.0707	3.897e-03	25000	96	3.880e-03	5.239e-03
HepG2	HNRNPK	L1	L1MB4	antisense	11	297	3.6161	3.8132	2.8847	1.441e-02	25000	97	3.920e-03	5.286e-03
HepG2	CSTF2	L1	L1ME3Cz	antisense	6	193	6.2903	1.3208	4.5426	1.894e-02	25000	101	4.080e-03	5.495e-03
HepG2	PCBP2	L1	L1MB4	antisense	14	297	2.8849	5.9348	2.3590	2.283e-02	25000	103	4.160e-03	5.595e-03
HepG2	UPF1	Alu	AluSc	sense	15	132	11.3324	6.7558	2.2203	2.920e-09	25000	104	4.200e-03	5.641e-03
HepG2	HNRNPM	L1	L1PA15-16	antisense	4	15	14.5007	0.4558	8.7765	1.521e-02	25000	105	4.240e-03	5.673e-03
HepG2	BCCIP	L1	L1PA15	antisense	4	234	13.5139	0.3690	10.8401	1.045e-02	25000	105	4.240e-03	5.673e-03
HepG2	KHSRP	L1	L1MB3	antisense	19	579	2.5262	8.8828	2.1390	1.385e-02	25000	105	4.240e-03	5.673e-03
HepG2	ILF3	Alu	AluYj4	sense	3	12	41.2525	0.3248	9.2365	4.583e-03	25000	106	4.280e-03	5.705e-03
HepG2	HLTF	L1	L1ME2	sense	11	54	16.0909	3.6318	3.0288	5.595e-08	25000	106	4.280e-03	5.705e-03
HepG2	HNRNPC	L1	L1M5	antisense	19	620	2.2795	9.1392	2.0790	4.000e-02	25000	106	4.280e-03	5.705e-03
HepG2	UPF1	Alu	AluSx4	sense	7	44	16.7230	1.9942	3.5102	3.400e-05	25000	107	4.320e-03	5.751e-03
HepG2	TAF15	L1	L1MB3	sense	10	112	21.0810	3.2610	3.0665	1.352e-08	25000	108	4.360e-03	5.789e-03
HepG2	QKI	L1	L1MA10	antisense	6	70	5.6245	1.3429	4.4679	3.638e-02	25000	108	4.360e-03	5.789e-03
HepG2	HNRNPL	L1	L1PB4	antisense	8	97	5.6883	2.2244	3.5965	6.107e-03	25000	111	4.480e-03	5.941e-03
HepG2	UPF1	Alu	AluSx	sense	40	555	6.8655	25.2978	1.5812	7.737e-18	25000	113	4.560e-03	6.039e-03
HepG2	HNRNPK	L1	L1MB2	antisense	11	306	3.5058	3.9057	2.8164	1.799e-02	25000	116	4.680e-03	6.190e-03
HepG2	ILF3	Alu	AluYk11	antisense	2	5	82.5049	0.1075	18.6081	2.319e-02	25000	118	4.760e-03	6.280e-03
HepG2	XRCC6	Alu	AluSq2	sense	3	299	21.8340	0.3252	9.2251	1.523e-02	25000	118	4.760e-03	6.280e-03
HepG2	CSTF2	L1	L1MA9	antisense	7	247	5.7181	1.7646	3.9669	1.207e-02	25000	119	4.800e-03	6.325e-03
HepG2	ILF3	Alu	AluYe5	antisense	2	6	61.8787	0.1111	18.0050	3.339e-02	25000	120	4.840e-03	6.361e-03
HepG2	TAF15	L1	L1MC4	sense	13	157	19.4121	5.0725	2.5628	7.923e-11	25000	120	4.840e-03	6.361e-03
HepG2	MATR3	L1	L1ME3Cz	antisense	10	193	3.5604	3.3505	2.9846	2.869e-02	25000	124	5.000e-03	6.563e-03
HepG2	FUBP3	L1	L1MEf	antisense	8	417	3.9575	2.2912	3.4917	4.242e-02	25000	129	5.200e-03	6.817e-03
HepG2	SAFB	L1	L1M4	sense	6	82	43.1554	1.0902	5.5037	8.036e-07	10512	56	5.422e-03	7.099e-03
HepG2	ILF3	Alu	AluYe5	sense	2	5	82.5049	0.1115	17.9340	2.319e-02	25000	139	5.600e-03	7.323e-03
HepG2	HLTF	L1	L1PA14	sense	5	12	44.9291	1.0343	4.8341	3.912e-05	25000	141	5.680e-03	7.409e-03
HepG2	BCCIP	L1	L1PA13	antisense	3	150	15.8582	0.2144	13.9899	3.558e-02	25000	141	5.680e-03	7.409e-03
HepG2	UPF1	Alu	AluSg	antisense	15	492	2.7796	7.0308	2.1335	2.050e-02	25000	144	5.800e-03	7.556e-03
HepG2	BCCIP	L1	L1M2	antisense	4	280	11.2616	0.4222	9.4742	1.924e-02	25000	146	5.880e-03	7.650e-03
HepG2	HNRNPC	L1	L1M4	antisense	17	479	2.6532	7.7883	2.1828	1.608e-02	25000	148	5.960e-03	7.745e-03
HepG2	HNRNPC	Alu	AluYb8	antisense	2	4	72.1035	0.1232	16.2338	3.848e-02	25000	149	6.000e-03	7.787e-03
HepG2	RBM22	L1	L1MDa	sense	7	50	22.7126	2.0174	3.4697	4.513e-06	25000	150	6.040e-03	7.829e-03
HepG2	XPO5	Alu	AluSc8	sense	8	92	11.3670	2.6606	3.0068	6.359e-05	25000	158	6.360e-03	8.234e-03
HepG2	PTBP1	L1	L1MB2	antisense	13	306	2.9199	5.4598	2.3810	3.022e-02	25000	159	6.400e-03	8.275e-03
HepG2	SLTM	L1	L1M3a	sense	2	10	54.5263	0.0682	29.3101	3.247e-02	8412	53	6.419e-03	8.289e-03
HepG2	PCBP2	L1	L1PA8	antisense	7	95	4.6388	2.1392	3.2723	4.054e-02	25000	160	6.440e-03	8.306e-03
HepG2	HLTF	L1	L1PA10	sense	7	20	33.8696	1.8466	3.7908	1.034e-06	25000	161	6.480e-03	8.347e-03
HepG2	MATR3	L1	L1MEa	antisense	4	19	17.3747	0.2536	15.7729	6.979e-03	25000	162	6.520e-03	8.388e-03
HepG2	HNRNPL	L1	L1MB7	sense	26	159	12.3709	14.4647	1.7975	8.974e-17	25000	163	6.560e-03	8.429e-03
HepG2	HNRNPC	L1	L1MC3	antisense	10	223	3.3851	3.8167	2.6201	3.914e-02	25000	168	6.760e-03	8.676e-03
HepG2	MATR3	L1	L1M3c	antisense	3	14	17.7696	0.2578	11.6387	3.869e-02	25000	172	6.920e-03	8.870e-03
HepG2	TAF15	L1	L1MA7	sense	5	46	26.2227	0.9939	5.0308	1.356e-04	25000	183	7.360e-03	9.422e-03
HepG2	SUGP2	Alu	AluY	antisense	38	580	1.9008	24.4738	1.5527	1.165e-02	25000	185	7.440e-03	9.513e-03
HepG2	PCBP2	L1	L1PB1	antisense	13	279	2.8500	5.5506	2.3421	3.700e-02	25000	187	7.520e-03	9.603e-03
HepG2	HLTF	L1	L1M6	sense	6	15	41.9338	1.4774	4.0611	4.191e-06	25000	188	7.560e-03	9.643e-03
HepG2	MATR3	Alu	AluJb	antisense	83	3175	1.7490	61.7146	1.3449	1.241e-04	25000	189	7.600e-03	9.682e-03
HepG2	PTBP1	L1	L1ME3Cz	antisense	10	193	3.5962	3.7964	2.6340	2.669e-02	25000	190	7.640e-03	9.721e-03
HepG2	TRA2A	L1	L1M4c	sense	4	67	24.4131	0.5089	7.8598	1.403e-03	4934	37	7.700e-03	9.786e-03
HepG2	PTBP1	Alu	AluY	antisense	24	580	2.8407	13.5999	1.7647	5.571e-04	25000	195	7.840e-03	9.951e-03
HepG2	HNRNPL	L1	L1MD	sense	7	22	29.5316	2.2021	3.1788	2.062e-06	25000	196	7.880e-03	9.989e-03
HepG2	QKI	L1	L1MD1	antisense	12	244	3.1032	4.7510	2.5258	2.914e-02	25000	197	7.920e-03	1.002e-02
HepG2	ILF3	L1	L1MB7	antisense	15	728	2.6036	7.0439	2.1295	3.546e-02	25000	197	7.920e-03	1.002e-02
HepG2	UPF1	Alu	AluSp	antisense	15	329	4.2226	7.2810	2.0601	3.253e-04	25000	199	8.000e-03	1.009e-02
HepG2	DDX59	Alu	AluJr	antisense	26	1956	2.2842	15.2369	1.7064	6.118e-03	25000	199	8.000e-03	1.009e-02
HepG2	HNRNPK	L1	L1PA10	antisense	6	106	5.6411	1.5875	3.7795	3.339e-02	25000	203	8.160e-03	1.028e-02
HepG2	UPF1	Alu	AluSg4	sense	5	29	18.4152	1.2712	3.9332	7.938e-04	25000	209	8.400e-03	1.057e-02
HepG2	FUBP3	L1	L1M4c	antisense	5	147	7.1243	0.8471	5.9026	3.077e-02	25000	215	8.640e-03	1.086e-02
HepG2	HNRNPK	L1	L1ME3Cz	antisense	8	193	4.0657	2.7255	2.9353	3.872e-02	25000	217	8.720e-03	1.095e-02
HepG2	TAF15	L1	L1ME3B	sense	5	43	28.2929	1.1298	4.4257	9.766e-05	25000	220	8.840e-03	1.108e-02
HepG2	PTBP1	L1	L1MA7	antisense	9	175	3.5680	3.2667	2.7551	4.802e-02	25000	222	8.920e-03	1.117e-02
HepG2	PTBP1	L1	L1MB7	antisense	25	728	2.3403	14.1694	1.7644	6.298e-03	25000	223	8.960e-03	1.121e-02
HepG2	TAF15	L1	L1MA9	sense	6	64	22.2440	1.5338	3.9119	3.400e-05	25000	226	9.080e-03	1.134e-02
HepG2	HNRNPK	L1	L1PA2	antisense	3	18	18.8038	0.3841	7.8101	3.029e-02	25000	228	9.160e-03	1.143e-02
HepG2	HNRNPL	L1	L1PA14	sense	5	12	45.2014	1.2422	4.0251	3.812e-05	25000	231	9.280e-03	1.157e-02
HepG2	HNRNPK	L1	L1PA5	antisense	9	214	4.1277	3.3804	2.6624	1.888e-02	25000	232	9.320e-03	1.160e-02
HepG2	SAFB	L1	L1MA9	sense	4	64	36.4424	0.6166	6.4869	3.300e-04	10512	98	9.417e-03	1.171e-02
HepG2	TAF15	L1	L1ME3A	sense	7	80	20.6189	2.0225	3.4611	6.688e-06	25000	237	9.520e-03	1.182e-02
HepG2	ILF3	L1	L1MB8	antisense	11	444	3.1440	4.3114	2.5514	3.821e-02	25000	238	9.560e-03	1.186e-02
HepG2	DKC1	Alu	AluJo	sense	16	734	5.9882	8.1174	1.9711	1.996e-06	12082	119	9.931e-03	1.230e-02
HepG2	HNRNPL	L1	L1ME3B	sense	10	43	19.1763	3.8838	2.5748	7.730e-08	25000	262	1.052e-02	1.302e-02
HepG2	ILF3	Alu	AluSg4	sense	4	29	19.8012	0.8320	4.8077	3.636e-03	25000	266	1.068e-02	1.320e-02
HepG2	HLTF	L1	L1MB1	sense	6	16	37.7405	1.4719	4.0764	6.418e-06	25000	271	1.088e-02	1.343e-02
HepG2	MATR3	L1	L1MB8	antisense	16	444	2.4357	7.5332	2.1239	4.940e-02	25000	275	1.104e-02	1.361e-02
HepG2	HNRNPL	L1	L1ME3	sense	9	29	28.4769	3.4187	2.6326	3.231e-08	25000	276	1.108e-02	1.363e-02
HepG2	KHSRP	L1	L1MA8	antisense	8	158	3.9710	2.5818	3.0986	4.536e-02	25000	276	1.108e-02	1.363e-02
HepG2	TAF15	L1	L1MB8	sense	8	104	17.9188	2.6790	2.9861	2.414e-06	25000	282	1.132e-02	1.391e-02
HepG2	CSTF2	L1	L1M7	sense	3	6	196.0475	0.3734	8.0334	1.402e-04	25000	291	1.168e-02	1.433e-02
HepG2	SLTM	L1	L1M5	sense	8	149	12.3748	2.8134	2.8436	3.094e-05	8412	99	1.189e-02	1.457e-02
HepG2	HLTF	L1	L1PREC2	sense	7	21	31.4504	2.2434	3.1203	1.503e-06	25000	316	1.268e-02	1.552e-02
HepG2	U2AF2	L1	L1MEf	antisense	24	417	2.0740	14.0001	1.7143	3.948e-02	25000	324	1.300e-02	1.590e-02
HepG2	UPF1	Alu	AluJb	sense	66	1505	4.0542	48.8524	1.3510	6.193e-18	25000	348	1.396e-02	1.705e-02
HepG2	HNRNPL	L1	L1ME2z	sense	9	32	24.7625	3.5350	2.5460	8.374e-08	25000	358	1.436e-02	1.748e-02
HepG2	ILF3	Alu	Alu	sense	3	21	20.6262	0.4294	6.9865	2.268e-02	25000	358	1.436e-02	1.748e-02
HepG2	SAFB	L1	L1MEg	sense	4	59	39.7553	0.7741	5.1675	2.455e-04	10512	150	1.436e-02	1.748e-02
HepG2	HNRNPC	L1	L1MB8	antisense	15	444	2.5211	7.4429	2.0153	4.912e-02	25000	376	1.508e-02	1.833e-02
HepG2	SUGP2	L1	L1P4b	antisense	3	5	40.6662	0.1329	22.5768	1.631e-02	25000	395	1.584e-02	1.923e-02
HepG2	XRCC6	L1	L1MA4A	sense	2	29	159.5772	0.1603	12.4750	3.749e-03	25000	398	1.596e-02	1.936e-02
HepG2	CSTF2	L1	L1ME3B	sense	5	43	25.7957	1.2961	3.8578	1.484e-04	25000	402	1.612e-02	1.953e-02
HepG2	HLTF	L1	L1MC2	sense	8	30	22.8730	2.7114	2.9505	1.071e-06	25000	404	1.620e-02	1.960e-02
HepG2	PTBP1	Alu	AluSp	antisense	17	329	3.5858	9.5341	1.7831	6.429e-04	25000	406	1.628e-02	1.968e-02
HepG2	HNRNPL	L1	L1PA8	sense	6	20	27.1208	1.9329	3.1041	2.692e-05	25000	420	1.684e-02	2.033e-02
HepG2	TAF15	L1	L1MB2	sense	6	56	25.8031	1.6891	3.5522	1.585e-05	25000	429	1.720e-02	2.074e-02
HepG2	HLTF	L1	L1PB1	sense	10	17	89.8582	4.0650	2.4600	1.747e-12	25000	474	1.900e-02	2.288e-02
HepG2	SLTM	L1	L1MEi	sense	3	15	54.5263	0.4728	6.3455	1.881e-03	8412	176	2.104e-02	2.531e-02
HepG2	HLTF	L1	L1MA5A	sense	6	18	31.4504	1.7513	3.4260	1.413e-05	25000	564	2.260e-02	2.716e-02
HepG2	U2AF2	L1	L1MB8	antisense	25	444	2.0263	15.6216	1.6004	4.242e-02	25000	565	2.264e-02	2.717e-02
HepG2	HNRNPL	L1	L1MA8	sense	8	50	12.0537	3.1966	2.5027	5.804e-05	25000	569	2.280e-02	2.733e-02
HepG2	HLTF	L1	L1MB5	sense	10	54	14.2956	4.4088	2.2682	7.898e-07	25000	592	2.372e-02	2.840e-02
HepG2	HNRNPL	L1	L1ME3G	sense	10	47	17.1032	4.6864	2.1338	1.906e-07	25000	609	2.440e-02	2.918e-02
HepG2	HLTF	L1	L1MC5	sense	12	64	14.5156	6.0182	1.9939	2.683e-08	25000	625	2.504e-02	2.991e-02
HepG2	QKI	L1	L1ME3G	sense	10	47	16.2148	4.7556	2.1028	3.054e-07	25000	632	2.532e-02	3.021e-02
HepG2	SAFB	L1	L1MEf	sense	4	73	31.6890	0.9144	4.3745	5.393e-04	10512	277	2.644e-02	3.152e-02
HepG2	TAF15	L1	L1MD3	sense	3	34	20.8089	0.5748	5.2188	1.991e-02	25000	664	2.660e-02	3.167e-02
HepG2	SAFB	L1	L1MDa	sense	3	50	34.8916	0.4984	6.0195	4.767e-03	10512	282	2.692e-02	3.201e-02
HepG2	HNRNPL	L1	L1PA16	sense	10	46	17.5783	4.6740	2.1395	1.541e-07	25000	689	2.760e-02	3.278e-02
HepG2	HLTF	L1	L1PA7	sense	12	40	26.9575	6.0194	1.9935	7.880e-11	25000	694	2.780e-02	3.298e-02
HepG2	HLTF	L1	L1MEi	sense	5	15	31.4504	1.4925	3.3500	1.352e-04	25000	703	2.816e-02	3.337e-02
HepG2	HLTF	L1	L1MB4	sense	10	42	19.6565	4.5477	2.1989	6.403e-08	25000	711	2.848e-02	3.371e-02
HepG2	TAF15	L1	L1ME5	sense	2	12	43.0052	0.2605	7.6770	4.698e-02	25000	715	2.864e-02	3.386e-02
HepG2	UPF1	Alu	AluSg	sense	13	159	7.8706	7.0304	1.8491	2.483e-06	25000	717	2.872e-02	3.392e-02
HepG2	PTBP1	L1	L1MD2	antisense	11	224	3.3987	5.4602	2.0146	2.343e-02	25000	743	2.976e-02	3.511e-02
HepG2	HNRNPL	L1	L1PB2	sense	3	10	27.1208	0.5846	5.1321	1.599e-02	25000	752	3.012e-02	3.549e-02
HepG2	TAF15	L1	L1ME4b	sense	5	84	13.6092	1.7367	2.8791	2.177e-03	25000	859	3.440e-02	4.049e-02
HepG2	SAFB	L1	L1MEd	sense	4	73	31.6890	1.0701	3.7379	5.393e-04	10512	376	3.586e-02	4.216e-02
HepG2	SAFB	L1	L1PA15	sense	3	79	21.5777	0.5811	5.1631	1.649e-02	10512	381	3.634e-02	4.267e-02
HepG2	PCBP2	Alu	AluSz	antisense	47	1648	1.7120	35.5082	1.3236	1.825e-02	25000	916	3.668e-02	4.303e-02
HepG2	HLTF	L1	L1MA7	sense	7	46	11.2899	2.7629	2.5336	3.638e-04	25000	929	3.720e-02	4.359e-02
HepG2	GTF2F1	L1	L1PB4	sense	4	40	13.8269	1.1621	3.4421	1.163e-02	802	29	3.736e-02	4.373e-02
HepG2	TAF15	L1	L1MC1	sense	6	67	21.1501	2.2213	2.7011	4.429e-05	25000	936	3.748e-02	4.382e-02
HepG2	SAFB	L1	L1MB4	sense	3	42	42.0489	0.6461	4.6431	2.932e-03	10512	403	3.843e-02	4.488e-02
HepG2	SLTM	L1	L1ME2	sense	4	54	17.4484	1.1412	3.5050	4.868e-03	8412	327	3.899e-02	4.548e-02
HepG2	HLTF	L1	L1M3	sense	5	15	31.4504	1.7462	2.8634	1.352e-04	25000	975	3.904e-02	4.549e-02
HepG2	KHSRP	L1	L1ME3G	sense	8	47	15.2732	3.6747	2.1771	1.153e-05	25000	982	3.932e-02	4.576e-02
HepG2	TAF15	L1	L1ME3F	sense	3	18	43.0052	0.6482	4.6279	3.361e-03	25000	999	4.000e-02	4.650e-02
HepG2	KHSRP	L1	L1ME4a	sense	11	98	9.4141	5.8772	1.8716	5.455e-06	25000	1033	4.136e-02	4.803e-02
K562	SAFB2	L1	L1M2c	sense	8	10	438.4210	0.2288	34.9650	2.770e-13	25000	0	4.000e-05	9.937e-05
K562	SAFB2	L1	L1MEj	sense	6	9	219.2105	0.3073	19.5262	4.533e-09	25000	0	4.000e-05	9.937e-05
K562	GTF2F1	SVA	SVA_C	antisense	4	7	149.6678	0.0739	54.1419	1.524e-05	25000	0	4.000e-05	9.937e-05
K562	HNRNPC	Alu	AluSg4	antisense	7	38	136.2438	0.1088	64.3146	4.828e-11	25000	0	4.000e-05	9.937e-05
K562	HNRNPC	Alu	AluSg7	antisense	11	60	135.4493	0.1486	74.0043	1.479e-17	25000	0	4.000e-05	9.937e-05
K562	HNRNPC	Alu	AluSx4	antisense	9	50	132.4460	0.1416	63.5593	3.208e-14	25000	0	4.000e-05	9.937e-05
K562	KHDRBS1	L1	L1M6	sense	7	19	131.9495	0.3878	18.0505	1.715e-10	25000	0	4.000e-05	9.937e-05
K562	SAFB2	L1	L1MEb	sense	7	13	127.8728	0.3284	21.3181	8.575e-10	25000	0	4.000e-05	9.937e-05
K562	KHDRBS1	L1	L1M5	sense	111	317	121.8840	6.5138	17.0408	6.647e-172	25000	0	4.000e-05	9.937e-05
K562	HNRNPC	Alu	AluSc5	antisense	8	53	107.2649	0.1095	73.0727	5.849e-12	25000	0	4.000e-05	9.937e-05
K562	EXOSC5	L1	L1PA12	antisense	8	12	107.2608	0.2856	28.0151	6.282e-10	25000	0	4.000e-05	9.937e-05
K562	SAFB2	L1	L1MD1	sense	34	69	106.4737	1.9275	17.6392	6.632e-48	25000	0	4.000e-05	9.937e-05
K562	SAFB2	L1	L1PB3	sense	14	29	102.2982	0.8389	16.6889	3.428e-19	25000	0	4.000e-05	9.937e-05
K562	SAFB2	L1	L1MA1	sense	11	23	100.4715	0.5468	20.1170	6.354e-15	25000	0	4.000e-05	9.937e-05
K562	KHDRBS1	L1	L1MEi	sense	11	36	99.5276	0.3939	27.9245	1.092e-15	25000	0	4.000e-05	9.937e-05
K562	HNRNPC	Alu	AluSc	antisense	32	227	99.0138	0.5106	62.6665	2.657e-48	25000	0	4.000e-05	9.937e-05
K562	SAFB2	L1	L1MC1	sense	51	108	98.0679	3.5538	14.3510	6.278e-71	25000	0	4.000e-05	9.937e-05
K562	HNRNPC	Alu	AluSx1	antisense	102	732	97.6877	1.8178	56.1130	6.307e-156	25000	0	4.000e-05	9.937e-05
K562	SAFB2	L1	L1MDa	sense	40	86	95.3089	2.5605	15.6221	3.617e-55	25000	0	4.000e-05	9.937e-05
K562	HNRNPC	Alu	AluSc8	antisense	20	147	95.0181	0.3115	64.2013	1.254e-29	25000	0	4.000e-05	9.937e-05
K562	HNRNPC	Alu	AluSx	antisense	119	888	93.3686	1.9440	61.2127	4.842e-180	25000	0	4.000e-05	9.937e-05
K562	HNRNPC	Alu	AluY	antisense	38	285	92.8254	0.8875	42.8179	1.553e-56	25000	0	4.000e-05	9.937e-05
K562	HNRNPC	Alu	AluSz6	antisense	58	436	92.5798	0.9932	58.3995	1.158e-86	25000	0	4.000e-05	9.937e-05
K562	SAFB2	L1	L1MA2	sense	13	29	89.0543	1.5107	8.6054	2.963e-17	25000	0	4.000e-05	9.937e-05
K562	EXOSC5	L1	L1PB	antisense	16	26	85.8087	0.5257	30.4345	1.488e-19	25000	0	4.000e-05	9.937e-05
K562	SAFB2	L1	L1MCa	sense	14	32	85.2485	1.9579	7.1506	1.964e-18	25000	0	4.000e-05	9.937e-05
K562	HNRNPC	Alu	AluSz	antisense	97	810	82.0847	1.7782	54.5508	1.845e-141	25000	0	4.000e-05	9.937e-05
K562	KHDRBS1	L1	L1MD	sense	15	57	80.7854	1.1466	13.0817	1.764e-20	25000	0	4.000e-05	9.937e-05
K562	EXOSC5	L1	L1PBa1	antisense	9	15	80.4456	0.4256	21.1446	1.190e-10	25000	0	4.000e-05	9.937e-05
K562	KHDRBS1	L1	L1M8	sense	7	27	79.1697	0.2646	26.4550	2.710e-09	25000	0	4.000e-05	9.937e-05
K562	HNRNPC	Alu	AluSq2	antisense	32	285	76.3150	0.7877	40.6256	4.971e-45	25000	0	4.000e-05	9.937e-05
K562	SAFB2	L1	L1MB2	sense	23	57	74.1447	3.5014	6.5689	1.186e-29	25000	0	4.000e-05	9.937e-05
K562	SAFB2	L1	L1PA15	sense	35	87	73.7728	3.0998	11.2912	2.084e-45	25000	0	4.000e-05	9.937e-05
K562	HNRNPC	Alu	AluSx3	antisense	25	231	73.2239	0.5403	46.2689	1.263e-34	25000	0	4.000e-05	9.937e-05
K562	EXOSC5	L1	L1PA17	antisense	57	99	72.7841	2.1526	26.4801	5.817e-69	25000	0	4.000e-05	9.937e-05
K562	SAFB2	L1	L1MA4A	sense	16	41	70.1474	2.8985	5.5201	3.508e-20	25000	0	4.000e-05	9.937e-05
K562	SAFB2	L1	L1MEc	sense	62	159	70.0570	6.9738	8.8904	7.419e-80	25000	0	4.000e-05	9.937e-05
K562	SAFB2	L1	L1MA3	sense	33	85	69.5572	2.2242	14.8365	3.569e-42	25000	0	4.000e-05	9.937e-05
K562	KHDRBS1	L1	L1MEg	sense	24	103	68.7187	2.1370	11.2305	1.096e-31	25000	0	4.000e-05	9.937e-05
K562	SAFB2	L1	L1PA10	sense	18	47	68.0308	1.5386	11.6993	1.351e-22	25000	0	4.000e-05	9.937e-05
K562	EXOSC5	L1	L1PB2	antisense	19	34	67.9318	0.6155	30.8702	3.246e-22	25000	0	4.000e-05	9.937e-05
K562	SAFB2	L1	L1M1	sense	37	97	67.5899	2.4130	15.3334	5.669e-47	25000	0	4.000e-05	9.937e-05
K562	EXOSC5	L1	L1PA14	antisense	39	70	67.4705	1.2147	32.1072	3.357e-46	25000	0	4.000e-05	9.937e-05
K562	SAFB2	L1	L1MEf	sense	41	108	67.0719	4.4490	9.2155	4.999e-52	25000	0	4.000e-05	9.937e-05
K562	EXOSC5	L1	L1PB1	antisense	185	333	67.0380	6.2492	29.6038	7.550e-222	25000	0	4.000e-05	9.937e-05
K562	HNRNPC	Alu	AluSg	antisense	31	314	66.0930	0.5651	54.8556	7.727e-42	25000	0	4.000e-05	9.937e-05
K562	EXOSC5	L1	L1P4	antisense	34	62	65.1226	1.1924	28.5139	6.682e-40	25000	0	4.000e-05	9.937e-05
K562	KHDRBS1	L1	L1MEc	sense	35	159	63.8465	4.2556	8.2245	1.554e-45	25000	0	4.000e-05	9.937e-05
K562	SAFB2	L1	L1MA9	sense	26	71	63.3275	2.6658	9.7530	2.782e-32	25000	0	4.000e-05	9.937e-05
K562	EXOSC5	L1	L1PA4	antisense	52	97	61.9729	1.7420	29.8514	1.418e-60	25000	0	4.000e-05	9.937e-05
K562	SAFB2	L1	L1PA16	sense	46	131	59.3158	3.6804	12.4986	1.481e-56	25000	0	4.000e-05	9.937e-05
K562	SAFB2	L1	L1PB1	sense	27	77	59.1868	3.9553	6.8263	6.160e-33	25000	0	4.000e-05	9.937e-05
K562	EXOSC5	L1	L1PA8A	antisense	25	48	58.2939	1.0458	23.9042	2.170e-28	25000	0	4.000e-05	9.937e-05
K562	EXOSC5	L1	L1PA16	antisense	142	274	57.6933	5.9144	24.0090	3.781e-164	25000	0	4.000e-05	9.937e-05
K562	SAFB2	L1	L1MA4	sense	20	58	57.6870	2.7226	7.3460	4.511e-24	25000	0	4.000e-05	9.937e-05
K562	EXOSC5	L1	L1PA15	antisense	130	253	56.6825	4.9910	26.0471	1.525e-149	25000	0	4.000e-05	9.937e-05
K562	SAFB2	L1	L1M4	sense	47	138	56.6093	5.5865	8.4131	4.644e-57	25000	0	4.000e-05	9.937e-05
K562	EXOSC5	L1	L1PA5	antisense	101	197	56.4237	3.4558	29.2259	9.193e-116	25000	0	4.000e-05	9.937e-05
K562	EXOSC5	L1	L1PA13	antisense	61	119	56.4044	2.4355	25.0464	1.403e-69	25000	0	4.000e-05	9.937e-05
K562	EXOSC5	L1	L1PA11	antisense	41	80	56.3807	1.4712	27.8676	1.457e-46	25000	0	4.000e-05	9.937e-05
K562	KHDRBS1	L1	L1MEd	sense	33	167	55.7058	2.9682	11.1178	2.981e-41	25000	0	4.000e-05	9.937e-05
K562	SAFB2	L1	L1MA6	sense	10	30	54.8026	1.0114	9.8869	1.162e-11	25000	0	4.000e-05	9.937e-05
K562	EXOSC5	L1	L1PA7	antisense	145	289	54.0028	5.4336	26.6856	8.201e-165	25000	0	4.000e-05	9.937e-05
K562	HNRNPC	Alu	AluJb	antisense	133	1626	53.7492	3.9604	33.5821	4.042e-172	25000	0	4.000e-05	9.937e-05
K562	EXOSC5	L1	L1P1	antisense	14	28	53.6304	0.4780	29.2863	2.437e-15	25000	0	4.000e-05	9.937e-05
K562	EXOSC5	L1	L1PA2	antisense	14	28	53.6304	0.4719	29.6660	2.437e-15	25000	0	4.000e-05	9.937e-05
K562	EXOSC5	L1	L1PREC2	antisense	83	167	52.9919	2.7048	30.6862	1.986e-93	25000	0	4.000e-05	9.937e-05
K562	SAFB2	L1	L1M4a2	sense	11	34	52.4199	0.6111	17.9997	1.068e-12	25000	0	4.000e-05	9.937e-05
K562	KHDRBS1	L1	L1ME2	sense	21	112	52.1998	2.0657	10.1661	1.640e-25	25000	0	4.000e-05	9.937e-05
K562	HNRNPC	Alu	AluSp	antisense	17	216	51.5438	0.6870	24.7453	5.499e-21	25000	0	4.000e-05	9.937e-05
K562	KHDRBS1	L1	L1MEf	sense	20	108	51.4089	2.7796	7.1953	3.777e-24	25000	0	4.000e-05	9.937e-05
K562	SAFB2	L1	L1M2	sense	20	63	50.9792	3.1165	6.4175	2.972e-23	25000	0	4.000e-05	9.937e-05
K562	EXOSC5	L1	L1PA3	antisense	35	73	49.3964	1.2279	28.5035	2.329e-38	25000	0	4.000e-05	9.937e-05
K562	KHDRBS1	L1	L1ME3Cz	sense	16	90	48.9079	1.7620	9.0808	6.269e-19	25000	0	4.000e-05	9.937e-05
K562	KHDRBS1	L1	L1ME3B	sense	12	69	47.6209	1.7214	6.9711	5.360e-14	25000	0	4.000e-05	9.937e-05
K562	SAFB2	L1	L1PB4	sense	23	76	47.5645	1.1581	19.8605	2.815e-26	25000	0	4.000e-05	9.937e-05
K562	SAFB	L1	L1MEc	sense	17	159	47.5412	2.4912	6.8240	2.813e-20	25000	0	4.000e-05	9.937e-05
K562	ILF3	Alu	Alu	antisense	10	36	47.5108	0.4196	23.8322	2.883e-11	25000	0	4.000e-05	9.937e-05
K562	EXOSC5	L1	L1PA15-16	antisense	13	28	46.4797	0.5566	23.3561	1.067e-13	25000	0	4.000e-05	9.937e-05
K562	EXOSC5	L1	L1PA8	antisense	31	67	46.1817	1.5475	20.0321	2.949e-33	25000	0	4.000e-05	9.937e-05
K562	SAFB2	L1	L1M8	sense	8	27	46.1496	0.4461	17.9324	8.408e-09	25000	0	4.000e-05	9.937e-05
K562	HNRNPC	Alu	AluJo	antisense	74	1069	44.8734	2.4390	30.3403	2.328e-89	25000	0	4.000e-05	9.937e-05
K562	NSUN2	Alu	AluSg	antisense	3	314	43.7893	0.0550	54.5058	2.800e-03	25000	0	4.000e-05	9.937e-05
K562	EXOSC5	L1	L1PA6	antisense	87	194	43.6060	3.2620	26.6711	6.200e-93	25000	0	4.000e-05	9.937e-05
K562	ILF3	Alu	AluJr4	sense	31	119	43.5156	2.9263	10.5935	6.866e-35	25000	0	4.000e-05	9.937e-05
K562	EXOSC5	L1	L1P3	antisense	17	38	43.4151	0.7089	23.9815	1.106e-17	25000	0	4.000e-05	9.937e-05
K562	EXOSC5	L1	L1PBa	antisense	27	61	42.5889	1.0360	26.0628	2.996e-28	25000	0	4.000e-05	9.937e-05
K562	ILF3	Alu	AluJb	sense	268	1080	40.7704	18.4778	14.5039	1.314e-301	25000	0	4.000e-05	9.937e-05
K562	KHDRBS1	L1	L1M4	sense	21	138	40.5998	3.3678	6.2355	1.621e-23	25000	0	4.000e-05	9.937e-05
K562	SAFB2	L1	L1PA7	sense	27	101	39.9911	3.4307	7.8701	2.639e-29	25000	0	4.000e-05	9.937e-05
K562	EXOSC5	L1	L1PA10	antisense	57	137	38.2117	2.4366	23.3933	2.458e-58	25000	0	4.000e-05	9.937e-05
K562	SAFB2	L1	L1MB4	sense	20	78	37.7949	2.9239	6.8401	3.491e-21	25000	0	4.000e-05	9.937e-05
K562	EXOSC5	L1	L1M3f	antisense	11	27	36.8709	0.4592	23.9568	8.821e-11	25000	0	4.000e-05	9.937e-05
K562	SAFB2	L1	L1ME1	sense	68	272	36.5351	9.2304	7.3670	1.964e-72	25000	0	4.000e-05	9.937e-05
K562	SAFB2	L1	L1PA8	sense	9	36	36.5351	0.9971	9.0260	3.113e-09	25000	0	4.000e-05	9.937e-05
K562	SAFB2	L1	L1MEi	sense	9	36	36.5351	0.6772	13.2892	3.113e-09	25000	0	4.000e-05	9.937e-05
K562	SAFB2	L1	L1MB3	sense	40	161	36.2331	5.1974	7.6961	2.679e-42	25000	0	4.000e-05	9.937e-05
K562	SAFB2	L1	L1MB8	sense	37	149	36.2089	4.4659	8.2850	4.344e-39	25000	0	4.000e-05	9.937e-05
K562	SAFB2	L1	L1MC2	sense	17	69	35.8325	1.5469	10.9899	1.296e-17	25000	0	4.000e-05	9.937e-05
K562	SAFB2	L1	L1MB7	sense	46	187	35.7577	6.4484	7.1335	1.832e-48	25000	0	4.000e-05	9.937e-05
K562	RBM22	L1	L1PA2	sense	5	41	35.2894	0.1502	33.2801	4.346e-05	25000	0	4.000e-05	9.937e-05
K562	ILF3	Alu	AluJr	sense	155	709	34.5611	12.0186	12.8966	2.687e-164	25000	0	4.000e-05	9.937e-05
K562	SAFB2	L1	L1MEd	sense	40	167	34.5213	5.0564	7.9108	1.313e-41	25000	0	4.000e-05	9.937e-05
K562	SAFB2	L1	L1PA4	sense	11	46	34.4474	1.1368	9.6759	3.977e-11	25000	0	4.000e-05	9.937e-05
K562	EXOSC5	L1	L1MA5	antisense	45	116	33.9911	1.9079	23.5859	2.554e-44	25000	0	4.000e-05	9.937e-05
K562	SAFB2	L1	L1PA13	sense	15	64	33.5526	1.5507	9.6732	3.669e-15	25000	0	4.000e-05	9.937e-05
K562	EXOSC5	L1	L1M3c	antisense	5	13	33.5190	0.2296	21.7808	1.525e-04	25000	0	4.000e-05	9.937e-05
K562	HNRNPC	Alu	AluSq	antisense	7	135	32.9965	0.3292	21.2611	3.319e-07	25000	0	4.000e-05	9.937e-05
K562	HNRNPC	Alu	AluJr	antisense	56	1085	32.8362	2.5490	21.9694	2.957e-60	25000	0	4.000e-05	9.937e-05
K562	KHSRP	L1	L1ME3C	antisense	37	60	32.4133	5.5742	6.6377	2.312e-31	25000	0	4.000e-05	9.937e-05
K562	ILF3	Alu	AluJo	sense	117	580	31.2155	11.4385	10.2286	2.804e-119	25000	0	4.000e-05	9.937e-05
K562	PTBP1	L1	L1MEh	antisense	16	52	31.0968	1.0438	15.3292	2.506e-15	25000	0	4.000e-05	9.937e-05
K562	AKAP1	Alu	AluSq	antisense	11	135	29.8896	0.5251	20.9476	5.585e-11	25000	0	4.000e-05	9.937e-05
K562	SAFB2	L1	L1MEg	sense	22	103	29.7693	3.5096	6.2684	1.830e-21	25000	0	4.000e-05	9.937e-05
K562	MATR3	L1	L1MCc	antisense	19	85	29.6319	0.8280	22.9480	2.194e-18	25000	0	4.000e-05	9.937e-05
K562	KHSRP	L1	L1ME4c	antisense	82	138	29.5036	11.2207	7.3079	2.407e-68	25000	0	4.000e-05	9.937e-05
K562	MATR3	L1	L1P2	antisense	12	54	29.4091	0.7138	16.8114	1.841e-11	25000	0	4.000e-05	9.937e-05
K562	PTBP1	L1	L1MEi	antisense	13	44	29.3414	1.2319	10.5530	3.849e-12	25000	0	4.000e-05	9.937e-05
K562	MATR3	L1	L1M8	antisense	7	32	28.8209	0.5350	13.0831	1.663e-06	25000	0	4.000e-05	9.937e-05
K562	AKAP1	Alu	AluSp	antisense	17	216	28.7836	1.0895	15.6038	7.211e-17	25000	0	4.000e-05	9.937e-05
K562	HNRNPC	Alu	AluJr4	antisense	12	264	28.7317	0.6206	19.3349	6.506e-12	25000	0	4.000e-05	9.937e-05
K562	SAFB2	L1	L1ME3A	sense	19	92	28.5274	4.0058	4.7431	3.494e-18	25000	0	4.000e-05	9.937e-05
K562	KHDRBS1	L1	L1ME1	sense	30	272	28.0412	5.5808	5.3756	1.566e-29	25000	0	4.000e-05	9.937e-05
K562	AKAP1	Alu	AluSx3	sense	10	131	27.8460	0.8774	11.3968	1.115e-09	25000	0	4.000e-05	9.937e-05
K562	MATR3	L1	L1PA6	antisense	41	194	27.5830	2.7960	14.6636	3.339e-39	25000	0	4.000e-05	9.937e-05
K562	QKI	L1	L1MA3	antisense	28	199	27.4931	2.2270	12.5727	4.294e-27	25000	0	4.000e-05	9.937e-05
K562	ILF3	Alu	AluJr4	antisense	48	264	27.4507	2.9006	16.5483	3.065e-46	25000	0	4.000e-05	9.937e-05
K562	PTBP1	L1	L1M8	antisense	9	32	27.3787	0.8367	10.7568	4.264e-08	25000	0	4.000e-05	9.937e-05
K562	EXOSC5	L1	L1PB4	antisense	26	78	26.8152	1.8784	13.8413	2.247e-23	25000	0	4.000e-05	9.937e-05
K562	SAFB2	L1	L1MC5	sense	22	112	26.7924	4.1172	5.3435	1.250e-20	25000	0	4.000e-05	9.937e-05
K562	SAFB2	L1	L1MD2	sense	29	149	26.4879	3.2059	9.0458	3.243e-27	25000	0	4.000e-05	9.937e-05
K562	SAFB2	L1	L1PA8A	sense	7	36	26.4564	0.6687	10.4684	2.564e-06	25000	0	4.000e-05	9.937e-05
K562	EXOSC5	L1	L1MA4A	antisense	94	286	26.2566	4.6522	20.2055	3.166e-85	25000	0	4.000e-05	9.937e-05
K562	KHSRP	L1	L1ME3E	antisense	45	80	25.9056	6.8215	6.5968	9.035e-36	25000	0	4.000e-05	9.937e-05
K562	ILF3	Alu	AluJr	antisense	188	1085	25.8900	11.9793	15.6937	2.795e-179	25000	0	4.000e-05	9.937e-05
K562	QKI	L1	L1MC5a	antisense	46	346	25.7453	3.3590	13.6944	1.073e-43	25000	0	4.000e-05	9.937e-05
K562	EXOSC5	L1	L1M2a	antisense	9	28	25.4039	0.4060	22.1697	1.051e-07	25000	0	4.000e-05	9.937e-05
K562	KHDRBS1	L1	L1MB8	sense	15	149	25.3208	2.6768	5.6037	5.428e-14	25000	0	4.000e-05	9.937e-05
K562	PTBP1	L1	L1M7	antisense	14	53	25.1167	0.9565	14.6370	2.309e-12	25000	0	4.000e-05	9.937e-05
K562	HNRNPL	L1	L1MA10	antisense	9	41	24.9689	0.8382	10.7378	6.178e-08	25000	0	4.000e-05	9.937e-05
K562	HNRNPM	L1	L1P2	antisense	12	54	24.5274	0.8492	14.1303	1.343e-10	25000	0	4.000e-05	9.937e-05
K562	SAFB2	Alu	Alu	sense	10	55	24.3567	0.4648	21.5165	7.305e-09	25000	0	4.000e-05	9.937e-05
K562	SAFB2	L1	L1MDb	sense	7	39	23.9761	0.3479	20.1196	4.506e-06	25000	0	4.000e-05	9.937e-05
K562	EXOSC5	L1	L1MA3	antisense	61	199	23.7062	3.5678	17.0976	4.994e-53	25000	0	4.000e-05	9.937e-05
K562	EXOSC5	L1	L1M2	antisense	94	308	23.5573	4.9183	19.1124	8.811e-82	25000	0	4.000e-05	9.937e-05
K562	LIN28B	Alu	AluYk3	sense	4	20	23.4897	0.1397	28.6369	2.843e-03	25000	0	4.000e-05	9.937e-05
K562	EXOSC5	L1	L1MA2	antisense	48	159	23.1915	2.3670	20.2792	2.754e-41	25000	0	4.000e-05	9.937e-05
K562	KHSRP	L1	L1M5	antisense	470	881	23.0412	70.8354	6.6351	0.000e+00	25000	0	4.000e-05	9.937e-05
K562	MATR3	L1	L1MEi	antisense	8	44	22.8737	0.7877	10.1559	7.920e-07	25000	0	4.000e-05	9.937e-05
K562	ILF3	Alu	AluJb	antisense	253	1626	22.7623	18.6254	13.5836	1.129e-229	25000	0	4.000e-05	9.937e-05
K562	ILF3	Alu	AluJo	antisense	166	1069	22.7084	11.4954	14.4406	5.135e-150	25000	0	4.000e-05	9.937e-05
K562	EXOSC5	L1	L1MA1	antisense	11	37	22.6898	0.8702	12.6402	4.314e-09	25000	0	4.000e-05	9.937e-05
K562	EXOSC5	L1	L1PB3	antisense	20	68	22.3460	1.3055	15.3196	1.117e-16	25000	0	4.000e-05	9.937e-05
K562	MATR3	L1	L1PA3	antisense	13	73	22.3019	0.9322	13.9461	3.693e-11	25000	0	4.000e-05	9.937e-05
K562	MATR3	L1	L1PA5	antisense	35	197	22.2384	2.8097	12.4568	1.326e-30	25000	0	4.000e-05	9.937e-05
K562	EXOSC5	L1	L1MA4	antisense	82	280	22.2106	4.3538	18.8339	1.279e-69	25000	0	4.000e-05	9.937e-05
K562	ILF3	Alu	AluSx	sense	62	408	22.1351	9.6037	6.4558	6.518e-55	25000	0	4.000e-05	9.937e-05
K562	MATR3	L1	L1PA7	antisense	51	289	22.0568	4.4666	11.4182	1.094e-44	25000	0	4.000e-05	9.937e-05
K562	KHSRP	L1	L1M3a	antisense	12	23	21.9805	1.6908	7.0971	1.013e-08	25000	0	4.000e-05	9.937e-05
K562	AKAP1	Alu	AluSp	sense	12	196	21.9742	1.0962	10.9465	1.432e-10	25000	0	4.000e-05	9.937e-05
K562	MATR3	L1	L1PA10	antisense	24	137	21.8616	2.0106	11.9367	1.070e-20	25000	0	4.000e-05	9.937e-05
K562	ILF3	Alu	AluSz6	sense	36	240	21.7991	4.8349	7.4459	1.853e-31	25000	0	4.000e-05	9.937e-05
K562	ILF3	Alu	AluSc8	sense	10	67	21.6716	1.5536	6.4368	1.757e-08	25000	0	4.000e-05	9.937e-05
K562	SAFB2	L1	L1ME3	sense	13	79	21.5889	2.2064	5.8921	4.828e-11	25000	0	4.000e-05	9.937e-05
K562	KHSRP	L1	L1ME3D	antisense	76	147	21.5677	9.9062	7.6720	4.511e-57	25000	0	4.000e-05	9.937e-05
K562	MATR3	L1	L1MEh	antisense	9	52	21.5439	0.6692	13.4489	1.577e-07	25000	0	4.000e-05	9.937e-05
K562	AKAP1	Alu	AluSq2	sense	14	233	21.5394	1.2976	10.7895	2.948e-12	25000	0	4.000e-05	9.937e-05
K562	HNRNPL	L1	L1MC4	antisense	119	612	21.4293	11.1698	10.6537	5.248e-103	25000	0	4.000e-05	9.937e-05
K562	MATR3	L1	L1M1	antisense	37	218	21.0413	3.1181	11.8661	1.261e-31	25000	0	4.000e-05	9.937e-05
K562	ILF3	Alu	AluSq	sense	11	76	20.9048	1.6485	6.6728	3.226e-09	25000	0	4.000e-05	9.937e-05
K562	KHSRP	L1	L1M6	antisense	29	57	20.8684	4.2949	6.7522	3.335e-21	25000	0	4.000e-05	9.937e-05
K562	KHSRP	L1	L1ME4a	antisense	259	510	20.7910	38.3421	6.7550	1.225e-193	25000	0	4.000e-05	9.937e-05
K562	MATR3	L1	L1PA8A	antisense	8	48	20.5864	0.9188	8.7074	1.574e-06	25000	0	4.000e-05	9.937e-05
K562	EXOSC5	L1	L1MA5A	antisense	23	83	20.5583	1.4097	16.3153	1.392e-18	25000	0	4.000e-05	9.937e-05
K562	ILF3	Alu	AluSz	sense	53	375	20.3323	8.7565	6.0527	3.626e-45	25000	0	4.000e-05	9.937e-05
K562	QKI	L1	L1MA2	antisense	17	159	20.1012	1.5060	11.2879	2.774e-14	25000	0	4.000e-05	9.937e-05
K562	ILF3	Alu	AluSc	sense	15	108	19.9239	2.5081	5.9807	2.150e-12	25000	0	4.000e-05	9.937e-05
K562	PTBP1	L1	L1MEg	antisense	69	315	19.6251	6.6896	10.3145	1.527e-56	25000	0	4.000e-05	9.937e-05
K562	KHSRP	L1	L1ME3Cz	antisense	119	242	19.4936	18.6633	6.3762	2.143e-86	25000	0	4.000e-05	9.937e-05
K562	KHSRP	L1	L1ME3	antisense	80	163	19.4205	13.9745	5.7247	8.444e-58	25000	0	4.000e-05	9.937e-05
K562	QKI	L1	L1MA4	antisense	29	280	19.3993	2.7917	10.3879	3.412e-24	25000	0	4.000e-05	9.937e-05
K562	HNRNPM	L1	L1MA2	antisense	29	159	19.1503	2.2734	12.7564	1.724e-23	25000	0	4.000e-05	9.937e-05
K562	KHSRP	L1	L1ME3G	antisense	136	280	19.0294	20.3140	6.6949	6.614e-98	25000	0	4.000e-05	9.937e-05
K562	ILF3	Alu	AluSg7	antisense	8	60	19.0043	0.7487	10.6855	2.404e-06	25000	0	4.000e-05	9.937e-05
K562	HNRNPL	L1	L1MC1	antisense	55	313	18.9256	5.5836	9.8502	8.113e-45	25000	0	4.000e-05	9.937e-05
K562	MATR3	L1	L1PA4	antisense	15	97	18.8290	1.4077	10.6555	5.258e-12	25000	0	4.000e-05	9.937e-05
K562	EXOSC5	L1	L1P2	antisense	14	54	18.7706	0.8137	17.2058	8.829e-11	25000	0	4.000e-05	9.937e-05
K562	KHSRP	L1	L1MD	antisense	88	186	18.0928	12.5838	6.9931	7.071e-62	25000	0	4.000e-05	9.937e-05
K562	ILF3	Alu	AluSx1	sense	54	423	18.0773	9.0712	5.9529	1.176e-43	25000	0	4.000e-05	9.937e-05
K562	KHSRP	L1	L1ME3F	antisense	61	129	18.0747	8.7872	6.9419	9.118e-43	25000	0	4.000e-05	9.937e-05
K562	AKAP1	Alu	AluSz	sense	19	375	17.9826	2.9364	6.4706	2.139e-15	25000	0	4.000e-05	9.937e-05
K562	KHDRBS1	L1	L1MC4	sense	18	246	17.8578	4.3038	4.1823	1.997e-14	25000	0	4.000e-05	9.937e-05
K562	ILF3	Alu	AluSg	sense	13	103	17.8430	2.8470	4.5663	3.419e-10	25000	0	4.000e-05	9.937e-05
K562	KHSRP	L1	L1ME3A	antisense	157	336	17.6724	25.2699	6.2129	6.914e-110	25000	0	4.000e-05	9.937e-05
K562	MATR3	L1	L1MA2	antisense	23	159	17.4076	1.8594	12.3693	6.948e-18	25000	0	4.000e-05	9.937e-05
K562	AKAP1	Alu	AluSq2	antisense	14	285	17.4063	1.2960	10.8028	4.225e-11	25000	0	4.000e-05	9.937e-05
K562	AKAP1	Alu	AluSx	sense	20	408	17.3679	3.1526	6.3441	6.010e-16	25000	0	4.000e-05	9.937e-05
K562	EXOSC5	L1	L1MDa	antisense	54	221	17.3416	4.1070	13.1483	3.905e-41	25000	0	4.000e-05	9.937e-05
K562	EXOSC5	L1	L1M1	antisense	53	218	17.2267	3.8542	13.7514	3.065e-40	25000	0	4.000e-05	9.937e-05
K562	ILF3	Alu	AluSx3	sense	16	131	17.1865	2.6895	5.9490	2.283e-12	25000	0	4.000e-05	9.937e-05
K562	MATR3	L1	L1MEg	antisense	45	315	17.1553	4.2601	10.5631	3.645e-35	25000	0	4.000e-05	9.937e-05
K562	KHSRP	L1	L1ME1	antisense	342	746	17.0567	57.6754	5.9297	6.810e-237	25000	0	4.000e-05	9.937e-05
K562	KHSRP	L1	L1M4a2	antisense	21	46	16.9250	3.7481	5.6028	4.781e-14	25000	0	4.000e-05	9.937e-05
K562	MATR3	L1	L1MEc	antisense	88	624	16.8993	8.5828	10.2531	9.689e-69	25000	0	4.000e-05	9.937e-05
K562	MATR3	L1	L1MDa	antisense	31	221	16.7941	3.1831	9.7389	8.002e-24	25000	0	4.000e-05	9.937e-05
K562	ILF3	Alu	AluSz6	antisense	52	436	16.7278	4.9326	10.5421	1.665e-40	25000	0	4.000e-05	9.937e-05
K562	QKI	L1	L1MC4a	antisense	22	243	16.7144	2.5294	8.6979	5.013e-17	25000	0	4.000e-05	9.937e-05
K562	MATR3	L1	L1PA11	antisense	11	80	16.4094	1.1902	9.2425	3.495e-08	25000	0	4.000e-05	9.937e-05
K562	KHSRP	L1	L1MA8	antisense	64	143	16.3231	10.4644	6.1160	4.925e-43	25000	0	4.000e-05	9.937e-05
K562	KHSRP	L1	L1ME5	antisense	32	72	16.1190	4.2983	7.4448	3.730e-21	25000	0	4.000e-05	9.937e-05
K562	KHSRP	L1	L1MC	antisense	49	111	15.9241	9.0858	5.3930	1.874e-32	25000	0	4.000e-05	9.937e-05
K562	PTBP1	L1	L1P2	antisense	10	54	15.9018	1.1920	8.3895	3.571e-07	25000	0	4.000e-05	9.937e-05
K562	SAFB2	Alu	AluJr4	sense	15	119	15.8084	3.0716	4.8835	4.484e-11	25000	0	4.000e-05	9.937e-05
K562	ILF3	Alu	AluSp	sense	22	196	15.6185	3.5696	6.1632	2.498e-16	25000	0	4.000e-05	9.937e-05
K562	MATR3	L1	L1PBa	antisense	8	61	15.5369	0.8556	9.3497	1.023e-05	25000	0	4.000e-05	9.937e-05
K562	ILF3	Alu	AluSx	antisense	99	888	15.4997	9.6866	10.2203	1.175e-74	25000	0	4.000e-05	9.937e-05
K562	ILF3	Alu	AluSq	antisense	15	135	15.4410	1.6052	9.3449	5.379e-11	25000	0	4.000e-05	9.937e-05
K562	QKI	L1	L1MA8	antisense	12	143	15.3805	1.4916	8.0453	8.426e-09	25000	0	4.000e-05	9.937e-05
K562	SAFB2	L1	L1M4c	sense	12	98	15.2938	1.1169	10.7438	1.147e-08	25000	0	4.000e-05	9.937e-05
K562	KHSRP	L1	L1ME3B	antisense	103	239	15.2598	18.0210	5.7156	1.617e-67	25000	0	4.000e-05	9.937e-05
K562	ILF3	Alu	AluSq2	antisense	31	285	15.0763	4.0650	7.6260	9.747e-23	25000	0	4.000e-05	9.937e-05
K562	AKAP1	Alu	AluY	antisense	12	285	14.8104	1.4066	8.5315	9.755e-09	25000	0	4.000e-05	9.937e-05
K562	MATR3	L1	L1MA3	antisense	25	199	14.7891	2.8018	8.9227	5.747e-18	25000	0	4.000e-05	9.937e-05
K562	TARDBP	L1	L1MD2	antisense	33	244	14.7157	5.0415	6.5456	1.064e-23	25000	0	4.000e-05	9.937e-05
K562	HNRNPL	L1	L1ME2z	antisense	24	169	14.6944	2.8966	8.2857	4.339e-17	25000	0	4.000e-05	9.937e-05
K562	QKI	L1	L1MA4A	antisense	23	286	14.6836	3.3726	6.8196	1.100e-16	25000	0	4.000e-05	9.937e-05
K562	TARDBP	L1	L1MC4	sense	33	246	14.5775	11.2158	2.9423	1.383e-23	25000	0	4.000e-05	9.937e-05
K562	MATR3	L1	L1M4a1	antisense	12	98	14.3626	1.0500	11.4290	2.265e-08	25000	0	4.000e-05	9.937e-05
K562	ILF3	Alu	AluSz	antisense	84	810	14.2925	8.7912	9.5550	1.132e-60	25000	0	4.000e-05	9.937e-05
K562	ILF3	Alu	AluSq2	sense	24	233	14.1850	4.0131	5.9804	5.615e-17	25000	0	4.000e-05	9.937e-05
K562	KHSRP	L1	L1M4	antisense	195	472	14.1842	34.7402	5.6131	3.232e-124	25000	0	4.000e-05	9.937e-05
K562	KHSRP	L1	L1MB4	antisense	102	248	14.0766	18.4442	5.5302	2.049e-64	25000	0	4.000e-05	9.937e-05
K562	HNRNPM	L1	L1MA3	antisense	28	199	14.0567	3.4275	8.1693	1.631e-19	25000	0	4.000e-05	9.937e-05
K562	QKI	L1	L1MA7	antisense	11	143	13.9920	1.5208	7.2330	1.176e-07	25000	0	4.000e-05	9.937e-05
K562	KHSRP	L1	L1MEi	antisense	18	44	13.9492	4.2384	4.2468	5.172e-11	25000	0	4.000e-05	9.937e-05
K562	AKAP1	Alu	AluSc	antisense	9	227	13.9102	0.8291	10.8554	2.818e-06	25000	0	4.000e-05	9.937e-05
K562	PTBP1	L1	L1MEd	antisense	79	477	13.8881	9.2292	8.5598	5.263e-55	25000	0	4.000e-05	9.937e-05
K562	EXOSC5	L1	L1M3	antisense	24	117	13.8401	2.1562	11.1309	3.646e-16	25000	0	4.000e-05	9.937e-05
K562	KHSRP	L1	L1ME2	antisense	120	296	13.7378	21.1241	5.6807	5.589e-75	25000	0	4.000e-05	9.937e-05
K562	MATR3	L1	L1MEd	antisense	56	477	13.6916	5.9655	9.3873	3.339e-39	25000	0	4.000e-05	9.937e-05
K562	AKAP1	Alu	AluSx3	antisense	9	231	13.6596	0.8828	10.1948	3.254e-06	25000	0	4.000e-05	9.937e-05
K562	KHSRP	L1	L1M4c	antisense	41	102	13.5426	6.9700	5.8823	3.846e-25	25000	0	4.000e-05	9.937e-05
K562	KHSRP	L1	L1M3	antisense	47	117	13.5285	8.5358	5.5062	7.010e-29	25000	0	4.000e-05	9.937e-05
K562	SAFB2	L1	L1MC4	sense	27	246	13.5130	7.3723	3.6623	1.415e-18	25000	0	4.000e-05	9.937e-05
K562	QKI	L1	L1MA9	antisense	16	215	13.4998	2.4785	6.4556	4.927e-11	25000	0	4.000e-05	9.937e-05
K562	AKAP1	Alu	AluY	sense	9	241	13.0708	1.4371	6.2627	4.613e-06	25000	0	4.000e-05	9.937e-05
K562	KHSRP	L1	L1ME4b	antisense	122	312	12.9377	24.9482	4.8901	4.557e-74	25000	0	4.000e-05	9.937e-05
K562	HNRNPL	L1	L1MC5a	antisense	44	346	12.9346	6.0641	7.2558	1.367e-29	25000	0	4.000e-05	9.937e-05
K562	ILF3	Alu	AluSx1	antisense	68	732	12.6505	9.0683	7.4987	6.310e-46	25000	0	4.000e-05	9.937e-05
K562	MATR3	L1	L1PA13	antisense	13	119	12.6237	2.0086	6.4723	1.758e-08	25000	0	4.000e-05	9.937e-05
K562	QKI	L1	L1MC3	antisense	15	215	12.5928	2.0303	7.3881	6.058e-10	25000	0	4.000e-05	9.937e-05
K562	ILF3	Alu	AluSx3	antisense	21	231	12.3528	2.6872	7.8147	9.292e-14	25000	0	4.000e-05	9.937e-05
K562	MATR3	L1	L1MA4	antisense	30	280	12.3518	3.4509	8.6933	1.210e-19	25000	0	4.000e-05	9.937e-05
K562	PTBP1	Alu	AluSc8	antisense	22	147	12.3143	2.5497	8.6284	4.163e-14	25000	0	4.000e-05	9.937e-05
K562	ILF3	Alu	AluSc8	antisense	13	147	11.9841	1.6006	8.1222	2.801e-08	25000	0	4.000e-05	9.937e-05
K562	AKAP1	Alu	AluSx1	antisense	25	732	11.9143	2.9517	8.4696	2.230e-16	25000	0	4.000e-05	9.937e-05
K562	KHSRP	L1	L1MB2	antisense	125	337	11.8802	22.0313	5.6738	1.085e-72	25000	0	4.000e-05	9.937e-05
K562	PTBP1	L1	L1MCc	antisense	12	85	11.5016	1.2960	9.2593	2.682e-07	25000	0	4.000e-05	9.937e-05
K562	EXOSC5	L1	L1MA6	antisense	16	92	11.2906	1.6314	9.8075	1.401e-09	25000	0	4.000e-05	9.937e-05
K562	KHSRP	L1	L1MEc	antisense	224	624	11.2833	43.4890	5.1507	2.325e-127	25000	0	4.000e-05	9.937e-05
K562	KHDRBS1	Alu	AluSq2	sense	11	233	11.2081	2.2015	4.9965	8.682e-07	25000	0	4.000e-05	9.937e-05
K562	ILF3	Alu	AluY	sense	20	241	11.1790	4.8364	4.1353	2.362e-12	25000	0	4.000e-05	9.937e-05
K562	AKAP1	Alu	AluSz	antisense	26	810	11.1739	2.9634	8.7738	2.082e-16	25000	0	4.000e-05	9.937e-05
K562	KHSRP	L1	L1MA7	antisense	51	143	11.1694	10.1523	5.0235	1.882e-28	25000	0	4.000e-05	9.937e-05
K562	PTBP1	Alu	AluSq2	antisense	39	285	11.0925	6.4690	6.0288	9.275e-24	25000	0	4.000e-05	9.937e-05
K562	KHSRP	L1	L1MEf	antisense	142	400	11.0897	27.6753	5.1309	1.050e-79	25000	0	4.000e-05	9.937e-05
K562	AKAP1	Alu	AluSg	antisense	10	314	11.0835	0.9198	10.8715	3.842e-06	25000	0	4.000e-05	9.937e-05
K562	PTBP1	Alu	AluJr4	antisense	36	264	11.0476	4.9652	7.2504	7.369e-22	25000	0	4.000e-05	9.937e-05
K562	PTBP1	Alu	AluJr	antisense	146	1085	10.8789	20.5155	7.1166	3.250e-89	25000	0	4.000e-05	9.937e-05
K562	KHSRP	L1	L1ME2z	antisense	59	169	10.8071	11.9933	4.9194	2.187e-32	25000	0	4.000e-05	9.937e-05
K562	EXOSC5	L1	L1MB1	antisense	18	108	10.7261	1.6172	11.1301	1.715e-10	25000	0	4.000e-05	9.937e-05
K562	PTBP1	Alu	AluSc5	antisense	7	53	10.6473	0.8795	7.9589	5.802e-04	25000	0	4.000e-05	9.937e-05
K562	HNRNPL	L1	L1MA9	antisense	23	215	10.6349	4.1934	5.4849	1.077e-13	25000	0	4.000e-05	9.937e-05
K562	MATR3	L1	L1MEf	antisense	37	400	10.4917	5.4620	6.7740	4.288e-22	25000	0	4.000e-05	9.937e-05
K562	KHSRP	L1	L1MA10	antisense	14	41	10.4475	3.5059	3.9933	2.530e-07	25000	0	4.000e-05	9.937e-05
K562	KHSRP	L1	L1M7	antisense	18	53	10.3622	3.2518	5.5355	1.899e-09	25000	0	4.000e-05	9.937e-05
K562	HNRNPL	L1	L1MB3	antisense	45	431	10.3498	7.9920	5.6306	1.311e-26	25000	0	4.000e-05	9.937e-05
K562	HNRNPL	L1	L1MB8	antisense	36	346	10.3098	6.8698	5.2403	3.649e-21	25000	0	4.000e-05	9.937e-05
K562	MATR3	L1	L1PA15	antisense	23	253	10.2932	4.1831	5.4983	1.751e-13	25000	0	4.000e-05	9.937e-05
K562	KHSRP	L1	L1MC4a	antisense	82	243	10.2621	17.9118	4.5780	6.397e-44	25000	0	4.000e-05	9.937e-05
K562	QKI	L1	L1MC5	antisense	21	366	10.2202	3.5586	5.9011	2.276e-12	25000	0	4.000e-05	9.937e-05
K562	MATR3	L1	L1PB1	antisense	30	333	10.1913	5.1157	5.8643	1.553e-17	25000	0	4.000e-05	9.937e-05
K562	KHSRP	L1	L1MEd	antisense	160	477	10.1697	31.4918	5.0807	1.210e-85	25000	0	4.000e-05	9.937e-05
K562	KHSRP	L1	L1MB8	antisense	114	346	9.9007	27.8933	4.0870	6.340e-60	25000	0	4.000e-05	9.937e-05
K562	PTBP1	Alu	AluSz6	antisense	54	436	9.8907	8.0770	6.6857	7.575e-31	25000	0	4.000e-05	9.937e-05
K562	MATR3	L1	L1MCa	antisense	22	255	9.7189	2.4521	8.9718	2.031e-12	25000	0	4.000e-05	9.937e-05
K562	HNRNPK	L1	L1MB5	antisense	12	236	9.6760	2.1182	5.6651	9.484e-07	25000	0	4.000e-05	9.937e-05
K562	TARDBP	L1	L1MA9	antisense	20	215	9.6504	4.2594	4.6955	3.430e-11	25000	0	4.000e-05	9.937e-05
K562	KHSRP	L1	L1MC2	antisense	42	130	9.6165	9.7711	4.2984	1.903e-21	25000	0	4.000e-05	9.937e-05
K562	PTBP1	Alu	AluSp	antisense	26	216	9.5745	5.5978	4.6446	2.153e-14	25000	0	4.000e-05	9.937e-05
K562	PTBP1	L1	L1M1	antisense	26	218	9.4748	5.0611	5.1372	2.684e-14	25000	0	4.000e-05	9.937e-05
K562	HNRNPL	L1	L1ME4b	antisense	30	312	9.4445	5.8573	5.1218	1.232e-16	25000	0	4.000e-05	9.937e-05
K562	MATR3	L1	L1MA7	antisense	12	143	9.4289	1.9739	6.0793	1.491e-06	25000	0	4.000e-05	9.937e-05
K562	KHSRP	L1	L1MB7	antisense	186	585	9.3927	40.7862	4.5604	4.429e-95	25000	0	4.000e-05	9.937e-05
K562	KHSRP	L1	L1MB5	antisense	75	236	9.3861	16.5245	4.5387	4.312e-38	25000	0	4.000e-05	9.937e-05
K562	KHSRP	L1	L1M4a1	antisense	31	98	9.3226	5.3718	5.7709	1.866e-15	25000	0	4.000e-05	9.937e-05
K562	ILF3	Alu	AluSg	antisense	22	314	9.3069	2.8501	7.7191	3.849e-12	25000	0	4.000e-05	9.937e-05
K562	HNRNPM	L1	L1MEf	antisense	39	400	9.2742	6.5578	5.9472	1.946e-21	25000	0	4.000e-05	9.937e-05
K562	PTBP1	Alu	AluJo	antisense	124	1069	9.1810	19.5376	6.3467	4.023e-68	25000	0	4.000e-05	9.937e-05
K562	EXOSC5	L1	L1MC2	antisense	19	130	9.1800	2.4502	7.7545	4.538e-10	25000	0	4.000e-05	9.937e-05
K562	KHSRP	L1	L1MEg	antisense	98	315	9.0995	21.8391	4.4874	6.585e-49	25000	0	4.000e-05	9.937e-05
K562	PTBP1	Alu	AluJb	antisense	187	1626	9.0924	31.7009	5.8989	1.970e-102	25000	0	4.000e-05	9.937e-05
K562	HNRNPL	L1	L1ME3G	antisense	26	280	9.0876	4.8466	5.3646	4.893e-14	25000	0	4.000e-05	9.937e-05
K562	PTBP1	Alu	AluSx	antisense	102	888	9.0798	15.6723	6.5083	1.584e-55	25000	0	4.000e-05	9.937e-05
K562	PTBP1	Alu	AluSz	antisense	93	810	9.0753	14.4784	6.4234	1.439e-50	25000	0	4.000e-05	9.937e-05
K562	PTBP1	Alu	AluSx1	antisense	83	732	8.9481	14.6775	5.6549	1.093e-44	25000	0	4.000e-05	9.937e-05
K562	EXOSC5	L1	L1MD1	antisense	25	177	8.8208	3.0848	8.1043	5.880e-13	25000	0	4.000e-05	9.937e-05
K562	HNRNPL	L1	L1MC5	antisense	33	366	8.7979	6.2840	5.2515	1.746e-17	25000	0	4.000e-05	9.937e-05
K562	QKI	L1	L1MEc	antisense	31	624	8.7774	6.5392	4.7406	1.232e-16	25000	0	4.000e-05	9.937e-05
K562	PTBP1	Alu	AluSg	antisense	35	314	8.7773	4.5878	7.6290	2.244e-18	25000	0	4.000e-05	9.937e-05
K562	ILF3	Alu	AluSc	antisense	15	227	8.7402	2.5074	5.9822	7.183e-08	25000	0	4.000e-05	9.937e-05
K562	MATR3	L1	L1M2	antisense	24	308	8.6985	4.0654	5.9035	1.294e-12	25000	0	4.000e-05	9.937e-05
K562	EXOSC5	L1	L1MA9	antisense	30	215	8.6968	4.2822	7.0058	1.914e-15	25000	0	4.000e-05	9.937e-05
K562	PTBP1	Alu	AluSc	antisense	25	227	8.6594	4.1370	6.0431	6.013e-13	25000	0	4.000e-05	9.937e-05
K562	SAFB2	Alu	AluSq2	sense	17	233	8.6263	4.2597	3.9909	7.584e-09	25000	0	4.000e-05	9.937e-05
K562	HNRNPL	L1	L1MC3	antisense	19	215	8.6061	3.4108	5.5705	7.683e-10	25000	0	4.000e-05	9.937e-05
K562	KHSRP	L1	L1MC5a	antisense	102	346	8.4229	25.6519	3.9763	1.722e-48	25000	0	4.000e-05	9.937e-05
K562	KHSRP	L1	L1MB3	antisense	126	431	8.3238	32.2546	3.9064	1.528e-59	25000	0	4.000e-05	9.937e-05
K562	KHSRP	L1	L1MD2	antisense	71	244	8.2692	20.0161	3.5471	3.120e-33	25000	0	4.000e-05	9.937e-05
K562	MATR3	L1	L1M4	antisense	35	472	8.2440	6.7400	5.1928	8.125e-18	25000	0	4.000e-05	9.937e-05
K562	HNRNPL	L1	L1ME4a	antisense	43	510	8.1745	9.0596	4.7463	9.613e-22	25000	0	4.000e-05	9.937e-05
K562	KHSRP	L1	L1MEh	antisense	15	52	8.1684	3.5915	4.1765	9.151e-07	25000	0	4.000e-05	9.937e-05
K562	KHSRP	L1	L1MA9	antisense	62	215	8.1649	16.8225	3.6855	9.854e-29	25000	0	4.000e-05	9.937e-05
K562	PTBP1	Alu	AluSq	antisense	14	135	8.0955	2.5968	5.3912	7.801e-07	25000	0	4.000e-05	9.937e-05
K562	EXOSC5	L1	L1MC1	antisense	41	313	8.0840	5.6821	7.2156	3.578e-20	25000	0	4.000e-05	9.937e-05
K562	PTBP1	L1	L1MCa	antisense	26	255	7.9439	3.9963	6.5060	1.091e-12	25000	0	4.000e-05	9.937e-05
K562	KHSRP	L1	L1MC5	antisense	103	366	7.8910	26.2034	3.9308	6.601e-47	25000	0	4.000e-05	9.937e-05
K562	HNRNPL	L1	L1MB5	antisense	19	236	7.7732	4.1030	4.6308	3.711e-09	25000	0	4.000e-05	9.937e-05
K562	PTBP1	Alu	AluSx3	antisense	23	231	7.7368	4.3516	5.2854	5.302e-11	25000	0	4.000e-05	9.937e-05
K562	PTBP1	L1	L1PA6	antisense	19	194	7.5965	4.6794	4.0604	6.202e-09	25000	0	4.000e-05	9.937e-05
K562	QKI	L1	L1ME4a	antisense	22	510	7.5694	5.0178	4.3844	1.404e-10	25000	0	4.000e-05	9.937e-05
K562	QKI	L1	L1MCa	antisense	11	255	7.5694	1.9357	5.6828	3.525e-05	25000	0	4.000e-05	9.937e-05
K562	XRCC6	Alu	AluJr4	antisense	12	264	7.5491	2.2426	5.3510	1.170e-05	25000	0	4.000e-05	9.937e-05
K562	KHSRP	L1	L1MA6	antisense	25	92	7.5182	6.3468	3.9390	8.329e-11	25000	0	4.000e-05	9.937e-05
K562	HNRNPL	L1	L1ME2	antisense	23	296	7.4795	5.2698	4.3645	8.139e-11	25000	0	4.000e-05	9.937e-05
K562	EXOSC5	L1	L1MB8	antisense	42	346	7.4095	7.0746	5.9368	2.090e-19	25000	0	4.000e-05	9.937e-05
K562	AKAP1	Alu	AluSx	antisense	19	888	7.3669	3.1560	6.0204	5.336e-09	25000	0	4.000e-05	9.937e-05
K562	KHSRP	L1	L1MC4	antisense	162	612	7.2536	46.2331	3.5040	9.060e-70	25000	0	4.000e-05	9.937e-05
K562	EXOSC5	L1	L1M4	antisense	56	472	7.2195	8.9328	6.2690	1.743e-25	25000	0	4.000e-05	9.937e-05
K562	HNRNPL	L1	L1MC4a	antisense	18	243	7.1023	4.3324	4.1547	4.264e-08	25000	0	4.000e-05	9.937e-05
K562	EXOSC5	L1	L1MB4	antisense	29	248	7.1017	4.6746	6.2037	6.418e-13	25000	0	4.000e-05	9.937e-05
K562	PTBP1	L1	L1MEc	antisense	57	624	7.0338	13.6251	4.1835	1.063e-25	25000	0	4.000e-05	9.937e-05
K562	EXOSC5	Alu	AluY	antisense	33	285	7.0230	6.4964	5.0797	1.336e-14	25000	0	4.000e-05	9.937e-05
K562	EXOSC5	L1	L1MB5	antisense	27	236	6.9283	4.1990	6.4302	8.550e-12	25000	0	4.000e-05	9.937e-05
K562	TARDBP	L1	L1MB4	antisense	17	248	6.9245	4.5753	3.7156	1.684e-07	25000	0	4.000e-05	9.937e-05
K562	QKI	L1	L1MB7	antisense	23	585	6.8715	5.8878	3.9064	2.818e-10	25000	0	4.000e-05	9.937e-05
K562	QKI	L1	L1MC4	antisense	24	612	6.8532	6.3211	3.7968	1.043e-10	25000	0	4.000e-05	9.937e-05
K562	MATR3	Alu	AluSz6	antisense	27	436	6.7950	5.5598	4.8563	7.223e-12	25000	0	4.000e-05	9.937e-05
K562	EXOSC5	L1	L1M4a1	antisense	11	98	6.7809	1.3536	8.1262	1.326e-04	25000	0	4.000e-05	9.937e-05
K562	MATR3	L1	L1MC1	antisense	19	313	6.6521	4.3640	4.3538	3.710e-08	25000	0	4.000e-05	9.937e-05
K562	XRCC6	Alu	AluJo	antisense	43	1069	6.6441	8.8594	4.8536	7.883e-19	25000	0	4.000e-05	9.937e-05
K562	EXOSC5	L1	L1MB7	antisense	64	585	6.5880	10.2409	6.2494	3.488e-27	25000	0	4.000e-05	9.937e-05
K562	QKI	L1	L1M5	antisense	33	881	6.5340	9.6622	3.4154	3.162e-14	25000	0	4.000e-05	9.937e-05
K562	XRCC6	Alu	AluSz	antisense	32	810	6.5205	6.3683	5.0249	9.292e-14	25000	0	4.000e-05	9.937e-05
K562	UPF1	Alu	AluSq2	sense	26	233	6.5106	8.5642	3.0359	8.472e-11	25000	0	4.000e-05	9.937e-05
K562	XRCC6	Alu	AluSz6	antisense	17	436	6.4320	3.5955	4.7282	3.818e-07	25000	0	4.000e-05	9.937e-05
K562	KHSRP	L1	L1MB1	antisense	26	108	6.3886	6.4178	4.0512	5.751e-10	25000	0	4.000e-05	9.937e-05
K562	EXOSC5	L1	L1MCa	antisense	27	255	6.3510	3.1727	8.5100	5.214e-11	25000	0	4.000e-05	9.937e-05
K562	KHSRP	L1	L1MC1	antisense	75	313	6.3494	22.3834	3.3507	5.071e-29	25000	0	4.000e-05	9.937e-05
K562	SAFB2	Alu	AluJr	sense	38	709	6.2072	12.6198	3.0112	1.347e-15	25000	0	4.000e-05	9.937e-05
K562	XRCC6	Alu	AluSx	antisense	33	888	6.1187	6.8353	4.8279	1.836e-13	25000	0	4.000e-05	9.937e-05
K562	UPF1	Alu	AluSx	sense	43	408	6.1065	20.6972	2.0776	4.898e-17	25000	0	4.000e-05	9.937e-05
K562	EXOSC5	L1	L1MD	antisense	19	186	6.1017	3.2031	5.9318	1.927e-07	25000	0	4.000e-05	9.937e-05
K562	AKAP1	Alu	AluJr	antisense	19	1085	6.0054	4.2467	4.4740	1.276e-07	25000	0	4.000e-05	9.937e-05
K562	HNRNPM	L1	L1MB2	antisense	22	337	5.9956	5.1513	4.2708	1.184e-08	25000	0	4.000e-05	9.937e-05
K562	SAFB2	Alu	AluJo	sense	30	580	5.9785	12.1126	2.4768	6.749e-12	25000	0	4.000e-05	9.937e-05
K562	KHSRP	L1	L1MD1	antisense	40	177	5.8829	12.2170	3.2741	1.999e-14	25000	0	4.000e-05	9.937e-05
K562	XRCC6	Alu	AluJb	antisense	58	1626	5.8640	14.4744	4.0071	5.662e-23	25000	0	4.000e-05	9.937e-05
K562	XRCC6	Alu	AluSx1	antisense	26	732	5.8382	6.3920	4.0676	3.740e-10	25000	0	4.000e-05	9.937e-05
K562	EXOSC5	Alu	AluSq	antisense	13	135	5.7147	2.3773	5.4684	9.564e-05	25000	0	4.000e-05	9.937e-05
K562	EXOSC5	L1	L1MB3	antisense	41	431	5.6381	8.2776	4.9531	3.512e-15	25000	0	4.000e-05	9.937e-05
K562	UPF1	Alu	AluSp	antisense	21	216	5.5821	7.4674	2.8122	1.281e-07	25000	0	4.000e-05	9.937e-05
K562	AGGF1	L1	L1MC4	antisense	30	612	5.5662	8.2088	3.6546	3.693e-11	25000	0	4.000e-05	9.937e-05
K562	PTBP1	Alu	AluY	antisense	21	285	5.5656	7.2538	2.8950	1.114e-07	25000	0	4.000e-05	9.937e-05
K562	HNRNPL	L1	L1MB7	antisense	33	585	5.3074	10.0948	3.2690	1.024e-11	25000	0	4.000e-05	9.937e-05
K562	HNRNPL	L1	L1ME1	antisense	42	746	5.2964	14.3133	2.9343	6.354e-15	25000	0	4.000e-05	9.937e-05
K562	UPF1	Alu	AluSc	antisense	21	227	5.2841	5.3981	3.8903	3.027e-07	25000	0	4.000e-05	9.937e-05
K562	KHSRP	L1	L1MA4	antisense	58	280	5.2641	17.1648	3.3790	4.593e-19	25000	0	4.000e-05	9.937e-05
K562	KHSRP	L1	L1MC3	antisense	44	215	5.1845	13.6756	3.2174	3.162e-14	25000	0	4.000e-05	9.937e-05
K562	EXOSC5	L1	L1MEc	antisense	55	624	5.1840	11.1425	4.9360	6.600e-19	25000	0	4.000e-05	9.937e-05
K562	PTBP1	L1	L1MC4	antisense	42	612	5.1555	13.4199	3.1297	1.896e-14	25000	0	4.000e-05	9.937e-05
K562	AKAP1	Alu	AluJb	antisense	24	1626	5.0477	6.6082	3.6318	3.055e-08	25000	0	4.000e-05	9.937e-05
K562	SAFB2	Alu	AluJb	sense	47	1080	4.9869	19.5352	2.4059	7.543e-16	25000	0	4.000e-05	9.937e-05
K562	EXOSC5	Alu	AluSz6	antisense	37	436	4.9732	7.7983	4.7446	3.564e-12	25000	0	4.000e-05	9.937e-05
K562	MATR3	L1	L1MC4	antisense	28	612	4.9351	8.6739	3.2281	2.799e-09	25000	0	4.000e-05	9.937e-05
K562	TARDBP	Alu	AluJr	antisense	54	1085	4.9282	17.6125	3.0660	5.775e-18	25000	0	4.000e-05	9.937e-05
K562	AGGF1	Alu	AluJb	sense	47	1080	4.9132	21.3140	2.2051	1.298e-15	25000	0	4.000e-05	9.937e-05
K562	KHSRP	L1	L1M1	antisense	42	218	4.8082	15.0274	2.7949	1.248e-12	25000	0	4.000e-05	9.937e-05
K562	MATR3	Alu	AluJr	antisense	48	1085	4.7644	13.9237	3.4474	1.885e-15	25000	0	4.000e-05	9.937e-05
K562	EIF4G2	Alu	AluJb	antisense	54	1626	4.6759	16.3281	3.3072	3.650e-17	25000	0	4.000e-05	9.937e-05
K562	EXOSC5	Alu	AluJr4	antisense	21	264	4.6347	4.7919	4.3824	2.233e-06	25000	0	4.000e-05	9.937e-05
K562	UPF1	Alu	AluSq2	antisense	23	285	4.5503	8.5994	2.6746	7.447e-07	25000	0	4.000e-05	9.937e-05
K562	TARDBP	Alu	AluJb	antisense	75	1626	4.5499	27.1416	2.7633	4.143e-23	25000	0	4.000e-05	9.937e-05
K562	HNRNPM	L1	L1MEd	antisense	24	477	4.5481	7.2470	3.3117	2.879e-07	25000	0	4.000e-05	9.937e-05
K562	EXOSC5	L1	L1MEf	antisense	31	400	4.5055	6.9727	4.4459	3.274e-09	25000	0	4.000e-05	9.937e-05
K562	KHSRP	L1	L1M2	antisense	56	308	4.4775	19.4786	2.8749	1.013e-15	25000	0	4.000e-05	9.937e-05
K562	UPF1	Alu	AluSx1	antisense	57	732	4.3771	19.4198	2.9352	1.663e-16	25000	0	4.000e-05	9.937e-05
K562	TARDBP	Alu	AluJo	antisense	47	1069	4.3271	16.8060	2.7966	1.180e-13	25000	0	4.000e-05	9.937e-05
K562	UPF1	Alu	AluSz	antisense	62	810	4.2964	18.8813	3.2837	1.327e-17	25000	0	4.000e-05	9.937e-05
K562	EXOSC5	Alu	AluSx3	antisense	17	231	4.2604	4.1064	4.1399	1.111e-04	25000	0	4.000e-05	9.937e-05
K562	MATR3	Alu	AluSx1	antisense	29	732	4.2461	10.2440	2.8309	3.298e-08	25000	0	4.000e-05	9.937e-05
K562	KHSRP	L1	L1MCa	antisense	43	255	4.0868	12.2870	3.4996	6.308e-11	25000	0	4.000e-05	9.937e-05
K562	EXOSC5	Alu	AluSz	antisense	57	810	4.0597	13.7848	4.1350	3.372e-15	25000	0	4.000e-05	9.937e-05
K562	EIF4G2	Alu	AluJr	antisense	30	1085	3.8708	10.5220	2.8512	1.143e-07	25000	0	4.000e-05	9.937e-05
K562	XRCC6	Alu	AluJr	antisense	25	1085	3.7389	9.3686	2.6685	4.056e-06	25000	0	4.000e-05	9.937e-05
K562	MATR3	Alu	AluJb	antisense	54	1626	3.5358	21.4997	2.5117	2.351e-12	25000	0	4.000e-05	9.937e-05
K562	EXOSC5	Alu	AluSx	antisense	53	888	3.4041	14.7734	3.5875	2.439e-11	25000	0	4.000e-05	9.937e-05
K562	EXOSC5	Alu	AluSx1	antisense	43	732	3.3470	13.7781	3.1209	5.608e-09	25000	0	4.000e-05	9.937e-05
K562	MATR3	Alu	AluJo	antisense	31	1069	3.0741	13.2458	2.3404	8.714e-06	25000	0	4.000e-05	9.937e-05
K562	UPF1	Alu	AluSx	antisense	44	888	2.7023	20.7196	2.1236	1.295e-06	25000	0	4.000e-05	9.937e-05
K562	EXOSC5	Alu	AluJo	antisense	50	1069	2.6315	18.7350	2.6688	3.413e-07	25000	0	4.000e-05	9.937e-05
K562	UPF1	Alu	AluJr	antisense	51	1085	2.5566	25.7696	1.9791	5.882e-07	25000	0	4.000e-05	9.937e-05
K562	EXOSC5	Alu	AluJb	antisense	72	1626	2.4848	30.5563	2.3563	2.324e-09	25000	0	4.000e-05	9.937e-05
K562	SAFB2	L1	L1PA15-16	sense	8	9	876.8420	0.3295	24.2777	5.815e-14	25000	1	8.000e-05	1.682e-04
K562	HNRNPM	L1	L1M3b	antisense	8	13	137.3536	0.2573	31.0897	4.519e-11	25000	1	8.000e-05	1.682e-04
K562	KHDRBS1	L1	L1MC	sense	12	40	96.9425	0.8538	14.0555	4.784e-17	25000	1	8.000e-05	1.682e-04
K562	SAFB2	L1	L1MB1	sense	10	27	64.4737	0.9940	10.0608	3.499e-12	25000	1	8.000e-05	1.682e-04
K562	KHDRBS1	L1	L1ME3C	sense	6	28	61.6907	0.5210	11.5154	2.189e-07	25000	1	8.000e-05	1.682e-04
K562	SAFB2	L1	L1PA17	sense	12	37	52.6105	1.3598	8.8248	6.488e-14	25000	1	8.000e-05	1.682e-04
K562	SAFB	L1	L1MDa	sense	9	86	46.4154	0.9389	9.5855	1.706e-10	25000	1	8.000e-05	1.682e-04
K562	HNRNPM	L1	L1PBa	antisense	21	61	45.0692	1.0060	20.8739	3.621e-23	25000	1	8.000e-05	1.682e-04
K562	KHDRBS1	L1	L1MC2	sense	11	69	42.8998	1.0027	10.9702	2.283e-12	25000	1	8.000e-05	1.682e-04
K562	HNRNPM	L1	L1M2a	antisense	9	28	40.6639	0.4082	22.0480	2.097e-09	25000	1	8.000e-05	1.682e-04
K562	KHDRBS1	L1	L1ME3	sense	12	79	40.5133	1.3383	8.9667	2.842e-13	25000	1	8.000e-05	1.682e-04
K562	SAFB	L1	L1M4	sense	11	138	34.3953	1.9725	5.5767	1.320e-11	25000	1	8.000e-05	1.682e-04
K562	KHDRBS1	L1	L1MDa	sense	11	86	33.1759	1.6122	6.8231	2.659e-11	25000	1	8.000e-05	1.682e-04
K562	SAFB2	L1	L1ME3B	sense	15	69	30.4459	2.8624	5.2404	1.227e-14	25000	1	8.000e-05	1.682e-04
K562	KHDRBS1	L1	L1ME4a	sense	18	158	29.0827	3.4027	5.2899	8.570e-18	25000	1	8.000e-05	1.682e-04
K562	SAFB2	L1	L1MC3	sense	13	67	26.3864	2.1658	6.0024	5.521e-12	25000	1	8.000e-05	1.682e-04
K562	HNRNPM	L1	L1PA15	antisense	59	253	26.1078	5.0754	11.6248	6.518e-55	25000	1	8.000e-05	1.682e-04
K562	HNRNPM	L1	L1PA14	antisense	16	70	25.4359	1.2289	13.0200	2.002e-14	25000	1	8.000e-05	1.682e-04
K562	HNRNPM	L1	L1PA10	antisense	31	137	25.1059	2.4242	12.7877	3.532e-28	25000	1	8.000e-05	1.682e-04
K562	HNRNPM	L1	L1PA13	antisense	25	119	22.8314	2.4575	10.1729	8.917e-22	25000	1	8.000e-05	1.682e-04
K562	SAFB2	L1	L1MB5	sense	13	78	21.9210	2.6631	4.8815	4.137e-11	25000	1	8.000e-05	1.682e-04
K562	HNRNPM	L1	L1M2	antisense	62	308	21.6360	4.9243	12.5906	1.609e-53	25000	1	8.000e-05	1.682e-04
K562	HNRNPM	L1	L1MCc	antisense	17	85	21.4615	0.9980	17.0341	2.522e-14	25000	1	8.000e-05	1.682e-04
K562	HNRNPM	L1	L1MDa	antisense	44	221	21.3402	3.9078	11.2595	1.220e-37	25000	1	8.000e-05	1.682e-04
K562	HNRNPM	L1	L1MA4A	antisense	56	286	20.9016	4.7335	11.8306	1.422e-47	25000	1	8.000e-05	1.682e-04
K562	HNRNPM	L1	L1PB1	antisense	65	333	20.8209	6.1772	10.5225	3.251e-55	25000	1	8.000e-05	1.682e-04
K562	HNRNPM	L1	L1PA5	antisense	38	197	20.5167	3.3992	11.1792	7.166e-32	25000	1	8.000e-05	1.682e-04
K562	HNRNPM	L1	L1PA17	antisense	19	99	20.3884	2.1507	8.8344	1.090e-15	25000	1	8.000e-05	1.682e-04
K562	HNRNPM	L1	L1PB3	antisense	13	68	20.2909	1.3327	9.7548	1.229e-10	25000	1	8.000e-05	1.682e-04
K562	HNRNPM	L1	L1PA11	antisense	15	80	19.8106	1.4687	10.2130	3.533e-12	25000	1	8.000e-05	1.682e-04
K562	HNRNPM	L1	L1PA8A	antisense	9	48	19.8106	1.0925	8.2381	3.409e-07	25000	1	8.000e-05	1.682e-04
K562	HNRNPM	L1	L1PA3	antisense	13	73	18.6000	1.1287	11.5175	3.097e-10	25000	1	8.000e-05	1.682e-04
K562	HNRNPM	L1	L1P4	antisense	11	62	18.5158	1.0950	10.0457	1.351e-08	25000	1	8.000e-05	1.682e-04
K562	HNRNPM	L1	L1M1	antisense	37	218	17.5486	3.7490	9.8694	6.468e-29	25000	1	8.000e-05	1.682e-04
K562	HNRNPM	L1	L1PA6	antisense	32	194	16.9572	3.3800	9.4676	1.547e-24	25000	1	8.000e-05	1.682e-04
K562	HNRNPM	L1	L1MA5A	antisense	13	83	15.9428	1.3758	9.4490	1.626e-09	25000	1	8.000e-05	1.682e-04
K562	HNRNPM	L1	L1PA7	antisense	44	289	15.4172	5.4185	8.1203	2.187e-32	25000	1	8.000e-05	1.682e-04
K562	HNRNPM	L1	L1MA5	antisense	17	116	14.7412	1.8061	9.4124	4.867e-12	25000	1	8.000e-05	1.682e-04
K562	HNRNPM	L1	L1PA4	antisense	14	97	14.4800	1.6847	8.3100	8.670e-10	25000	1	8.000e-05	1.682e-04
K562	HNRNPM	L1	L1PREC2	antisense	24	167	14.4077	2.5974	9.2402	6.726e-17	25000	1	8.000e-05	1.682e-04
K562	HNRNPM	L1	L1PA16	antisense	39	274	14.2468	5.8178	6.7035	1.553e-27	25000	1	8.000e-05	1.682e-04
K562	HNRNPM	L1	L1MA4	antisense	35	280	12.2637	4.1880	8.3573	9.529e-23	25000	1	8.000e-05	1.682e-04
K562	MATR3	L1	L1MA4A	antisense	26	286	10.2932	3.9065	6.6555	2.912e-15	25000	1	8.000e-05	1.682e-04
K562	HNRNPM	L1	L1M4	antisense	49	472	9.9443	8.2233	5.9587	2.884e-28	25000	1	8.000e-05	1.682e-04
K562	HNRNPM	L1	L1M3	antisense	12	117	9.8110	2.0200	5.9405	1.106e-06	25000	1	8.000e-05	1.682e-04
K562	HNRNPM	L1	L1MD1	antisense	18	177	9.7184	2.8551	6.3046	4.441e-10	25000	1	8.000e-05	1.682e-04
K562	HNRNPM	L1	L1MCa	antisense	25	255	9.3311	2.9944	8.3488	1.030e-13	25000	1	8.000e-05	1.682e-04
K562	HNRNPM	L1	L1MA7	antisense	13	143	8.5846	2.4323	5.3447	1.196e-06	25000	1	8.000e-05	1.682e-04
K562	EXOSC5	L1	L1M4c	antisense	14	102	8.5321	1.7941	7.8033	5.250e-07	25000	1	8.000e-05	1.682e-04
K562	QKI	L1	L1MEg	antisense	15	315	8.3952	3.2214	4.6564	1.054e-07	25000	1	8.000e-05	1.682e-04
K562	KHSRP	L1	L1MD3	antisense	24	82	8.3374	6.6401	3.6144	4.163e-11	25000	1	8.000e-05	1.682e-04
K562	HNRNPM	L1	L1M4b	antisense	12	136	8.3077	1.4618	8.2091	5.536e-06	25000	1	8.000e-05	1.682e-04
K562	AKAP1	Alu	AluJr	sense	17	709	8.2774	4.2603	3.9903	9.406e-09	25000	1	8.000e-05	1.682e-04
K562	QKI	L1	L1MB8	antisense	16	346	8.1408	4.0185	3.9816	4.707e-08	25000	1	8.000e-05	1.682e-04
K562	ILF3	Alu	AluSp	antisense	13	216	7.9107	3.5200	3.6932	2.464e-06	25000	1	8.000e-05	1.682e-04
K562	QKI	L1	L1ME3A	antisense	15	336	7.8460	3.6635	4.0944	2.433e-07	25000	1	8.000e-05	1.682e-04
K562	HNRNPM	L1	L1MB5	antisense	19	236	7.5165	3.8995	4.8724	6.334e-09	25000	1	8.000e-05	1.682e-04
K562	HNRNPM	L1	L1MEc	antisense	50	624	7.4779	10.4888	4.7670	1.012e-23	25000	1	8.000e-05	1.682e-04
K562	EXOSC5	L1	L1MCc	antisense	10	85	7.1507	1.0929	9.1501	2.405e-04	25000	1	8.000e-05	1.682e-04
K562	EXOSC5	L1	L1MC	antisense	12	111	6.5007	2.2591	5.3118	7.105e-05	25000	1	8.000e-05	1.682e-04
K562	EXOSC5	L1	L1MA7	antisense	15	143	6.2848	2.5490	5.8847	5.510e-06	25000	1	8.000e-05	1.682e-04
K562	AGGF1	Alu	AluJo	sense	31	580	6.0975	13.2061	2.3474	1.700e-12	25000	1	8.000e-05	1.682e-04
K562	QKI	L1	L1MEd	antisense	16	477	5.8275	4.4001	3.6363	3.559e-06	25000	1	8.000e-05	1.682e-04
K562	KHSRP	L1	L1MA5	antisense	26	116	5.8208	7.5090	3.4625	3.097e-09	25000	1	8.000e-05	1.682e-04
K562	MATR3	L1	L1MB2	antisense	18	337	5.8081	4.2535	4.2318	6.989e-07	25000	1	8.000e-05	1.682e-04
K562	PTBP1	L1	L1MEf	antisense	30	400	5.6731	8.6884	3.4529	3.187e-11	25000	1	8.000e-05	1.682e-04
K562	KHSRP	L1	L1MDa	antisense	48	221	5.5904	16.1228	2.9772	1.295e-16	25000	1	8.000e-05	1.682e-04
K562	TARDBP	L1	L1MCa	antisense	14	255	5.4659	3.2525	4.3044	5.162e-05	25000	1	8.000e-05	1.682e-04
K562	HNRNPM	L1	L1MB7	antisense	34	585	5.2972	9.4490	3.5983	4.824e-12	25000	1	8.000e-05	1.682e-04
K562	HNRNPM	L1	L1ME1	antisense	43	746	5.2509	13.7487	3.1276	3.762e-15	25000	1	8.000e-05	1.682e-04
K562	MATR3	L1	L1MB3	antisense	19	431	4.7469	6.2538	3.0382	5.231e-06	25000	1	8.000e-05	1.682e-04
K562	MATR3	L1	L1ME1	antisense	32	746	4.6132	11.2311	2.8492	6.282e-10	25000	1	8.000e-05	1.682e-04
K562	EXOSC5	Alu	AluSp	antisense	17	216	4.5815	5.1094	3.3272	4.617e-05	25000	1	8.000e-05	1.682e-04
K562	UPF1	Alu	AluJr	sense	54	709	4.2734	25.8422	2.0896	3.162e-15	25000	1	8.000e-05	1.682e-04
K562	EXOSC5	Alu	AluSg	antisense	15	314	2.6905	4.3616	3.4391	3.422e-02	25000	1	8.000e-05	1.682e-04
K562	HNRNPM	L1	L1M2c	antisense	6	12	85.8460	0.3747	16.0120	1.785e-07	25000	2	1.200e-04	2.419e-04
K562	SAFB2	L1	L1PREC2	sense	12	28	82.2039	1.6880	7.1092	1.327e-15	25000	2	1.200e-04	2.419e-04
K562	KHDRBS1	L1	L1MC3	sense	10	67	39.6841	1.3307	7.5150	6.213e-11	25000	2	1.200e-04	2.419e-04
K562	KHDRBS1	L1	L1ME4b	sense	13	117	28.2749	2.2209	5.8535	1.261e-12	25000	2	1.200e-04	2.419e-04
K562	MATR3	L1	L1MEj	antisense	5	26	24.5076	0.3409	14.6679	2.888e-04	25000	2	1.200e-04	2.419e-04
K562	SAFB2	L1	L1ME2	sense	20	112	23.8272	3.4068	5.8707	7.481e-18	25000	2	1.200e-04	2.419e-04
K562	TARDBP	L1	L1MB1	antisense	10	108	9.6012	1.6694	5.9900	1.820e-05	25000	2	1.200e-04	2.419e-04
K562	MATR3	L1	L1M4b	antisense	10	136	8.1692	1.1925	8.3859	6.552e-05	25000	2	1.200e-04	2.419e-04
K562	SAFB2	Alu	AluSz6	sense	16	240	7.8289	5.1929	3.0811	9.260e-08	25000	2	1.200e-04	2.419e-04
K562	ILF3	Alu	AluY	antisense	16	285	7.3474	4.7440	3.3727	1.992e-07	25000	2	1.200e-04	2.419e-04
K562	QKI	L1	L1ME4b	antisense	13	312	7.3002	3.2183	4.0394	5.290e-06	25000	2	1.200e-04	2.419e-04
K562	MATR3	L1	L1PA16	antisense	18	274	7.2374	4.7492	3.7901	3.035e-08	25000	2	1.200e-04	2.419e-04
K562	MATR3	L1	L1MC3	antisense	14	215	7.1694	2.6188	5.3460	2.514e-06	25000	2	1.200e-04	2.419e-04
K562	QKI	L1	L1ME3G	antisense	11	280	6.8660	2.6866	4.0945	8.401e-05	25000	2	1.200e-04	2.419e-04
K562	EXOSC5	L1	L1MB2	antisense	36	337	6.4143	5.5174	6.5248	7.531e-15	25000	2	1.200e-04	2.419e-04
K562	EXOSC5	L1	L1MA8	antisense	13	143	5.3630	2.6760	4.8581	1.752e-04	25000	2	1.200e-04	2.419e-04
K562	EXOSC5	L1	L1ME1	antisense	67	746	5.2920	14.8539	4.5106	1.511e-23	25000	2	1.200e-04	2.419e-04
K562	TARDBP	L1	L1ME1	antisense	34	746	4.4931	14.5851	2.3311	3.001e-10	25000	2	1.200e-04	2.419e-04
K562	TARDBP	L1	L1MC4	antisense	27	612	4.3427	11.1830	2.4144	8.232e-08	25000	2	1.200e-04	2.419e-04
K562	TARDBP	L1	L1MB7	antisense	25	585	4.2005	10.1770	2.4565	5.866e-07	25000	2	1.200e-04	2.419e-04
K562	KHSRP	L1	L1M4b	antisense	22	136	3.8884	6.0134	3.6585	3.352e-05	25000	2	1.200e-04	2.419e-04
K562	HNRNPC	Alu	AluYh3	antisense	2	6	301.6826	0.0182	110.1322	2.250e-03	25000	3	1.600e-04	3.145e-04
K562	HNRNPM	L1	L1M2b	antisense	4	10	57.2307	0.2317	17.2652	2.232e-04	25000	3	1.600e-04	3.145e-04
K562	MATR3	L1	L1P1	antisense	5	28	22.3765	0.3712	13.4698	4.150e-04	25000	3	1.600e-04	3.145e-04
K562	MATR3	L1	L1PA8	antisense	9	67	15.9722	1.2552	7.1704	1.467e-06	25000	3	1.600e-04	3.145e-04
K562	ILF3	Alu	AluSc5	antisense	5	53	12.8675	0.5367	9.3158	3.723e-03	25000	3	1.600e-04	3.145e-04
K562	KHSRP	L1	L1MEj	antisense	9	26	10.6670	1.8600	4.8386	1.175e-04	25000	3	1.600e-04	3.145e-04
K562	QKI	L1	L1MD2	antisense	12	244	8.6847	2.9244	4.1035	2.843e-06	25000	3	1.600e-04	3.145e-04
K562	HNRNPM	L1	L1MC	antisense	10	111	8.4996	2.1059	4.7486	5.103e-05	25000	3	1.600e-04	3.145e-04
K562	TARDBP	L1	L1MB5	antisense	14	236	5.9337	4.1437	3.3786	2.108e-05	25000	3	1.600e-04	3.145e-04
K562	TARDBP	L1	L1MC1	antisense	18	313	5.7412	5.7075	3.1538	8.445e-07	25000	3	1.600e-04	3.145e-04
K562	UPF1	Alu	AluSz	sense	37	375	5.6742	18.9139	1.9562	9.502e-14	25000	3	1.600e-04	3.145e-04
K562	TARDBP	L1	L1MEf	antisense	22	400	5.4762	7.1882	3.0606	5.333e-08	25000	3	1.600e-04	3.145e-04
K562	PTBP1	L1	L1MC5a	antisense	19	346	4.0654	7.1290	2.6652	5.103e-05	25000	3	1.600e-04	3.145e-04
K562	SAFB2	L1	L1ME3C	sense	7	28	36.5351	0.8788	7.9658	4.201e-07	25000	4	2.000e-04	3.835e-04
K562	PTBP1	L1	L1MEg1	antisense	4	12	34.9839	0.2567	15.5836	1.031e-03	25000	4	2.000e-04	3.835e-04
K562	SAFB2	L1	L1PA3	sense	6	27	31.3158	0.7908	7.5876	1.023e-05	25000	4	2.000e-04	3.835e-04
K562	MATR3	L1	L1M3f	antisense	6	27	29.4091	0.3464	17.3190	1.450e-05	25000	4	2.000e-04	3.835e-04
K562	SAFB2	L1	L1ME3Cz	sense	13	90	18.5048	2.9530	4.4023	2.561e-10	25000	4	2.000e-04	3.835e-04
K562	EXOSC5	Alu	AluYj4	antisense	4	16	17.8768	0.3020	13.2450	8.503e-03	25000	4	2.000e-04	3.835e-04
K562	QKI	L1	L1MA6	antisense	7	92	13.8274	0.9801	7.1420	9.686e-05	25000	4	2.000e-04	3.835e-04
K562	HNRNPL	L1	L1PB4	sense	10	76	13.4513	1.8104	5.5238	1.164e-06	25000	4	2.000e-04	3.835e-04
K562	SAFB2	L1	L1MA8	sense	10	106	11.4172	1.6733	5.9763	4.041e-06	25000	4	2.000e-04	3.835e-04
K562	SAFB2	Alu	AluSx1	sense	24	423	6.5928	9.6245	2.4936	2.687e-10	25000	4	2.000e-04	3.835e-04
K562	HNRNPL	L1	L1MD2	antisense	16	244	6.2301	4.9597	3.2260	1.847e-06	25000	4	2.000e-04	3.835e-04
K562	PTBP1	L1	L1PA7	antisense	21	289	5.4826	7.4355	2.8243	1.415e-07	25000	4	2.000e-04	3.835e-04
K562	TARDBP	L1	L1MB3	antisense	21	431	4.8193	8.1582	2.5741	9.538e-07	25000	4	2.000e-04	3.835e-04
K562	ILF3	Alu	AluYk11	sense	3	8	74.1169	0.0991	30.2786	1.577e-03	25000	5	2.400e-04	4.518e-04
K562	SAFB2	L1	L1P3	sense	6	18	54.8026	0.4419	13.5783	7.706e-07	25000	5	2.400e-04	4.518e-04
K562	KHDRBS1	L1	L1ME3G	sense	9	75	30.8453	1.8421	4.8858	5.964e-09	25000	5	2.400e-04	4.518e-04
K562	KHDRBS1	L1	L1MC5a	sense	10	163	14.7843	2.2910	4.3648	3.453e-07	25000	5	2.400e-04	4.518e-04
K562	UPF1	Alu	AluSx4	antisense	8	50	9.8732	1.5624	5.1205	2.753e-04	25000	5	2.400e-04	4.518e-04
K562	UPF1	Alu	AluSq	antisense	12	135	5.0570	3.4274	3.5012	6.755e-04	25000	5	2.400e-04	4.518e-04
K562	HNRNPL	Alu	AluJb	sense	50	1080	4.3096	28.0640	1.7816	1.951e-14	25000	5	2.400e-04	4.518e-04
K562	KHSRP	L1	L1MA4A	antisense	44	286	3.6634	18.2265	2.4141	7.819e-10	25000	5	2.400e-04	4.518e-04
K562	EXOSC5	Alu	AluSc	antisense	13	227	3.2579	3.8316	3.3929	1.545e-02	25000	5	2.400e-04	4.518e-04
K562	EIF4G2	Alu	AluJo	antisense	24	1069	3.1262	10.0816	2.3806	1.389e-04	25000	5	2.400e-04	4.518e-04
K562	SAFB	Alu	AluSg7	sense	4	32	56.7299	0.2378	16.8209	9.169e-05	25000	6	2.800e-04	5.157e-04
K562	MATR3	L1	L1M6B	antisense	4	14	41.1727	0.1943	20.5846	4.834e-04	25000	6	2.800e-04	5.157e-04
K562	QKI	L1	L1PA2	sense	4	41	18.1518	0.2484	16.1005	5.429e-03	25000	6	2.800e-04	5.157e-04
K562	PTBP1	L1	L1M4c	antisense	10	102	7.6052	2.2038	4.5376	1.334e-04	25000	6	2.800e-04	5.157e-04
K562	MATR3	L1	L1MD2	antisense	15	244	6.7423	3.8529	3.8932	1.789e-06	25000	6	2.800e-04	5.157e-04
K562	QKI	L1	L1MB3	antisense	16	431	6.4734	4.7190	3.3905	9.373e-07	25000	6	2.800e-04	5.157e-04
K562	HNRNPM	L1	L1MD	antisense	12	186	5.9204	2.8922	4.1491	1.393e-04	25000	6	2.800e-04	5.157e-04
K562	AKAP1	Alu	AluJb	sense	18	1080	5.7108	6.5460	2.7498	6.806e-07	25000	6	2.800e-04	5.157e-04
K562	HNRNPM	L1	L1MC1	antisense	19	313	5.5479	5.3234	3.5692	5.950e-07	25000	6	2.800e-04	5.157e-04
K562	QKI	L1	L1ME1	antisense	22	746	5.1021	8.4636	2.5994	1.458e-07	25000	6	2.800e-04	5.157e-04
K562	HNRNPL	L1	L1ME3A	antisense	18	336	5.0252	6.2708	2.8705	5.339e-06	25000	6	2.800e-04	5.157e-04
K562	UPF1	Alu	AluJb	antisense	64	1626	2.1238	40.0801	1.5968	5.783e-06	25000	6	2.800e-04	5.157e-04
K562	SMNDC1	L1	L1PA2	sense	4	41	20.2402	0.1820	21.9829	3.697e-03	25000	7	3.200e-04	5.852e-04
K562	EXOSC5	L1	L1PBb	antisense	4	23	11.2906	0.1562	25.6082	3.216e-02	25000	7	3.200e-04	5.852e-04
K562	EXOSC5	Alu	AluSq2	antisense	16	285	3.1899	5.9296	2.6983	4.801e-03	25000	7	3.200e-04	5.852e-04
K562	PRPF8	Alu	AluSx	antisense	53	888	2.1499	32.0591	1.6532	5.465e-05	25000	7	3.200e-04	5.852e-04
K562	XRN2	SVA	SVA_D	antisense	3	9	114.2777	0.1075	27.9018	4.181e-04	25000	8	3.600e-04	6.491e-04
K562	EXOSC5	L1	L1M2c	antisense	5	12	38.3074	0.3777	13.2387	9.830e-05	25000	8	3.600e-04	6.491e-04
K562	KHDRBS1	L1	L1MD2	sense	10	149	16.2733	1.9281	5.1864	1.499e-07	25000	8	3.600e-04	6.491e-04
K562	PTBP1	Alu	AluSg4	antisense	6	38	13.1190	0.8590	6.9849	8.606e-04	25000	8	3.600e-04	6.491e-04
K562	SAFB2	Alu	AluSz	sense	22	375	6.8309	9.2997	2.3657	1.073e-09	25000	8	3.600e-04	6.491e-04
K562	HNRNPK	L1	L1MB3	antisense	14	431	6.0640	4.1221	3.3963	1.429e-05	25000	8	3.600e-04	6.491e-04
K562	TARDBP	L1	L1MEc	antisense	28	624	4.4204	11.2461	2.4898	2.915e-08	25000	8	3.600e-04	6.491e-04
K562	EXOSC5	Alu	AluJr	antisense	38	1085	1.9465	19.6327	1.9355	8.061e-03	25000	8	3.600e-04	6.491e-04
K562	KHDRBS1	L1	L1MA3	sense	9	85	26.7867	1.4378	6.2594	1.807e-08	25000	9	4.000e-04	7.125e-04
K562	HNRNPM	L1	L1MB4	antisense	15	248	5.5266	4.3168	3.4748	1.971e-05	25000	9	4.000e-04	7.125e-04
K562	HNRNPM	L1	L1MC4a	antisense	14	243	5.2482	4.1434	3.3789	8.180e-05	25000	9	4.000e-04	7.125e-04
K562	TARDBP	L1	L1ME3G	antisense	14	280	4.9522	4.8114	2.9097	1.454e-04	25000	9	4.000e-04	7.125e-04
K562	HNRNPM	L1	L1MC4	antisense	25	612	3.6561	10.6034	2.3577	6.932e-06	25000	9	4.000e-04	7.125e-04
K562	UPF1	Alu	AluSg	antisense	16	314	2.7830	6.1270	2.6114	1.806e-02	25000	9	4.000e-04	7.125e-04
K562	EXOSC5	L1	L1M5	antisense	38	881	2.4175	17.6582	2.1520	1.225e-04	25000	9	4.000e-04	7.125e-04
K562	KHDRBS1	Alu	AluYk4	sense	2	5	150.7994	0.0257	77.7605	9.412e-03	25000	10	4.400e-04	7.810e-04
K562	MATR3	L1	L1M6	antisense	6	57	12.1096	0.7823	7.6695	1.086e-03	25000	10	4.400e-04	7.810e-04
K562	MATR3	L1	L1MC2	antisense	10	130	8.5776	1.9312	5.1782	4.448e-05	25000	11	4.800e-04	8.462e-04
K562	TARDBP	L1	L1ME3	antisense	12	163	7.4775	3.4796	3.4486	1.494e-05	25000	11	4.800e-04	8.462e-04
K562	PTBP1	L1	L1MC5	antisense	19	366	3.8311	7.5133	2.5288	1.120e-04	25000	11	4.800e-04	8.462e-04
K562	EXOSC5	L1	L1MC4a	antisense	16	243	3.7801	4.5719	3.4997	7.981e-04	25000	11	4.800e-04	8.462e-04
K562	HNRNPM	L1	L1PBa1	antisense	5	15	42.9230	0.4470	11.1857	3.916e-05	25000	12	5.200e-04	9.073e-04
K562	HNRNPM	L1	L1M3e	antisense	5	23	23.8461	0.4366	11.4532	3.563e-04	25000	12	5.200e-04	9.073e-04
K562	AKAP1	Alu	AluSg	sense	6	103	20.8415	0.9154	6.5545	5.191e-05	25000	12	5.200e-04	9.073e-04
K562	HNRNPM	L1	L1MB1	antisense	9	108	7.8042	1.5383	5.8507	3.135e-04	25000	12	5.200e-04	9.073e-04
K562	PTBP1	L1	L1M4a1	antisense	8	98	6.2194	1.6626	4.8116	4.214e-03	25000	12	5.200e-04	9.073e-04
K562	TARDBP	L1	L1MB2	antisense	16	337	4.6899	5.5861	2.8643	5.883e-05	25000	12	5.200e-04	9.073e-04
K562	QKI	L1	L1ME3F	antisense	7	129	9.6338	1.2975	5.3951	7.998e-04	25000	13	5.600e-04	9.705e-04
K562	KHDRBS1	Alu	AluSz	sense	14	375	8.7723	4.8535	2.8845	1.958e-07	25000	13	5.600e-04	9.705e-04
K562	PTBP1	L1	L1ME3B	antisense	15	239	4.6853	5.3654	2.7957	1.350e-04	25000	13	5.600e-04	9.705e-04
K562	EXOSC5	L1	L1MD2	antisense	17	244	4.0164	5.0854	3.3429	2.227e-04	25000	13	5.600e-04	9.705e-04
K562	KHDRBS1	L1	L1ME4c	sense	6	43	36.6809	0.9766	6.1435	2.981e-06	25000	14	6.000e-04	1.035e-03
K562	QKI	L1	L1ME3B	antisense	10	239	7.3321	2.5548	3.9142	1.396e-04	25000	14	6.000e-04	1.035e-03
K562	HNRNPM	L1	L1ME2z	antisense	11	169	5.9766	2.7519	3.9973	3.220e-04	25000	14	6.000e-04	1.035e-03
K562	HNRNPC	Alu	Alu	antisense	3	36	54.8514	0.0860	34.8837	1.722e-03	25000	15	6.400e-04	1.098e-03
K562	MATR3	L1	L1PA14	antisense	7	70	11.4369	1.0223	6.8472	3.355e-04	25000	15	6.400e-04	1.098e-03
K562	QKI	L1	L1MB4	antisense	10	248	7.0548	2.6608	3.7583	1.906e-04	25000	15	6.400e-04	1.098e-03
K562	HNRNPC	Alu	AluYc	antisense	2	10	150.8413	0.0361	55.4324	6.295e-03	25000	16	6.800e-04	1.161e-03
K562	MATR3	L1	L1P3	antisense	5	38	15.5957	0.5654	8.8433	1.761e-03	25000	16	6.800e-04	1.161e-03
K562	SAFB	Alu	AluJr	sense	12	709	6.8369	3.9192	3.0619	2.716e-05	25000	16	6.800e-04	1.161e-03
K562	AKAP1	Alu	AluSg4	sense	3	17	72.2008	0.1672	17.9426	9.950e-04	25000	17	7.200e-04	1.211e-03
K562	SAFB	L1	L1MC1	sense	8	108	31.7687	1.2788	6.2557	4.134e-08	25000	17	7.200e-04	1.211e-03
K562	ILF3	Alu	AluSq10	antisense	3	15	30.8820	0.1553	19.3199	1.061e-02	25000	17	7.200e-04	1.211e-03
K562	SLTM	SVA	SVA_A	sense	3	25	17.7213	0.1735	17.2891	3.787e-02	25000	17	7.200e-04	1.211e-03
K562	EXOSC5	L1	L1MEb	antisense	5	23	14.8973	0.5379	9.2951	2.856e-03	25000	17	7.200e-04	1.211e-03
K562	HNRNPM	L1	L1PB4	antisense	9	78	11.1973	1.7439	5.1608	2.271e-05	25000	17	7.200e-04	1.211e-03
K562	UPF1	Alu	AluSx3	sense	15	131	6.7027	5.7665	2.6012	2.689e-06	25000	17	7.200e-04	1.211e-03
K562	SAFB	Alu	AluJb	antisense	16	1626	3.9464	6.0513	2.6441	3.657e-04	25000	17	7.200e-04	1.211e-03
K562	UPF1	Alu	AluJo	antisense	43	1069	2.1724	24.6604	1.7437	3.425e-04	25000	17	7.200e-04	1.211e-03
K562	KHDRBS1	L1	L1M3	sense	6	36	45.2398	0.8273	7.2523	1.031e-06	25000	18	7.600e-04	1.272e-03
K562	EXOSC5	L1	L1M3e	antisense	5	23	14.8973	0.4069	12.2886	2.856e-03	25000	18	7.600e-04	1.272e-03
K562	UPF1	Alu	AluJr4	antisense	16	264	3.3441	6.2528	2.5589	2.966e-03	25000	18	7.600e-04	1.272e-03
K562	SLTM	SVA	SVA_B	sense	2	3	259.9124	0.0478	41.8410	8.621e-03	25000	19	8.000e-04	1.335e-03
K562	EXOSC5	L1	L1M4a2	antisense	7	46	9.6260	0.9988	7.0084	1.127e-03	25000	19	8.000e-04	1.335e-03
K562	PTBP1	Alu	AluYg6	antisense	2	3	139.9357	0.0496	40.2901	2.599e-02	25000	20	8.400e-04	1.392e-03
K562	SAFB	L1	L1MCb	sense	3	17	85.0948	0.1293	23.2054	6.286e-04	25000	20	8.400e-04	1.392e-03
K562	SAFB2	L1	L1MA7	sense	9	42	29.8923	1.6120	5.5831	1.333e-08	25000	20	8.400e-04	1.392e-03
K562	PTBP1	L1	L1MA4	antisense	16	280	4.2405	5.6233	2.8453	2.052e-04	25000	20	8.400e-04	1.392e-03
K562	PTBP1	L1	L1MC3	antisense	13	215	4.5029	4.1862	3.1054	8.408e-04	25000	21	8.800e-04	1.456e-03
K562	HNRNPL	L1	L1ME3	sense	12	79	15.9006	3.4438	3.4846	9.186e-09	25000	22	9.200e-04	1.520e-03
K562	EXOSC5	L1	L1ME2	antisense	19	296	3.6786	5.4077	3.5135	2.052e-04	25000	23	9.600e-04	1.583e-03
K562	SAFB2	L1	L1M5	sense	25	317	9.3840	11.2190	2.2284	7.312e-14	25000	24	1.000e-03	1.647e-03
K562	AKAP1	Alu	AluJo	sense	12	580	7.1184	4.0420	2.9689	1.850e-05	25000	25	1.040e-03	1.707e-03
K562	EXOSC5	L1	L1ME3D	antisense	12	147	4.7671	2.4754	4.8478	1.108e-03	25000	25	1.040e-03	1.707e-03
K562	ILF3	Alu	AluYj4	antisense	3	16	28.5065	0.2073	14.4732	1.283e-02	25000	26	1.080e-03	1.756e-03
K562	KHSRP	L1	L1MCb	antisense	8	18	16.1190	2.0906	3.8267	4.989e-05	25000	26	1.080e-03	1.756e-03
K562	UPF1	Alu	AluSx4	sense	7	39	11.3387	1.5808	4.4280	4.790e-04	25000	26	1.080e-03	1.756e-03
K562	KHSRP	L1	L1M8	antisense	10	32	9.1586	2.7329	3.6591	9.327e-05	25000	26	1.080e-03	1.756e-03
K562	QKI	L1	L1MB2	antisense	11	337	5.6655	3.2244	3.4114	4.419e-04	25000	26	1.080e-03	1.756e-03
K562	SLTM	Alu	AluJb	sense	31	1080	3.8405	15.7901	1.9633	7.604e-08	25000	26	1.080e-03	1.756e-03
K562	HNRNPM	L1	L1MC5	antisense	16	366	3.9244	5.9462	2.6908	4.679e-04	25000	27	1.120e-03	1.818e-03
K562	LSM11	L1	L1PA2	sense	3	41	20.9435	0.1379	21.7618	2.270e-02	23452	26	1.151e-03	1.866e-03
K562	TARDBP	L1	L1ME4b	sense	15	117	13.8370	5.7894	2.5909	2.690e-10	25000	28	1.160e-03	1.874e-03
K562	SAFB2	Alu	AluY	sense	14	241	6.7598	5.0531	2.7706	4.738e-06	25000	28	1.160e-03	1.874e-03
K562	SAFB2	L1	L1M3f	sense	5	10	109.6052	0.2878	17.3732	1.186e-06	25000	29	1.200e-03	1.936e-03
K562	SAFB2	L1	L1PB2	sense	5	6	548.0262	0.3864	12.9386	3.397e-08	25000	30	1.240e-03	1.988e-03
K562	HNRNPM	L1	L1M4a1	antisense	7	98	6.6035	1.2801	5.4684	7.510e-03	25000	30	1.240e-03	1.988e-03
K562	SAFB	Alu	AluSz6	antisense	7	436	6.4796	1.5721	4.4526	7.073e-03	25000	30	1.240e-03	1.988e-03
K562	EXOSC5	L1	L1MEd	antisense	21	477	2.4698	8.0102	2.6216	1.221e-02	25000	30	1.240e-03	1.988e-03
K562	AKAP1	Alu	AluYc	antisense	2	10	84.2343	0.0567	35.2609	1.787e-02	25000	31	1.280e-03	2.033e-03
K562	KHDRBS1	L1	L1MB3	sense	11	161	16.5879	3.0897	3.5602	2.075e-08	25000	31	1.280e-03	2.033e-03
K562	HNRNPM	L1	L1P3	antisense	5	38	13.0070	0.6804	7.3491	3.950e-03	25000	31	1.280e-03	2.033e-03
K562	ILF3	L1	L1MB3	sense	15	161	12.6912	5.2596	2.8519	6.479e-10	25000	31	1.280e-03	2.033e-03
K562	HNRNPL	L1	L1MA6	antisense	8	92	8.4551	1.6218	4.9327	5.788e-04	25000	31	1.280e-03	2.033e-03
K562	PRPF8	Alu	AluSg	antisense	20	314	2.3042	9.3485	2.1394	3.671e-02	25000	31	1.280e-03	2.033e-03
K562	ILF3	L1	L1M4	antisense	16	472	4.3343	5.7855	2.7655	1.399e-04	25000	32	1.320e-03	2.093e-03
K562	MATR3	L1	L1M4c	antisense	7	102	7.5844	1.3834	5.0601	3.414e-03	25000	33	1.360e-03	2.153e-03
K562	ILF3	SVA	SVA_B	antisense	2	5	82.3521	0.0599	33.4001	2.777e-02	25000	34	1.400e-03	2.210e-03
K562	AKAP1	Alu	AluSq10	antisense	2	15	51.8365	0.0515	38.8199	3.762e-02	25000	34	1.400e-03	2.210e-03
K562	ILF3	L1	L1MB3	antisense	15	431	4.4541	5.3792	2.7885	2.052e-04	25000	35	1.440e-03	2.269e-03
K562	SSB	Alu	AluYk2	sense	1	3	1821.3004	0.0014	705.4571	3.477e-02	24691	35	1.458e-03	2.294e-03
K562	KHDRBS1	L1	L1MA10	sense	4	13	100.5329	0.3194	12.5235	1.884e-05	25000	36	1.480e-03	2.318e-03
K562	KHDRBS1	L1	L1MEb	sense	3	13	67.8597	0.1900	15.7928	1.338e-03	25000	36	1.480e-03	2.318e-03
K562	UPF1	Alu	AluSg7	antisense	7	60	6.8460	1.5814	4.4265	7.083e-03	25000	36	1.480e-03	2.318e-03
K562	KHSRP	L1	L1MEg2	antisense	4	8	20.1488	0.4550	8.7920	1.417e-02	25000	37	1.520e-03	2.374e-03
K562	HNRNPM	L1	L1PA8	antisense	7	67	10.0154	1.5047	4.6520	7.559e-04	25000	37	1.520e-03	2.374e-03
K562	SAFB2	Alu	AluSc8	sense	7	67	12.7873	1.6733	4.1834	1.733e-04	25000	38	1.560e-03	2.425e-03
K562	MATR3	L1	L1MA5	antisense	8	116	7.6246	1.4568	5.4915	1.067e-03	25000	38	1.560e-03	2.425e-03
K562	TARDBP	L1	L1ME3B	antisense	13	239	5.4123	4.4710	2.9076	1.336e-04	25000	38	1.560e-03	2.425e-03
K562	QKI	L1	L1ME3C	antisense	5	60	15.2640	0.7705	6.4895	1.690e-03	25000	39	1.600e-03	2.483e-03
K562	KHDRBS1	L1	L1MC5	antisense	9	366	5.7025	2.4142	3.7279	2.442e-03	25000	40	1.640e-03	2.542e-03
K562	SAFB2	L1	L1MCb	sense	4	17	33.7247	0.3363	11.8934	8.505e-04	25000	41	1.680e-03	2.588e-03
K562	KHDRBS1	L1	L1MC1	sense	9	108	20.5636	2.1822	4.1244	1.446e-07	25000	41	1.680e-03	2.588e-03
K562	MATR3	L1	L1MB4	antisense	12	248	5.2338	3.5504	3.3799	4.125e-04	25000	41	1.680e-03	2.588e-03
K562	MATR3	L1	L1MB7	antisense	19	585	3.4553	7.7595	2.4486	3.912e-04	25000	41	1.680e-03	2.588e-03
K562	TARDBP	L1	L1M4	antisense	20	472	4.1633	8.7829	2.2772	1.764e-05	25000	42	1.720e-03	2.642e-03
K562	TARDBP	Alu	AluSg	antisense	12	314	3.7387	4.2207	2.8431	7.711e-03	25000	42	1.720e-03	2.642e-03
K562	SAFB2	L1	L1MA5A	sense	8	19	79.7129	0.9014	8.8755	3.376e-10	25000	43	1.760e-03	2.695e-03
K562	EXOSC5	L1	L1MC5a	antisense	16	346	2.6003	6.3261	2.5292	3.317e-02	25000	43	1.760e-03	2.695e-03
K562	UPF1	Alu	AluJb	sense	60	1080	3.0491	39.8943	1.5040	5.455e-11	25000	44	1.800e-03	2.752e-03
K562	KHDRBS1	L1	L1MA7	sense	6	42	37.6999	0.9998	6.0014	2.598e-06	25000	45	1.840e-03	2.805e-03
K562	SLTM	Alu	AluSq2	sense	10	233	5.8276	3.0942	3.2319	8.978e-04	25000	45	1.840e-03	2.805e-03
K562	NONO	L1	L1MB3	antisense	24	431	2.8629	10.9235	2.1971	6.515e-04	14070	25	1.848e-03	2.813e-03
K562	QKI	L1	L1ME3Cz	antisense	9	242	6.4856	2.6201	3.4350	1.014e-03	25000	46	1.880e-03	2.857e-03
K562	KHDRBS1	L1	L1MC5	sense	9	112	19.7650	2.3972	3.7544	1.967e-07	25000	47	1.920e-03	2.910e-03
K562	HNRNPM	L1	L1M3a	antisense	4	23	18.0728	0.4060	9.8522	6.695e-03	25000	47	1.920e-03	2.910e-03
K562	AKAP1	Alu	AluSg7	antisense	3	60	17.7335	0.2409	12.4543	3.318e-02	25000	48	1.960e-03	2.962e-03
K562	MATR3	L1	L1MD1	antisense	10	177	6.1636	2.3744	4.2116	6.081e-04	25000	48	1.960e-03	2.962e-03
K562	UPF1	Alu	AluSp	sense	17	196	4.9228	7.4982	2.2672	1.910e-05	25000	50	2.040e-03	3.078e-03
K562	EXOSC5	L1	L1ME3B	antisense	14	239	3.3370	4.5335	3.0881	7.902e-03	25000	51	2.080e-03	3.134e-03
K562	HNRNPL	Alu	AluJo	sense	31	580	5.0130	17.3784	1.7838	2.020e-10	25000	52	2.120e-03	3.185e-03
K562	UPF1	Alu	AluSx3	antisense	14	231	3.3441	5.7695	2.4265	7.820e-03	25000	52	2.120e-03	3.185e-03
K562	SAFB2	L1	L1M3	sense	7	36	26.4564	1.3583	5.1536	2.564e-06	25000	53	2.160e-03	3.240e-03
K562	SAFB	L1	L1M1	sense	6	97	26.1830	0.9142	6.5631	1.490e-05	25000	55	2.240e-03	3.355e-03
K562	LIN28B	Alu	AluSx4	sense	5	39	13.8175	0.8776	5.6976	2.994e-03	25000	56	2.280e-03	3.400e-03
K562	SLTM	L1	L1PA16	sense	12	131	13.1048	3.5664	3.3647	4.963e-08	25000	56	2.280e-03	3.400e-03
K562	PTBP1	L1	L1MEj	antisense	4	26	12.7214	0.5442	7.3508	2.094e-02	25000	56	2.280e-03	3.400e-03
K562	HNRNPM	L1	L1P1	antisense	4	28	14.3077	0.4448	8.9920	1.367e-02	25000	57	2.320e-03	3.445e-03
K562	MATR3	L1	L1M7	antisense	5	53	10.7221	0.6141	8.1423	8.060e-03	25000	57	2.320e-03	3.445e-03
K562	AGGF1	Alu	AluJo	antisense	25	1069	2.5859	13.1847	1.8961	1.712e-03	25000	57	2.320e-03	3.445e-03
K562	HNRNPA1	Alu	AluJb	sense	11	1080	6.5160	3.9117	2.8121	1.157e-04	12891	29	2.327e-03	3.450e-03
K562	EXOSC5	L1	L1M2b	antisense	3	10	22.9845	0.2095	14.3212	2.899e-02	25000	58	2.360e-03	3.489e-03
K562	AKAP1	Alu	AluSq	sense	4	76	18.7187	0.5331	7.5036	4.379e-03	25000	58	2.360e-03	3.489e-03
K562	HNRNPL	L1	L1PB4	antisense	8	78	10.1461	1.8190	4.3981	1.793e-04	25000	60	2.440e-03	3.597e-03
K562	MATR3	L1	L1ME3B	antisense	11	239	4.9660	3.4352	3.2022	1.431e-03	25000	60	2.440e-03	3.597e-03
K562	UPF1	Alu	AluSz6	antisense	21	436	2.6229	10.5880	1.9834	6.101e-03	25000	62	2.520e-03	3.709e-03
K562	PTBP1	L1	L1M3c	antisense	3	13	20.9904	0.2728	10.9955	3.086e-02	25000	63	2.560e-03	3.757e-03
K562	MATR3	L1	L1MB1	antisense	7	108	7.1339	1.2474	5.6119	4.800e-03	25000	63	2.560e-03	3.757e-03
K562	SAFB	Alu	AluSx1	sense	9	423	8.6328	2.9130	3.0896	1.133e-04	25000	64	2.600e-03	3.811e-03
K562	SAFB2	L1	L1PBa	sense	6	13	93.9474	0.6541	9.1726	8.107e-08	25000	65	2.640e-03	3.864e-03
K562	SAFB2	L1	L1M6B	sense	3	15	27.4013	0.1588	18.8869	1.457e-02	25000	66	2.680e-03	3.917e-03
K562	HNRNPM	L1	L1MD2	antisense	13	244	4.8312	4.6929	2.7701	4.125e-04	25000	70	2.840e-03	4.145e-03
K562	QKI	L1	L1MA5	antisense	6	116	9.1584	1.1115	5.3980	3.909e-03	25000	71	2.880e-03	4.197e-03
K562	HNRNPM	L1	L1ME3D	antisense	10	147	6.2661	2.3417	4.2704	5.632e-04	25000	75	3.040e-03	4.411e-03
K562	MATR3	L1	L1PREC2	antisense	8	167	5.1790	2.1135	3.7852	1.158e-02	25000	75	3.040e-03	4.411e-03
K562	UPF1	Alu	AluSc8	antisense	10	147	3.7835	3.4085	2.9339	2.372e-02	25000	75	3.040e-03	4.411e-03
K562	FAM120A	Alu	AluSc	antisense	10	227	3.5637	3.4017	2.9397	3.275e-02	8480	25	3.066e-03	4.443e-03
K562	KHSRP	L1	L1ME4b	sense	40	117	10.4669	24.9772	1.6015	1.932e-21	25000	77	3.120e-03	4.515e-03
K562	SAFB2	L1	L1M4b	sense	6	23	38.6842	0.9523	6.3007	3.723e-06	25000	79	3.200e-03	4.624e-03
K562	QKI	L1	L1MC1	antisense	10	313	5.5414	3.3186	3.0133	1.271e-03	25000	80	3.240e-03	4.675e-03
K562	RBFOX2	L1	L1M2	antisense	12	308	4.7403	4.1195	2.9130	9.779e-04	7990	25	3.254e-03	4.689e-03
K562	SAFB	L1	L1M5	sense	11	317	14.2752	3.8229	2.8774	7.617e-08	25000	81	3.280e-03	4.720e-03
K562	KHDRBS1	L1	L1MC5a	antisense	8	346	5.3538	2.2787	3.5108	8.761e-03	25000	82	3.320e-03	4.764e-03
K562	AKAP1	Alu	AluJo	antisense	11	1069	3.5031	4.0512	2.7153	1.993e-02	25000	82	3.320e-03	4.764e-03
K562	AGGF1	Alu	AluSg	antisense	10	314	3.5521	3.4668	2.8845	3.227e-02	25000	83	3.360e-03	4.815e-03
K562	AKAP1	Alu	AluSx1	sense	9	423	7.3247	2.9521	3.0487	3.912e-04	25000	84	3.400e-03	4.865e-03
K562	HNRNPM	L1	L1MA9	antisense	12	215	5.0746	3.9749	3.0190	5.676e-04	25000	85	3.440e-03	4.915e-03
K562	HNRNPM	L1	L1M5	antisense	29	881	2.9220	16.1203	1.7990	5.594e-05	25000	89	3.600e-03	5.137e-03
K562	SAFB2	L1	L1MA5	sense	7	19	63.9364	1.1859	5.9028	2.167e-08	25000	91	3.680e-03	5.244e-03
K562	HLTF	L1	L1MDb	sense	3	39	28.6371	0.1763	17.0162	1.001e-02	7005	25	3.711e-03	5.281e-03
K562	ILF3	L1	L1MB7	antisense	16	585	3.4736	6.6487	2.4065	1.683e-03	25000	92	3.720e-03	5.286e-03
K562	PTBP1	L1	L1MD1	antisense	11	177	4.6364	3.7586	2.9267	2.731e-03	25000	95	3.840e-03	5.449e-03
K562	XRCC6	Alu	AluY	antisense	9	285	5.1695	2.9804	3.0198	4.990e-03	25000	99	4.000e-03	5.668e-03
K562	MATR3	L1	L1MA1	antisense	5	37	16.0831	0.7009	7.1335	1.562e-03	25000	101	4.080e-03	5.774e-03
K562	NIPBL	L1	L1MDa	sense	8	86	19.4601	2.0991	3.8112	1.675e-06	6460	26	4.179e-03	5.906e-03
K562	UPF1	Alu	AluJo	sense	39	580	3.7367	24.6686	1.5810	2.241e-09	25000	104	4.200e-03	5.927e-03
K562	SLTM	L1	L1PA4	sense	5	46	15.8483	1.0266	4.8703	1.542e-03	25000	107	4.320e-03	6.088e-03
K562	AGGF1	Alu	AluJr	sense	25	709	3.9468	13.7929	1.8125	1.698e-06	25000	108	4.360e-03	6.136e-03
K562	SLTM	Alu	Alu	sense	4	55	10.1926	0.3496	11.4416	3.582e-02	25000	109	4.400e-03	6.184e-03
K562	SAFB	L1	L1MEi	sense	3	36	36.1008	0.2315	12.9601	5.519e-03	25000	110	4.440e-03	6.223e-03
K562	HNRNPL	L1	L1MB2	antisense	14	337	3.8480	5.4677	2.5605	1.866e-03	25000	110	4.440e-03	6.223e-03
K562	SAFB2	L1	L1M6	sense	5	19	39.1447	0.6791	7.3625	4.448e-05	25000	111	4.480e-03	6.271e-03
K562	EIF4G2	Alu	AluSz	antisense	16	810	2.7430	7.4872	2.1370	1.853e-02	25000	114	4.600e-03	6.430e-03
K562	TARDBP	Alu	AluJr4	antisense	11	264	4.0909	4.2480	2.5895	6.895e-03	25000	117	4.720e-03	6.580e-03
K562	HNRNPL	L1	L1MCa	antisense	10	255	3.6236	3.1646	3.1600	2.899e-02	25000	117	4.720e-03	6.580e-03
K562	SLTM	L1	L1MD3	sense	7	72	13.9953	0.9896	7.0733	9.710e-05	25000	122	4.920e-03	6.840e-03
K562	HNRNPK	L1	L1MB7	antisense	13	585	4.1050	5.1560	2.5213	1.701e-03	25000	122	4.920e-03	6.840e-03
K562	MATR3	L1	L1MEa	antisense	2	5	68.6212	0.0548	36.5230	3.805e-02	25000	124	5.000e-03	6.932e-03
K562	KHDRBS1	L1	L1MB7	sense	11	187	14.1374	3.8795	2.8354	9.608e-08	25000	124	5.000e-03	6.932e-03
K562	HNRNPM	L1	L1M3d	antisense	3	10	36.7911	0.1660	18.0766	8.550e-03	25000	125	5.040e-03	6.978e-03
K562	FAM120A	Alu	AluSx	antisense	24	888	2.1481	13.0630	1.8373	2.776e-02	8480	43	5.188e-03	7.174e-03
K562	SUPV3L1	L1	L1M4c	sense	2	98	51.5035	0.0809	24.7183	3.223e-02	16759	87	5.251e-03	7.250e-03
K562	KHDRBS1	L1	L1MD1	sense	6	69	21.5428	1.1894	5.0446	4.806e-05	25000	131	5.280e-03	7.281e-03
K562	SAFB2	Alu	AluYa5	sense	2	4	109.6052	0.1105	18.1028	2.191e-02	25000	132	5.320e-03	7.326e-03
K562	SAFB2	L1	L1MC	sense	6	40	19.3421	1.4370	4.1754	1.078e-04	25000	136	5.480e-03	7.537e-03
K562	EXOSC5	L1	L1ME2z	antisense	10	169	3.3730	3.0226	3.3084	4.987e-02	25000	137	5.520e-03	7.581e-03
K562	KHDRBS1	L1	L1ME3A	sense	8	92	21.5428	2.4302	3.2919	7.806e-07	25000	138	5.560e-03	7.626e-03
K562	HNRNPL	L1	L1ME3B	antisense	12	239	4.6931	4.4152	2.7179	1.113e-03	25000	143	5.760e-03	7.890e-03
K562	SAFB	L1	L1M6	sense	3	19	74.4580	0.2294	13.0776	8.727e-04	25000	145	5.840e-03	7.989e-03
K562	SAFB2	L1	L1M3d	sense	3	4	328.8157	0.1121	26.7570	1.894e-04	25000	147	5.920e-03	8.087e-03
K562	ILF3	Alu	AluSx4	antisense	4	50	10.7416	0.7208	5.5491	3.062e-02	25000	151	6.080e-03	8.295e-03
K562	HLTF	L1	L1PA16	sense	7	131	19.3994	1.7797	3.9332	1.043e-05	7005	42	6.138e-03	8.363e-03
K562	SAFB2	L1	L1PB	sense	3	4	328.8157	0.3299	9.0942	1.894e-04	25000	158	6.360e-03	8.643e-03
K562	KHDRBS1	L1	L1MDb	sense	3	39	18.8499	0.2492	12.0405	2.981e-02	25000	158	6.360e-03	8.643e-03
K562	ILF3	Alu	AluSx4	sense	4	39	14.1175	0.7368	5.4292	1.306e-02	25000	160	6.440e-03	8.740e-03
K562	HNRNPM	L1	L1M3f	antisense	4	27	14.9297	0.4313	9.2747	1.199e-02	25000	166	6.680e-03	9.053e-03
K562	SAFB2	L1	L1MEh	sense	4	11	62.6316	0.5684	7.0368	1.379e-04	25000	169	6.800e-03	9.204e-03
K562	HNRNPM	L1	L1MDb	antisense	4	32	12.2637	0.5384	7.4289	2.203e-02	25000	171	6.880e-03	9.300e-03
K562	MATR3	L1	L1PA17	antisense	7	99	7.8318	1.7940	3.9020	2.856e-03	25000	172	6.920e-03	9.342e-03
K562	KHDRBS1	L1	L1ME3E	sense	4	30	34.7999	0.6472	6.1809	5.676e-04	25000	173	6.960e-03	9.359e-03
K562	SAFB	L1	L1MEd	sense	7	167	17.3735	1.7315	4.0427	2.009e-05	25000	173	6.960e-03	9.359e-03
K562	TARDBP	L1	L1ME3A	antisense	14	336	4.0909	6.3229	2.2142	1.018e-03	25000	173	6.960e-03	9.359e-03
K562	HNRNPM	L1	L1M4a2	antisense	5	46	10.4690	0.9295	5.3794	9.196e-03	25000	175	7.040e-03	9.454e-03
K562	HNRNPL	L1	L1MB4	antisense	12	248	4.5142	4.5392	2.6436	1.565e-03	25000	176	7.080e-03	9.495e-03
K562	PTBP1	L1	L1MA5A	antisense	7	83	6.4444	1.8950	3.6939	8.872e-03	25000	177	7.120e-03	9.536e-03
K562	PTBP1	L1	L1PA4	antisense	7	97	5.4419	2.2322	3.1359	2.127e-02	25000	178	7.160e-03	9.577e-03
K562	SAFB2	L1	L1MA10	sense	4	13	48.7134	0.5386	7.4272	2.830e-04	25000	180	7.240e-03	9.659e-03
K562	TARDBP	L1	L1ME4b	antisense	13	312	4.0909	5.8189	2.2341	1.910e-03	25000	180	7.240e-03	9.659e-03
K562	TARDBP	L1	L1MEg	antisense	13	315	4.0503	5.5300	2.3508	2.101e-03	25000	184	7.400e-03	9.860e-03
K562	QKI	L1	L1MD3	antisense	5	82	10.9029	1.0375	4.8192	6.925e-03	25000	185	7.440e-03	9.900e-03
K562	AKAP1	Alu	AluSz6	sense	6	240	8.6394	1.6463	3.6446	4.844e-03	25000	189	7.600e-03	1.010e-02
K562	SAFB2	L1	L1M4a1	sense	5	15	54.8026	0.8474	5.9007	1.243e-05	25000	190	7.640e-03	1.014e-02
K562	NONO	L1	L1MB7	antisense	26	585	2.2581	13.4949	1.9267	9.839e-03	14070	109	7.817e-03	1.036e-02
K562	SAFB2	L1	L1PA11	sense	5	10	109.6052	0.9351	5.3469	1.186e-06	25000	204	8.200e-03	1.086e-02
K562	HNRNPM	L1	L1PB2	antisense	4	34	11.4461	0.5582	7.1654	2.712e-02	25000	206	8.280e-03	1.095e-02
K562	HNRNPL	L1	L1MD2	sense	12	149	7.7762	5.0032	2.3985	1.045e-05	25000	208	8.360e-03	1.102e-02
K562	PTBP1	L1	L1MA8	antisense	9	143	4.6993	3.1391	2.8670	1.038e-02	25000	208	8.360e-03	1.102e-02
K562	MATR3	L1	L1MA5A	antisense	6	83	8.0207	1.1603	5.1710	7.958e-03	25000	209	8.400e-03	1.106e-02
K562	QKI	L1	L1MC2	antisense	6	130	8.1244	1.5244	3.9361	6.981e-03	25000	210	8.440e-03	1.108e-02
K562	MATR3	Alu	AluJr4	antisense	9	264	3.6329	3.3674	2.6727	4.885e-02	25000	210	8.440e-03	1.108e-02
K562	WDR3	L1	L1MC2	sense	2	69	85.5032	0.0945	21.1745	1.336e-02	19417	163	8.446e-03	1.108e-02
K562	AGGF1	Alu	AluSx1	antisense	20	732	3.0333	10.9181	1.8318	1.270e-03	25000	211	8.480e-03	1.111e-02
K562	HNRNPM	L1	L1MC2	antisense	8	130	5.6292	2.3304	3.4329	7.312e-03	25000	213	8.560e-03	1.120e-02
K562	YWHAG	L1	L1ME2	sense	5	112	27.9084	0.7158	6.9848	1.007e-04	4054	34	8.631e-03	1.128e-02
K562	PTBP1	L1	L1MA2	antisense	9	159	4.1981	3.0846	2.9178	2.126e-02	25000	217	8.720e-03	1.138e-02
K562	KHSRP	L1	L1M3e	antisense	6	23	7.1113	1.6525	3.6308	2.484e-02	25000	220	8.840e-03	1.152e-02
K562	HNRNPM	L1	L1PA15-16	antisense	4	28	14.3077	0.5395	7.4140	1.367e-02	25000	231	9.280e-03	1.208e-02
K562	AGGF1	Alu	AluJb	antisense	34	1626	2.3062	21.3906	1.5895	8.062e-04	25000	236	9.480e-03	1.233e-02
K562	KHDRBS1	L1	L1MA6	sense	4	30	34.7999	0.6431	6.2197	5.676e-04	25000	237	9.520e-03	1.236e-02
K562	SAFB	L1	L1MEb	sense	2	13	72.2017	0.1102	18.1554	2.186e-02	25000	238	9.560e-03	1.240e-02
K562	HNRNPC	L1	L1MB7	antisense	6	585	6.2525	1.6214	3.7005	2.207e-02	25000	241	9.680e-03	1.254e-02
K562	SAFB2	L1	L1PA5	sense	7	56	15.6579	2.2082	3.1700	5.369e-05	25000	243	9.760e-03	1.263e-02
K562	LIN28B	Alu	AluSz	sense	20	375	5.2934	11.0590	1.8085	4.966e-07	25000	247	9.920e-03	1.282e-02
K562	MATR3	L1	L1MD3	antisense	6	82	8.1262	1.3196	4.5470	7.510e-03	25000	251	1.008e-02	1.301e-02
K562	KHDRBS1	L1	L1M7	sense	3	9	113.0996	0.3026	9.9141	4.305e-04	25000	253	1.016e-02	1.310e-02
K562	SLTM	L1	L1PA8A	sense	4	36	16.2445	0.6770	5.9084	8.223e-03	25000	254	1.020e-02	1.313e-02
K562	MATR3	L1	L1PB3	antisense	5	68	8.1692	1.0884	4.5939	2.315e-02	25000	262	1.052e-02	1.353e-02
K562	KHDRBS1	L1	L1ME4a	antisense	9	510	4.0635	3.4396	2.6166	2.309e-02	25000	265	1.064e-02	1.366e-02
K562	CPEB4	L1	L1MEf	antisense	4	400	10.2815	0.6913	5.7859	3.062e-02	6904	73	1.072e-02	1.374e-02
K562	SAFB	L1	L1MB8	sense	6	149	16.6619	1.5744	3.8110	1.641e-04	25000	268	1.076e-02	1.378e-02
K562	PTBP1	L1	L1MC4a	antisense	12	243	3.6347	5.3020	2.2633	9.993e-03	25000	281	1.128e-02	1.443e-02
K562	HNRNPL	L1	L1MC2	antisense	8	130	5.8215	2.5086	3.1891	5.965e-03	25000	284	1.140e-02	1.457e-02
K562	HNRNPM	L1	L1MA6	antisense	6	92	5.9893	1.5170	3.9553	3.062e-02	25000	285	1.144e-02	1.458e-02
K562	PRPF8	Alu	AluSz	antisense	43	810	1.8989	29.6330	1.4511	6.111e-03	25000	285	1.144e-02	1.458e-02
K562	SAFB	L1	L1MC2	sense	4	69	24.4375	0.5754	6.9512	1.686e-03	25000	291	1.168e-02	1.487e-02
K562	UPF1	Alu	AluSg	sense	13	103	7.4872	6.1011	2.1308	6.558e-06	25000	292	1.172e-02	1.490e-02
K562	KHSRP	L1	L1MA3	antisense	25	199	2.8949	13.8854	1.8005	5.705e-04	25000	299	1.200e-02	1.524e-02
K562	SAFB2	L1	L1ME2z	sense	7	57	15.3447	1.9108	3.6633	6.014e-05	25000	302	1.212e-02	1.537e-02
K562	HNRNPL	L1	L1MD1	antisense	9	177	4.7560	3.0355	2.9649	9.234e-03	25000	305	1.224e-02	1.550e-02
K562	ILF3	L1	L1MD2	antisense	9	244	4.7309	3.2827	2.7416	9.165e-03	25000	311	1.248e-02	1.579e-02
K562	ZRANB2	L1	L1ME3	antisense	4	163	10.0673	0.7954	5.0287	3.375e-02	2718	33	1.250e-02	1.580e-02
K562	HNRNPM	L1	L1MB8	antisense	14	346	3.6200	6.5202	2.1472	3.418e-03	25000	313	1.256e-02	1.585e-02
K562	PRPF8	Alu	AluSp	antisense	20	216	3.4563	11.3703	1.7590	3.268e-04	25000	317	1.272e-02	1.603e-02
K562	PTBP1	L1	L1M4a2	antisense	5	46	8.5327	1.2252	4.0810	2.134e-02	25000	323	1.296e-02	1.631e-02
K562	SLTM	L1	L1P3	sense	3	18	25.9912	0.4221	7.1077	1.558e-02	25000	335	1.344e-02	1.690e-02
K562	AKAP1	Alu	AluSc8	sense	3	67	15.7939	0.5012	5.9852	4.480e-02	25000	336	1.348e-02	1.691e-02
K562	KHDRBS1	L1	L1M1	sense	6	97	14.9142	1.5716	3.8177	3.197e-04	25000	336	1.348e-02	1.691e-02
K562	YWHAG	L1	L1MD3	sense	3	72	25.9670	0.2119	14.1583	1.224e-02	4054	54	1.356e-02	1.699e-02
K562	PTBP1	L1	L1MB2	antisense	14	337	3.0327	6.6564	2.1033	1.740e-02	25000	340	1.364e-02	1.707e-02
K562	KHSRP	L1	L1MC5a	sense	38	163	6.1252	25.6797	1.4798	3.654e-14	25000	356	1.428e-02	1.784e-02
K562	WDR3	L1	L1M1	sense	2	97	60.3022	0.1463	13.6691	2.453e-02	19417	279	1.442e-02	1.800e-02
K562	SAFB2	L1	L1PBa1	sense	3	19	20.5510	0.2605	11.5172	2.808e-02	25000	367	1.472e-02	1.835e-02
K562	KHDRBS1	L1	L1M2	sense	7	63	28.2749	2.1435	3.2657	1.157e-06	25000	372	1.492e-02	1.858e-02
K562	TARDBP	Alu	AluSz6	antisense	14	436	3.1215	7.1830	1.9490	1.307e-02	25000	379	1.520e-02	1.890e-02
K562	PTBP1	L1	L1MB3	antisense	18	431	3.0494	9.8570	1.8261	3.031e-03	25000	380	1.524e-02	1.893e-02
K562	MATR3	L1	L1MC4a	antisense	9	243	3.9589	3.4242	2.6284	2.877e-02	25000	382	1.532e-02	1.901e-02
K562	SAFB	L1	L1ME3	sense	4	79	21.1792	0.7734	5.1722	2.809e-03	25000	384	1.540e-02	1.908e-02
K562	QKI	L1	L1MEf	antisense	10	400	4.3052	4.2411	2.3579	8.430e-03	25000	386	1.548e-02	1.913e-02
K562	TARDBP	L1	L1MC5	antisense	13	366	3.4651	6.3291	2.0540	8.478e-03	25000	386	1.548e-02	1.913e-02
K562	PTBP1	L1	L1ME3G	antisense	12	280	3.1329	5.7019	2.1046	3.124e-02	25000	394	1.580e-02	1.951e-02
K562	KHSRP	L1	L1MA5A	antisense	13	83	3.7419	5.5282	2.3516	7.062e-03	25000	399	1.600e-02	1.973e-02
K562	SAFB	L1	L1MEf	sense	6	108	23.3594	1.6081	3.7312	2.747e-05	25000	404	1.620e-02	1.995e-02
K562	MATR3	L1	L1M4a2	antisense	4	46	9.8030	0.7680	5.2086	4.232e-02	25000	408	1.636e-02	2.013e-02
K562	UPF1	Alu	AluY	antisense	18	285	3.4944	10.0698	1.7875	6.653e-04	25000	414	1.660e-02	2.040e-02
K562	KHDRBS1	L1	L1MD3	sense	4	72	13.3058	0.6730	5.9435	1.433e-02	25000	416	1.668e-02	2.047e-02
K562	HLTF	L1	L1MCb	sense	2	17	45.8194	0.1646	12.1509	4.619e-02	7005	117	1.684e-02	2.065e-02
K562	SLTM	L1	L1MD	sense	6	57	15.2890	1.7848	3.3618	3.225e-04	25000	421	1.688e-02	2.067e-02
K562	HLTF	L1	L1M2a	sense	2	4	343.6458	0.1221	16.3860	2.759e-03	7005	119	1.713e-02	2.095e-02
K562	KHSRP	L1	L1ME4a	sense	53	158	10.1704	38.3303	1.3827	4.382e-28	25000	430	1.724e-02	2.106e-02
K562	MATR3	L1	L1ME3A	antisense	11	336	3.4838	4.8560	2.2652	2.226e-02	25000	431	1.728e-02	2.108e-02
K562	PTBP1	L1	L1PA5	antisense	10	197	3.7416	4.5572	2.1943	2.429e-02	25000	434	1.740e-02	2.120e-02
K562	ZRANB2	L1	L1MA4A	antisense	5	286	7.1206	1.3282	3.7645	3.492e-02	2718	47	1.765e-02	2.149e-02
K562	TARDBP	L1	L1PB4	antisense	6	78	7.8409	1.8575	3.2302	8.956e-03	25000	446	1.788e-02	2.173e-02
K562	QKI	L1	L1M1	antisense	7	218	5.5703	2.4914	2.8097	1.686e-02	25000	448	1.796e-02	2.181e-02
K562	KHDRBS1	L1	L1ME3F	sense	4	33	31.1999	0.8475	4.7199	8.165e-04	25000	453	1.816e-02	2.202e-02
K562	SAFB2	L1	L1P2	sense	3	15	27.4013	0.5045	5.9467	1.457e-02	25000	457	1.832e-02	2.219e-02
K562	MATR3	Alu	AluY	antisense	11	285	4.1323	5.1952	2.1173	6.299e-03	25000	460	1.844e-02	2.231e-02
K562	NIPBL	L1	L1MD3	sense	4	72	11.1609	0.8364	4.7825	2.577e-02	6460	120	1.873e-02	2.263e-02
K562	PTBP1	L1	L1ME1	antisense	28	746	2.7286	17.7185	1.5803	2.856e-04	25000	475	1.904e-02	2.298e-02
K562	HNRNPM	L1	L1ME3B	antisense	10	239	3.7487	4.1628	2.4022	2.328e-02	25000	488	1.956e-02	2.358e-02
K562	SLTM	L1	L1ME2	sense	9	112	11.3554	3.1253	2.8797	1.739e-05	25000	504	2.020e-02	2.432e-02
K562	HLTF	L1	L1MC2	sense	4	69	21.1474	0.7242	5.5234	2.859e-03	7005	141	2.027e-02	2.436e-02
K562	SLTM	L1	L1MD2	sense	8	149	7.3734	2.9418	2.7194	1.261e-03	25000	506	2.028e-02	2.436e-02
K562	KHSRP	L1	L1MEb	antisense	6	23	7.1113	2.0504	2.9262	2.484e-02	25000	512	2.052e-02	2.462e-02
K562	KHDRBS1	Alu	AluSz6	sense	7	240	6.7957	2.6914	2.6008	5.640e-03	25000	513	2.056e-02	2.464e-02
K562	HNRNPL	L1	L1MD3	antisense	6	82	7.0088	1.7193	3.4898	1.520e-02	25000	523	2.096e-02	2.509e-02
K562	SAFB	Alu	AluSz6	sense	5	240	8.4491	1.5629	3.1992	1.791e-02	25000	538	2.156e-02	2.578e-02
K562	PTBP1	L1	L1MA9	antisense	11	215	3.7728	5.1398	2.1402	1.315e-02	25000	543	2.176e-02	2.599e-02
K562	HNRNPM	L1	L1MB3	antisense	15	431	3.0954	7.6594	1.9584	9.165e-03	25000	549	2.200e-02	2.625e-02
K562	KHDRBS1	Alu	AluJr	sense	13	709	4.2250	6.7027	1.9395	1.272e-03	25000	553	2.216e-02	2.641e-02
K562	TARDBP	L1	L1MA7	antisense	7	143	4.8429	2.6215	2.6702	3.605e-02	25000	554	2.220e-02	2.642e-02
K562	XRCC6	Alu	AluSq2	sense	7	233	4.9102	2.7818	2.5164	3.206e-02	25000	556	2.228e-02	2.649e-02
K562	KHSRP	L1	L1MA2	antisense	18	159	2.5722	9.3949	1.9159	2.513e-02	25000	561	2.248e-02	2.669e-02
K562	HNRNPK	L1	L1MD2	antisense	7	244	5.3348	2.5485	2.7467	2.099e-02	25000	570	2.284e-02	2.709e-02
K562	SAFB2	L1	L1PA6	sense	6	38	20.5510	2.0316	2.9534	8.016e-05	25000	573	2.296e-02	2.720e-02
K562	SAFB2	L1	L1M3b	sense	2	3	219.2105	0.1672	11.9617	1.176e-02	25000	582	2.332e-02	2.760e-02
K562	SLTM	Alu	AluJo	sense	17	580	3.9241	9.7120	1.7504	2.380e-04	25000	598	2.396e-02	2.832e-02
K562	ILF3	L1	L1MB8	antisense	10	346	3.6764	4.5489	2.1983	2.558e-02	25000	630	2.524e-02	2.980e-02
K562	SAFB2	L1	L1MD3	sense	5	72	8.1795	1.0512	4.7566	2.283e-02	25000	636	2.548e-02	3.005e-02
K562	KHDRBS1	L1	L1PA14	sense	3	12	75.3997	0.5284	5.6771	1.051e-03	25000	656	2.628e-02	3.096e-02
K562	ILF3	L1	L1MB8	sense	10	149	8.8869	4.6042	2.1719	3.141e-05	25000	659	2.640e-02	3.106e-02
K562	SAFB2	L1	L1ME3F	sense	5	33	19.5724	1.3652	3.6626	6.905e-04	25000	673	2.696e-02	3.168e-02
K562	ILF3	L1	L1MC4	antisense	14	612	2.8920	7.4111	1.8891	2.453e-02	25000	684	2.740e-02	3.216e-02
K562	DGCR8	Alu	AluSx	sense	5	408	7.6161	1.6627	3.0071	2.660e-02	4166	115	2.784e-02	3.264e-02
K562	SAFB	L1	L1ME5	sense	2	13	72.2017	0.2412	8.2932	2.186e-02	25000	696	2.788e-02	3.265e-02
K562	HNRNPM	L1	L1MA1	antisense	4	37	10.4056	0.8635	4.6324	3.605e-02	25000	697	2.792e-02	3.266e-02
K562	MATR3	L1	L1PB4	antisense	5	78	7.0501	1.4321	3.4913	4.067e-02	25000	725	2.904e-02	3.393e-02
K562	TARDBP	L1	L1M5	antisense	26	881	2.8613	17.0787	1.5224	2.606e-04	25000	748	2.996e-02	3.497e-02
K562	SAFB2	Alu	AluSq	sense	5	76	7.7187	1.7038	2.9346	2.859e-02	25000	755	3.024e-02	3.526e-02
K562	NIPBL	L1	L1M3f	sense	2	10	47.4339	0.2158	9.2683	4.967e-02	6460	199	3.095e-02	3.605e-02
K562	TARDBP	L1	L1MB8	antisense	13	346	3.6732	6.9732	1.8643	5.119e-03	25000	782	3.132e-02	3.643e-02
K562	SAFB2	L1	L1MC5a	sense	9	163	6.4055	4.0659	2.2135	1.180e-03	25000	784	3.140e-02	3.648e-02
K562	TARDBP	L1	L1MEd	antisense	14	477	2.8451	7.6580	1.8282	2.877e-02	25000	810	3.244e-02	3.765e-02
K562	KHDRBS1	Alu	AluSx1	sense	10	423	5.4770	4.9774	2.0091	1.347e-03	25000	828	3.316e-02	3.844e-02
K562	PTBP1	L1	L1MD3	antisense	6	82	5.5238	2.1057	2.8494	4.565e-02	25000	842	3.372e-02	3.905e-02
K562	YWHAG	L1	L1MEd	sense	4	167	14.6562	0.9985	4.0059	9.562e-03	4054	140	3.477e-02	4.022e-02
K562	KHSRP	L1	L1ME4c	sense	18	43	14.5071	11.2469	1.6004	3.319e-11	25000	888	3.556e-02	4.108e-02
K562	SLTM	L1	L1MEd	sense	10	167	8.2775	4.5771	2.1848	5.508e-05	25000	899	3.600e-02	4.155e-02
K562	TIA1	L1	L1MEf	antisense	19	400	2.8678	10.9141	1.7409	4.257e-03	792	28	3.657e-02	4.216e-02
K562	KHDRBS1	L1	L1MC4a	sense	5	67	18.2419	1.6814	2.9736	7.542e-04	25000	950	3.804e-02	4.380e-02
K562	QKI	Alu	AluSx	sense	13	408	5.5260	7.3467	1.7695	9.686e-05	25000	953	3.816e-02	4.384e-02
K562	UPF1	Alu	AluSz6	sense	17	240	3.9515	10.5366	1.6134	2.737e-04	25000	953	3.816e-02	4.384e-02
K562	HNRNPL	L1	L1ME4b	sense	11	117	9.2129	5.8514	1.8799	7.180e-06	25000	955	3.824e-02	4.388e-02
K562	KHDRBS1	Alu	AluJb	sense	17	1080	3.6175	10.3233	1.6468	5.853e-04	25000	972	3.892e-02	4.461e-02
K562	FAM120A	Alu	AluSz	sense	19	375	4.1273	12.0818	1.5726	4.049e-05	8480	336	3.974e-02	4.550e-02
K562	SLTM	L1	L1PA10	sense	5	47	15.4710	1.4899	3.3559	1.699e-03	25000	1007	4.032e-02	4.612e-02
K562	SAFB	L1	L1MA2	sense	3	29	45.8203	0.5689	5.2731	2.986e-03	25000	1025	4.104e-02	4.689e-02
K562	HNRNPA1	L1	L1MEd	sense	4	167	15.5396	1.1783	3.3946	7.888e-03	12891	531	4.127e-02	4.710e-02
K562	LIN28B	Alu	AluSc	sense	7	108	6.5120	3.1656	2.2112	7.936e-03	25000	1063	4.256e-02	4.851e-02
K562	HNRNPL	L1	L1MB7	sense	17	187	8.8778	10.0920	1.6845	5.757e-09	25000	1064	4.260e-02	4.851e-02
